execution_date,symbol,trade_weight,trade_value_rmb,forced_exit,adv20_rmb
2022-04-29,000009,-0.005199175796493441,-519917.5796493441,False,550644284.964867
2022-04-29,000049,0.00012833412940245568,12833.412940245567,False,176272833.08374462
2022-04-29,002050,-0.0004585095629657948,-45850.95629657948,False,314748336.45464027
2022-04-29,002074,-0.0010195394304141035,-101953.94304141036,False,635274151.0668755
2022-04-29,002126,0.00040768135341752616,40768.13534175262,False,74385651.82183051
2022-04-29,002240,0.012670899930559348,1267089.9930559348,False,1015486783.0452957
2022-04-29,002335,0.0007697265965405254,76972.65965405254,False,172773428.81613117
2022-04-29,002340,-0.004925115199430962,-492511.5199430962,False,531852154.5825418
2022-04-29,002407,0.004385579106897762,438557.9106897762,False,723923667.5490391
2022-04-29,002518,0.00074128037224019,74128.037224019,False,68813242.01913309
2022-04-29,002709,0.0058887499440861135,588874.9944086113,False,1205501817.4103343
2022-04-29,002759,0.0021073577159751587,210735.77159751588,False,270142755.30580014
2022-04-29,002812,0.0015150401137290354,151504.01137290354,False,1509070597.9299934
2022-04-29,002850,0.0017296322814547432,172963.22814547434,False,357041627.8736
2022-04-29,300001,0.0008275797230851787,82757.97230851787,False,187791107.82652983
2022-04-29,300014,-0.013834332536619101,-1383433.25366191,False,2339578899.875827
2022-04-29,300035,-0.0019438659165163727,-194386.59165163728,False,438664592.67576665
2022-04-29,300037,-0.00011411059003247487,-11411.059003247487,False,462923283.6400545
2022-04-29,300068,-5.8210649650110996e-05,-5821.0649650111,False,172684543.70488328
2022-04-29,300073,-0.001212364612197786,-121236.4612197786,False,497480335.8356823
2022-04-29,300116,-0.0006844823926442723,-68448.23926442723,False,130524898.30250001
2022-04-29,300207,-0.002034518508798922,-203451.8508798922,False,749527489.8813663
2022-04-29,300274,-0.006259869622083622,-625986.9622083622,False,2632814279.3659945
2022-04-29,300376,0.002103347090643878,210334.7090643878,False,156660961.9309841
2022-04-29,300409,-0.0004651846634025139,-46518.46634025139,False,178205624.79618645
2022-04-29,300438,-0.0003306478801915619,-33064.788019156185,False,520457015.7839447
2022-04-29,300450,0.0005467562344213112,54675.62344213112,False,631079830.7583895
2022-04-29,300457,0.0001834934751357084,18349.34751357084,False,276787544.62751216
2022-04-29,300568,-0.0018722376856654312,-187223.76856654312,False,597638070.1356581
2022-04-29,300712,1.560741985279007e-05,1560.741985279007,False,100759840.68195848
2022-04-29,300750,0.016698932137120454,1669893.2137120455,False,7391491305.593725
2022-04-29,300763,0.0008131924209475901,81319.242094759,False,432871756.35646975
2022-04-29,300769,0.0025571189745575845,255711.89745575844,False,785838638.3912399
2022-04-29,300919,-0.0005244382066857999,-52443.82066857999,False,187320500.84557247
2022-04-29,600110,-0.002188844874076345,-218884.48740763447,False,376139113.51048493
2022-04-29,600478,0.0007687356911794544,76873.56911794544,False,142999888.99219713
2022-04-29,600549,-0.0014256719900261495,-142567.19900261494,False,188287897.28614154
2022-04-29,600699,-0.0023659949933103486,-236599.49933103487,False,263452688.25485998
2022-04-29,600884,-0.001817340714462705,-181734.07144627048,False,746771027.5878062
2022-04-29,601311,0.0014796351326064648,147963.5132606465,False,142333981.12846124
2022-04-29,603026,-0.0001250033333807174,-12500.33333807174,False,572974884.6411308
2022-04-29,603063,0.0022583708590346533,225837.08590346534,False,225355030.52112645
2022-04-29,603659,-0.00392763794701197,-392763.794701197,False,664907931.6276505
2022-04-29,688005,-0.0033598547401521538,-335985.47401521535,False,721798737.3066199
2022-04-29,688006,-6.53100116325897e-05,-6531.00116325897,False,74960900.9284338
2022-04-29,688116,0.0021809622927280274,218096.22927280274,False,255565164.05901718
2022-04-29,688339,-0.0011666674913936243,-116666.74913936242,False,125826856.6595974
2022-04-29,688388,-0.0022872101928411662,-228721.01928411663,False,270212441.01820946
2022-04-29,688390,-0.0012971808883939593,-129718.08883939593,False,491820051.45983964
2022-05-31,000009,-0.002429110461132783,-242911.0461132783,False,917407356.7188265
2022-05-31,000049,-0.0003631032588355971,-36310.32588355971,False,308487497.7996845
2022-05-31,002050,0.004234315871277063,423431.5871277063,False,344862300.4139778
2022-05-31,002074,-0.005332510162081191,-533251.0162081191,False,1022014777.7857765
2022-05-31,002126,-0.00043819559224295927,-43819.559224295925,False,95045385.10814114
2022-05-31,002240,-0.00014269954901695303,-14269.954901695302,False,1451035808.2335362
2022-05-31,002335,-0.0003615697127903371,-36156.971279033714,False,251252076.89584404
2022-05-31,002340,0.0009763035795113673,97630.35795113673,False,565197126.7749643
2022-05-31,002407,-0.0019023888531984959,-190238.8853198496,False,1176837287.825061
2022-05-31,002518,-0.0015093824554791063,-150938.24554791063,False,287596290.82696354
2022-05-31,002709,0.004250972423364349,425097.2423364349,False,1440416032.018952
2022-05-31,002759,5.8165679002481624e-05,5816.567900248162,False,283501287.8017147
2022-05-31,002812,0.010282442842471623,1028244.2842471623,False,1238135670.9550552
2022-05-31,002850,-0.00045857123276342796,-45857.1232763428,False,299054558.57550657
2022-05-31,300001,-0.0007357479498271494,-73574.79498271494,False,281474057.0078454
2022-05-31,300014,-0.0011380237104682417,-113802.37104682416,False,2158639231.043628
2022-05-31,300035,0.0010702866497450843,107028.66497450843,False,494869564.72742
2022-05-31,300037,0.0004978608359690502,49786.08359690502,False,473414191.71668017
2022-05-31,300068,0.0018572306639540138,185723.06639540137,False,189883019.67008692
2022-05-31,300073,0.0018128191434980158,181281.91434980158,False,420233099.4715439
2022-05-31,300116,0.0005527406569791984,55274.06569791984,False,91528931.4
2022-05-31,300207,-0.0013585389875160267,-135853.89875160268,False,946008562.2198662
2022-05-31,300274,-0.008381472087478706,-838147.2087478705,False,2372888563.3094587
2022-05-31,300376,-0.0005017997615534876,-50179.97615534876,False,202976997.08826962
2022-05-31,300409,-0.0011008570890155642,-110085.70890155643,False,254463877.17376938
2022-05-31,300438,-0.0027962299740049816,-279622.99740049813,False,641279910.3105134
2022-05-31,300450,0.0022572930954093615,225729.30954093614,False,631497503.657477
2022-05-31,300457,-0.0004259443581717754,-42594.43581717754,False,194841744.004759
2022-05-31,300568,0.001633783083011004,163378.30830110042,False,504574127.50220317
2022-05-31,300712,-0.0005796150957255819,-57961.509572558185,False,180860561.45571128
2022-05-31,300750,0.005824456174154391,582445.6174154391,False,7953096746.071668
2022-05-31,300763,-8.035615179473321e-07,-80.35615179473321,False,452020633.7133049
2022-05-31,300769,-0.00181730372339858,-181730.372339858,False,742273109.2375686
2022-05-31,300919,-0.0010587204377600391,-105872.0437760039,False,273760057.56178206
2022-05-31,600110,0.0008770170904455581,87701.70904455581,False,441741374.1985399
2022-05-31,600478,0.0002669429722126507,26694.29722126507,False,90194376.97033985
2022-05-31,600549,-0.0011789584815626794,-117895.84815626794,False,396668208.14520884
2022-05-31,600699,7.439420854588562e-05,7439.420854588562,False,321881089.4706697
2022-05-31,600884,0.001904521348152416,190452.1348152416,False,664002760.1537503
2022-05-31,601311,-0.00035969486707996406,-35969.48670799641,False,118682233.85838695
2022-05-31,603026,0.0010035770042230788,100357.70042230788,False,569407652.3404171
2022-05-31,603063,-0.0015032950212816986,-150329.50212816987,False,195275559.22245368
2022-05-31,603659,0.002962790159665267,296279.0159665267,False,582316837.048584
2022-05-31,688005,-0.0005798696547365412,-57986.96547365413,False,620537567.1692178
2022-05-31,688006,-0.001913102339079869,-191310.2339079869,False,104529114.58598395
2022-05-31,688116,-0.003142020124996897,-314202.0124996897,False,251793197.32546347
2022-05-31,688339,0.002593397208696434,259339.7208696434,False,86082860.09626064
2022-05-31,688388,0.00033789410086786965,33789.410086786964,False,266811106.1966857
2022-05-31,688390,-0.003956734145326128,-395673.4145326128,False,512465565.6791962
2022-06-30,000009,0.0021208903772330246,212089.03772330246,False,1319969572.600314
2022-06-30,000049,0.00043307638357194776,43307.63835719477,False,479356563.9655474
2022-06-30,002050,-0.007804130120975163,-780413.0120975163,False,1315568370.4186056
2022-06-30,002074,0.0043240928656463375,432409.2865646338,False,1686593013.5006337
2022-06-30,002126,-0.0004264841587442846,-42648.415874428465,False,442256543.4073879
2022-06-30,002240,0.0032998109362142453,329981.0936214245,False,2366386810.1676455
2022-06-30,002335,0.00018253415556989446,18253.415556989446,False,512540060.8322047
2022-06-30,002340,0.0010697244384308205,106972.44384308204,False,1414369583.3207593
2022-06-30,002407,0.0010977609209955608,109776.09209955607,False,1959013248.6969364
2022-06-30,002518,-0.0002859331847224677,-28593.318472246774,False,553504927.5973883
2022-06-30,002709,-0.01707480186631028,-1707480.186631028,False,4580502385.768774
2022-06-30,002759,3.588999310922755e-05,3588.9993109227553,False,515540489.71557987
2022-06-30,002812,0.011742379372285186,1174237.9372285185,False,1568781433.6800606
2022-06-30,002850,0.0023801494722541974,238014.94722541975,False,451015926.239106
2022-06-30,300001,0.0018345059872846205,183450.59872846206,False,447556154.4402975
2022-06-30,300014,0.006892348732142631,689234.8732142631,False,3227605898.5317664
2022-06-30,300035,0.0005465879342545091,54658.79342545091,False,834965896.5861653
2022-06-30,300037,-0.001520474451121516,-152047.4451121516,False,1207070364.5112674
2022-06-30,300068,0.0014522073899206206,145220.73899206205,False,398094207.66355747
2022-06-30,300073,-0.0007583019761456845,-75830.19761456846,False,1064584201.9324318
2022-06-30,300116,0.0007898776069786089,78987.7606978609,False,134025544.15
2022-06-30,300207,0.00306137213046059,306137.213046059,False,1655875204.493874
2022-06-30,300274,0.00161352461271351,161352.461271351,False,3796225046.883147
2022-06-30,300376,0.0015751181661567935,157511.81661567936,False,312188428.1200198
2022-06-30,300409,0.001003384948324683,100338.4948324683,False,531938794.57462454
2022-06-30,300438,0.0002994434828651766,29944.34828651766,False,697811693.0431238
2022-06-30,300450,-0.0018498882829762683,-184988.82829762684,False,1053580493.9876173
2022-06-30,300457,-0.0005224319485153343,-52243.19485153343,False,296359054.02986205
2022-06-30,300568,0.0017565052111213932,175650.5211121393,False,754484473.6770108
2022-06-30,300712,-0.00034478000554473984,-34478.00055447398,False,353496064.31344736
2022-06-30,300750,-0.012771566351799254,-1277156.6351799255,False,10125975765.328619
2022-06-30,300763,-0.0010987786909858605,-109877.86909858604,False,960305455.564019
2022-06-30,300769,-0.0009139116824149161,-91391.16824149161,False,924679028.3575798
2022-06-30,300919,0.00022738098911261073,22738.098911261073,False,494510758.4219734
2022-06-30,600110,0.0001325027434110667,13250.27434110667,False,923143101.2236046
2022-06-30,600478,-0.0008426971436351826,-84269.71436351826,False,457834791.192705
2022-06-30,600549,0.0016812900225154272,168129.00225154273,False,520974676.4154248
2022-06-30,600699,0.00017522346568410625,17522.346568410627,False,657850867.1527512
2022-06-30,600884,-0.0006401568665532001,-64015.68665532001,False,1493958777.331511
2022-06-30,601311,0.000539525334195724,53952.53341957239,False,261917198.72030067
2022-06-30,603026,-0.002107789552471078,-210778.9552471078,False,1174384301.8443305
2022-06-30,603063,0.0009682200583130476,96822.00583130476,False,480487307.987281
2022-06-30,603659,-0.001421213430709313,-142121.3430709313,False,999718578.9980333
2022-06-30,688005,-0.002088398356157928,-208839.83561579278,False,1141155192.6694608
2022-06-30,688006,0.0007058750225294548,70587.50225294547,False,176752785.40701866
2022-06-30,688116,-0.0008683673572937069,-86836.73572937069,False,482618855.0735153
2022-06-30,688155,0.0014200306660886609,142003.0666088661,False,108497709.03073692
2022-06-30,688339,0.0007193553879080543,71935.53879080543,False,172758984.78000546
2022-06-30,688388,0.0007387952136825322,73879.52136825322,False,503030335.19146633
2022-06-30,688390,-0.001639507044005735,-163950.7044005735,False,602785674.024823
2022-07-29,000009,-0.0022822429437098536,-228224.29437098536,False,1032168031.8160086
2022-07-29,000049,0.00025230375805566224,25230.375805566226,False,555400990.8755556
2022-07-29,002050,-0.0047790532778895466,-477905.32778895466,False,1487673301.4309242
2022-07-29,002074,0.0037086371837427093,370863.71837427095,False,1602621386.3310332
2022-07-29,002126,-0.0027621859445264383,-276218.5944526438,False,470430788.87247753
2022-07-29,002240,0.0032762083960547264,327620.83960547263,False,2259547593.954697
2022-07-29,002335,-0.0018944392916745408,-189443.92916745407,False,968989795.3463186
2022-07-29,002340,-0.0025727512603619836,-257275.12603619834,False,1606479908.6327536
2022-07-29,002407,-0.0012518084640287912,-125180.84640287912,False,2485177153.837557
2022-07-29,002518,-0.0007180152688637297,-71801.52688637297,False,645725975.5468197
2022-07-29,002709,0.011821115180582306,1182111.5180582306,False,2880400473.784725
2022-07-29,002759,0.0006867832214116111,68678.32214116112,False,455461214.35098696
2022-07-29,002812,0.007012842462253824,701284.2462253824,False,1550623866.7100616
2022-07-29,002850,-9.729018502337324e-05,-9729.018502337323,False,499049835.1370918
2022-07-29,300001,-0.0006042555478279477,-60425.55478279477,False,537290055.4734094
2022-07-29,300014,0.004272900348233244,427290.0348233244,False,2946903846.5970917
2022-07-29,300035,-0.00032225326353244304,-32225.326353244305,False,624170093.8798218
2022-07-29,300037,0.0035758416512139714,357584.1651213971,False,940834390.9027694
2022-07-29,300068,-0.0031307173901577107,-313071.7390157711,False,1334429573.8929996
2022-07-29,300073,-0.0017801777706505685,-178017.77706505684,False,1572367872.2922204
2022-07-29,300116,9.87758476991181e-05,9877.58476991181,False,130993082.5
2022-07-29,300207,0.002900914917093593,290091.4917093593,False,1465028813.5937428
2022-07-29,300274,-0.025070391423231003,-2507039.1423231005,False,5469863280.070549
2022-07-29,300376,-0.0007019565835835236,-70195.65835835236,False,482572239.2857386
2022-07-29,300409,0.0006278100094445375,62781.00094445375,False,407971186.6252564
2022-07-29,300438,-0.0019866404751251975,-198664.04751251976,False,1173914835.7802186
2022-07-29,300450,0.004280647579874487,428064.7579874487,False,1048996749.4673764
2022-07-29,300457,0.0004930976089555306,49309.76089555306,False,316000226.7092767
2022-07-29,300568,-0.00028664251536125035,-28664.251536125033,False,885976615.9583257
2022-07-29,300712,-0.0005633425030930677,-56334.25030930677,False,556504592.1018391
2022-07-29,300750,0.003716847126830611,371684.7126830611,False,7441923794.378603
2022-07-29,300763,-0.0009320053803022234,-93200.53803022233,False,1113342006.3391259
2022-07-29,300769,0.0038341675194066144,383416.75194066146,False,993784248.6358345
2022-07-29,300919,3.9862617136122904e-05,3986.2617136122904,False,844212511.7784275
2022-07-29,600110,0.0008231838757176372,82318.38757176371,False,851438815.5671952
2022-07-29,600478,-2.9745743211037276e-05,-2974.5743211037275,False,643066250.4650755
2022-07-29,600549,-0.003462791627056332,-346279.1627056332,False,680778644.8914194
2022-07-29,600699,-0.005204040742121125,-520404.0742121125,False,1199848698.0432258
2022-07-29,600884,0.0009174135765906283,91741.35765906282,False,1350541856.2309241
2022-07-29,601311,-0.0004971977415752114,-49719.77415752114,False,304506238.93270963
2022-07-29,603026,-8.89567608486734e-05,-8895.67608486734,False,1059133941.3566215
2022-07-29,603063,0.00037857171523276133,37857.171523276134,False,482341199.9228016
2022-07-29,603659,0.006085934105201463,608593.4105201464,False,821034277.8943735
2022-07-29,688005,-0.00012392980321157196,-12392.980321157196,False,1056765132.3593044
2022-07-29,688006,-0.00017670538614872246,-17670.538614872246,False,141199528.92516786
2022-07-29,688116,0.0018516708858720091,185167.0885872009,False,417507319.05859566
2022-07-29,688155,-0.000231005079938692,-23100.5079938692,False,83072698.71858254
2022-07-29,688339,-0.0006522830775053893,-65228.30775053893,False,226813967.5689745
2022-07-29,688388,0.0007536221282215937,75362.21282215937,False,413310848.34709775
2022-07-29,688390,0.0006109223430549281,61092.234305492806,False,1044569644.0433136
2022-08-31,000009,-0.0037741794072802502,-377417.94072802505,False,2121480868.3540561
2022-08-31,000049,-0.0033521999574251627,-335219.9957425163,False,916576996.1331079
2022-08-31,002050,0.006689755313913234,668975.5313913234,False,1671553543.5173898
2022-08-31,002074,-0.00455859210789674,-455859.210789674,False,1353093076.2656264
2022-08-31,002126,-0.004355722174877464,-435572.21748774644,True,470430788.87247753
2022-08-31,002240,-0.03736353748824978,-3736353.7488249782,True,2259547593.954697
2022-08-31,002335,-0.0011720702185475758,-117207.02185475758,False,840982429.3887712
2022-08-31,002340,0.00014232780265900635,14232.780265900636,False,916270533.8255253
2022-08-31,002407,0.007372946627680663,737294.6627680663,False,1304856460.4482846
2022-08-31,002518,0.00018560542288347578,18560.542288347577,False,815408879.7469505
2022-08-31,002709,0.011469415490184112,1146941.5490184112,False,2138012864.831452
2022-08-31,002759,-0.0006496352968957371,-64963.52968957371,False,197995162.67432147
2022-08-31,002812,0.00643990769482268,643990.769482268,False,1276481000.4724631
2022-08-31,002850,0.0018895217027620984,188952.17027620983,False,471686772.6940964
2022-08-31,300001,-0.0015268345087460708,-152683.45087460708,False,371436861.09902155
2022-08-31,300014,-0.022853743247696283,-2285374.3247696282,False,3059568404.92191
2022-08-31,300035,0.0009551329003118199,95513.290031182,False,583194604.1640701
2022-08-31,300037,-0.0037731869882694814,-377318.6988269481,False,837876926.9489911
2022-08-31,300068,-0.0013755241836106505,-137552.41836106504,False,2336624355.750359
2022-08-31,300073,0.004120279442727227,412027.94427272276,False,885117523.9794365
2022-08-31,300116,-0.004338699715884744,-433869.97158847447,True,130993082.5
2022-08-31,300207,-0.00968037520667402,-968037.520667402,False,1300592825.3657265
2022-08-31,300274,-0.021701105574867034,-2170110.5574867036,False,4173285756.7423487
2022-08-31,300376,-0.0015922530786748523,-159225.30786748521,False,427771958.8441125
2022-08-31,300390,0.033591074728056135,3359107.4728056137,False,1435811169.709676
2022-08-31,300409,0.0005789562463602337,57895.62463602337,False,313778625.8986616
2022-08-31,300438,0.002036922263787745,203692.2263787745,False,945613985.67995
2022-08-31,300450,-0.007429764151592015,-742976.4151592015,False,749485249.9163377
2022-08-31,300457,-0.00013601261213301227,-13601.261213301228,False,328012659.8845131
2022-08-31,300568,0.007187353488388119,718735.3488388119,False,838219522.867243
2022-08-31,300712,-0.00306796755426079,-306796.755426079,True,556504592.1018391
2022-08-31,300750,0.0004496728410697398,44967.28410697398,False,7115401083.365538
2022-08-31,300763,0.004027287826026599,402728.7826026599,False,906412683.2001327
2022-08-31,300769,0.014448143057694051,1444814.305769405,False,1113272541.0598083
2022-08-31,300827,0.0028447069499732045,284470.6949973205,False,933009707.5375313
2022-08-31,300919,0.007487974494108762,748797.4494108763,False,415793700.59141463
2022-08-31,300953,0.003473440289184822,347344.0289184822,False,154590236.9434496
2022-08-31,600110,-0.002422258859377203,-242225.8859377203,False,686698043.9365604
2022-08-31,600478,-0.006996646145140184,-699664.6145140184,True,643066250.4650755
2022-08-31,600549,-0.00014384890117640978,-14384.890117640978,False,706987870.493444
2022-08-31,600699,0.0003256127643733349,32561.27643733349,False,811455785.8915067
2022-08-31,600884,-0.0008637879099136943,-86378.79099136943,False,899937597.4244083
2022-08-31,601311,-0.002460227747726842,-246022.7747726842,False,390168086.20030904
2022-08-31,603026,-0.003176683504181363,-317668.3504181363,False,421490632.5626095
2022-08-31,603063,-0.0008848946083315455,-88489.46083315455,False,577810403.0901253
2022-08-31,603659,0.0042027183894919225,420271.83894919226,False,653103743.142039
2022-08-31,603906,0.00586619175412011,586619.175412011,False,301697722.1592436
2022-08-31,688005,0.004432331431616979,443233.14316169795,False,1066487065.7133598
2022-08-31,688006,-0.000877159786827412,-87715.9786827412,False,165591878.95865154
2022-08-31,688063,0.017671233802708713,1767123.3802708713,False,1206000387.5304246
2022-08-31,688116,0.0035637581105114925,356375.81105114927,False,573778538.8378487
2022-08-31,688155,-0.0010210034085959949,-102100.34085959948,True,83072698.71858254
2022-08-31,688339,-0.0034057910132367294,-340579.1013236729,False,240003061.61153316
2022-08-31,688388,0.00012210989168788284,12210.989168788285,False,360691709.7988373
2022-08-31,688390,0.0001291677300839754,12916.773008397538,False,842062120.183876
2022-08-31,688819,0.002754920001133092,275492.0001133092,False,306086655.78093493
2022-09-30,000009,0.0033901724481409483,339017.24481409485,False,669882470.4262905
2022-09-30,000049,0.0008599470120551683,85994.70120551683,False,525866618.1721031
2022-09-30,002050,-0.004282217056013397,-428221.7056013397,False,1196954945.275805
2022-09-30,002074,3.562965497236337e-05,3562.965497236337,False,665953512.2749132
2022-09-30,002335,-0.002558037012250761,-255803.7012250761,False,653732154.3626564
2022-09-30,002340,0.000232469565267842,23246.956526784197,False,381878219.2757989
2022-09-30,002407,0.00041935732041952986,41935.732041952986,False,741973056.4711801
2022-09-30,002518,-0.0010469077865593122,-104690.77865593122,False,941674134.8501265
2022-09-30,002709,-0.0010369216237098647,-103692.16237098647,False,1173933959.4897194
2022-09-30,002759,0.00036557164256238815,36557.164256238815,False,88508900.06966457
2022-09-30,002812,-0.0030505996380807004,-305059.96380807005,False,947047971.0607399
2022-09-30,002850,-0.00035880484568938387,-35880.48456893839,False,388879996.4548176
2022-09-30,300001,0.0004879360537657987,48793.60537657987,False,141354627.95811206
2022-09-30,300014,0.001390233763317518,139023.3763317518,False,2307652102.366913
2022-09-30,300035,0.0007664424136870126,76644.24136870126,False,330592249.83987
2022-09-30,300037,-0.0012814144735317293,-128141.44735317293,False,401040172.51559067
2022-09-30,300068,0.0007157412167191433,71574.12167191433,False,1804953665.2384903
2022-09-30,300073,0.0003912121777393772,39121.21777393772,False,562128046.3014759
2022-09-30,300207,0.0026372270131934106,263722.7013193411,False,576606213.9342835
2022-09-30,300274,-0.008574871570353748,-857487.1570353748,False,2982155150.4775352
2022-09-30,300376,0.0008174093496335242,81740.93496335243,False,118842605.35163268
2022-09-30,300390,0.0034021364130255305,340213.64130255306,False,946084012.457195
2022-09-30,300409,6.767190963339383e-05,6767.190963339383,False,198496555.71135122
2022-09-30,300438,-0.00040811861628569507,-40811.86162856951,False,1039434880.0898857
2022-09-30,300450,0.003414188304629681,341418.8304629681,False,489680644.05049074
2022-09-30,300457,0.00020161009189645016,20161.009189645014,False,184513591.4785878
2022-09-30,300568,-0.0014095865755889142,-140958.65755889143,False,525165107.8341206
2022-09-30,300750,0.0025254794292560445,252547.94292560444,False,6708974186.262679
2022-09-30,300763,-0.0011583161863049606,-115831.61863049606,False,1035066566.8356025
2022-09-30,300769,-0.0003747791276727114,-37477.91276727114,False,626518414.4764137
2022-09-30,300827,0.000262271721874284,26227.172187428398,False,462311226.59757805
2022-09-30,300919,-0.0003947648728341753,-39476.48728341753,False,263234795.35524654
2022-09-30,300953,-0.00014737852574874585,-14737.852574874585,False,116882152.33809528
2022-09-30,600110,0.0001148346645906545,11483.46645906545,False,173433987.78119707
2022-09-30,600549,-4.3598282679154984e-05,-4359.828267915498,False,411421060.1591743
2022-09-30,600699,0.0005812543548744066,58125.435487440656,False,329505227.04566514
2022-09-30,600884,0.0009298668106952485,92986.68106952484,False,445806322.95506793
2022-09-30,601311,0.0008101361879572395,81013.61879572396,False,171438544.30623335
2022-09-30,603026,-0.0011661037793573008,-116610.37793573008,False,269437573.8748535
2022-09-30,603063,0.0009742500705770783,97425.00705770783,False,224303778.66054162
2022-09-30,603659,-0.00032904065699287943,-32904.065699287945,False,433698832.78602636
2022-09-30,603906,7.82641084196992e-05,7826.41084196992,False,245842773.0218131
2022-09-30,688005,0.0024120676271648118,241206.76271648117,False,608355912.0915884
2022-09-30,688006,0.0008775624905163924,87756.24905163924,False,116544003.14455089
2022-09-30,688063,-0.0014527175405267302,-145271.75405267303,False,1141023414.5009384
2022-09-30,688116,-0.0010579188105807637,-105791.88105807637,False,292827755.514513
2022-09-30,688339,0.00048042899018637753,48042.899018637756,False,102810516.70948295
2022-09-30,688388,0.0005338879666220873,53388.79666220873,False,168607997.36547127
2022-09-30,688390,-0.0004187712798228282,-41877.127982282815,False,978747144.1942596
2022-09-30,688819,0.000286929926954099,28692.9926954099,False,106273633.62766437
2022-10-31,000009,-0.0014452077152840755,-144520.77152840755,False,830152922.501241
2022-10-31,000049,-0.0018016596571914277,-180165.96571914278,False,667033399.693696
2022-10-31,002050,0.003131118531974234,313111.8531974234,False,1239478145.5338426
2022-10-31,002074,0.0006298912276179285,62989.122761792845,False,832688077.2999384
2022-10-31,002335,-0.0005006529465363743,-50065.29465363743,False,915147718.1555923
2022-10-31,002340,0.0005016877371925507,50168.77371925507,False,378769617.4837183
2022-10-31,002407,0.0001482082174634851,14820.821746348509,False,763510013.2331972
2022-10-31,002518,-0.0008375058445985609,-83750.5844598561,False,1099527824.103281
2022-10-31,002709,-0.003051473813561731,-305147.3813561731,False,1275761280.1350393
2022-10-31,002759,-0.0005172570384394523,-51725.70384394523,False,99891057.62296286
2022-10-31,002812,0.010213235003202911,1021323.5003202911,False,1075065641.3001046
2022-10-31,002850,-0.001443682589654294,-144368.2589654294,False,486525554.8500389
2022-10-31,300001,-0.0012008929343324277,-120089.29343324277,False,144265817.00760418
2022-10-31,300014,-0.0012152678595725303,-121526.78595725303,False,2075643547.9517999
2022-10-31,300035,0.0012114489399419458,121144.89399419459,False,260675821.4518218
2022-10-31,300037,0.0011202649513499426,112026.49513499426,False,392171452.80127734
2022-10-31,300068,-0.00010457510211006084,-10457.510211006083,False,1879751865.964662
2022-10-31,300073,0.0019818313746768797,198183.13746768798,False,837751203.4456993
2022-10-31,300207,-0.0019592117856267605,-195921.17856267604,False,493084452.97471267
2022-10-31,300274,-0.009630388943397572,-963038.8943397572,False,3078748991.2794514
2022-10-31,300376,-0.0012869649095761599,-128696.49095761598,False,131132730.3570888
2022-10-31,300390,0.002179544767281223,217954.47672812233,False,695461474.5992241
2022-10-31,300409,-4.6474684491893195e-05,-4647.4684491893195,False,237362585.09744444
2022-10-31,300438,0.0025331221291200155,253312.21291200156,False,1064996131.860598
2022-10-31,300450,-0.003923598506808783,-392359.85068087827,False,509263345.60752183
2022-10-31,300457,0.00032448649209542487,32448.649209542487,False,235156222.4772256
2022-10-31,300568,0.003098626405574432,309862.6405574432,False,629122975.0440843
2022-10-31,300750,0.001810874438993651,181087.44389936508,False,5643786420.296159
2022-10-31,300763,0.003166768967146974,316676.8967146974,False,1184356567.0360131
2022-10-31,300769,0.0005484979502252338,54849.79502252338,False,594348310.2370278
2022-10-31,300827,-0.0014367690880977093,-143676.90880977092,False,597852637.8588886
2022-10-31,300919,0.001844453627292058,184445.3627292058,False,325453109.9663912
2022-10-31,300953,4.263037977005231e-05,4263.037977005231,False,107854954.29889736
2022-10-31,600110,-0.009981208308067358,-998120.8308067358,True,173433987.78119707
2022-10-31,600549,0.0010459423167962258,104594.23167962258,False,437871953.4523161
2022-10-31,600699,-2.4337030942496105e-05,-2433.7030942496103,False,585282735.4161953
2022-10-31,600884,0.0005104720541009924,51047.20541009925,False,573230802.4574026
2022-10-31,601311,-0.00041239798378394244,-41239.79837839425,False,131438349.39830069
2022-10-31,603026,-0.00027029428431980806,-27029.428431980807,False,270043178.6187393
2022-10-31,603063,-0.0018880441521899518,-188804.4152189952,False,250089308.78511268
2022-10-31,603659,0.002198380611322659,219838.0611322659,False,598461339.0333732
2022-10-31,603906,-0.00038685461120287895,-38685.461120287895,False,122116699.62003879
2022-10-31,688005,0.00045965297120521484,45965.297120521485,False,794121628.1052496
2022-10-31,688006,-0.00029527315310101665,-29527.315310101665,False,98207739.91211167
2022-10-31,688063,0.004749299224965189,474929.92249651894,False,1241933973.431012
2022-10-31,688116,0.004225650187394164,422565.0187394164,False,275482283.4729435
2022-10-31,688339,0.00020960924145138962,20960.92414513896,False,76213970.28559265
2022-10-31,688388,-0.0004767579701430774,-47675.79701430774,False,207675185.59588832
2022-10-31,688390,-0.002884200404106049,-288420.0404106049,False,889185069.7428497
2022-10-31,688819,-0.001008996856147507,-100899.68561475069,False,141815708.9919489
2022-11-30,000009,-0.0009256599498050702,-92565.99498050702,False,742281922.2819405
2022-11-30,000049,0.00028866365420222775,28866.365420222774,False,590507075.1973972
2022-11-30,002050,-0.001414617452819289,-141461.7452819289,False,682080286.3758817
2022-11-30,002074,-0.002993876684895508,-299387.66848955076,False,761002788.5412272
2022-11-30,002335,-0.0007878606638904015,-78786.06638904015,False,711174766.3423084
2022-11-30,002340,2.96620139119165e-05,2966.20139119165,False,504788772.13872033
2022-11-30,002407,-0.006793085874799012,-679308.5874799012,False,757118450.2772423
2022-11-30,002518,3.04741528272404e-05,3047.41528272404,False,849833140.8590494
2022-11-30,002709,0.0002585072801179339,25850.728011793388,False,1196990391.593557
2022-11-30,002759,-0.00016245499478759282,-16245.499478759282,False,107786890.36263962
2022-11-30,002812,0.006572215040030541,657221.5040030541,False,1413640442.2730186
2022-11-30,002850,-0.001134400617321004,-113440.06173210041,False,416934192.43140525
2022-11-30,300001,-0.0007785107442622851,-77851.07442622852,False,165693951.03003135
2022-11-30,300014,0.0007319255858069945,73192.55858069945,False,1807608374.9717433
2022-11-30,300035,-0.00048689809457313875,-48689.80945731387,False,217833102.98064613
2022-11-30,300037,-0.0009763464875938363,-97634.64875938364,False,307114947.3583639
2022-11-30,300068,-0.0012079460452145419,-120794.60452145418,False,971324140.6618145
2022-11-30,300073,-0.00107032257938873,-107032.257938873,False,887537049.3190283
2022-11-30,300207,-0.0017376624133847475,-173766.24133847476,False,631620516.1778264
2022-11-30,300274,0.009120617786784323,912061.7786784322,False,2794823916.0194483
2022-11-30,300376,-0.0011073233420005862,-110732.33420005861,False,197795728.6597566
2022-11-30,300390,0.0036358912922366746,363589.12922366743,False,637350772.9501015
2022-11-30,300409,-0.0012007391728081768,-120073.91728081768,False,214574876.09415483
2022-11-30,300438,-0.003779480287379903,-377948.0287379903,False,1046954877.357096
2022-11-30,300450,0.006575072697613628,657507.2697613628,False,517155559.4440939
2022-11-30,300457,-0.00011770354019765249,-11770.35401976525,False,185253671.43473148
2022-11-30,300568,-0.004947097306529338,-494709.73065293377,False,728771603.0323775
2022-11-30,300750,0.0005197234697069258,51972.34697069258,False,5143378127.227699
2022-11-30,300763,-0.003878244064603898,-387824.4064603898,False,864948497.153463
2022-11-30,300769,0.002792415887424727,279241.5887424727,False,670549960.2509034
2022-11-30,300827,0.000546093717635773,54609.37176357729,False,454614008.313921
2022-11-30,300919,-0.0011200509675559703,-112005.09675559703,False,568164090.5228593
2022-11-30,300953,-0.00022863986733955097,-22863.9867339551,False,78117398.96355304
2022-11-30,600110,0.009447417498464469,944741.7498464469,False,293567751.42454493
2022-11-30,600549,-0.00034632750220350665,-34632.75022035067,False,361838176.71301997
2022-11-30,600699,0.0011166958220959512,111669.58220959512,False,388471246.21435744
2022-11-30,600884,-0.0011544360532898049,-115443.60532898048,False,495781951.40233004
2022-11-30,601311,-7.259693184060237e-05,-7259.6931840602365,False,128399149.20076242
2022-11-30,603026,3.987851564465038e-05,3987.851564465038,False,287619643.64878845
2022-11-30,603063,-0.0003246909687255016,-32469.09687255016,False,253291373.29558697
2022-11-30,603659,-0.003927514824408833,-392751.4824408833,False,500600096.0067419
2022-11-30,603906,0.0009855011906311478,98550.11906311478,False,152364994.67096233
2022-11-30,688005,0.0001901738885759681,19017.38885759681,False,662233379.0551603
2022-11-30,688006,0.0003031238763430205,30312.38763430205,False,110090401.38126126
2022-11-30,688063,-0.0025952810679816807,-259528.10679816807,False,1143031069.7686667
2022-11-30,688116,-0.00017549533566045203,-17549.533566045204,False,226551378.2647667
2022-11-30,688339,-8.05177850043328e-05,-8051.778500433281,False,100330682.1820486
2022-11-30,688388,8.655215872436454e-05,8655.215872436454,False,198552246.80602187
2022-11-30,688390,0.0014827502682615932,148275.02682615933,False,780009971.6507553
2022-11-30,688819,0.0006375160940453577,63751.609404535775,False,115842165.04117279
2022-12-30,000009,0.002199463087042535,219946.30870425352,False,490299883.6876829
2022-12-30,000049,0.0005066686310403199,50666.86310403199,False,252972524.72159845
2022-12-30,002050,0.001718929913889087,171892.9913889087,False,493852891.0635913
2022-12-30,002074,0.0019661001028587546,196610.01028587547,False,521812217.9009636
2022-12-30,002335,-0.0002713976387955534,-27139.76387955534,False,720060977.3147637
2022-12-30,002340,0.0028006293113498754,280062.93113498756,False,423125693.8756676
2022-12-30,002407,0.004388146210769602,438814.62107696023,False,675853589.6491077
2022-12-30,002518,-0.0008043685605898078,-80436.85605898079,False,720731915.0062844
2022-12-30,002709,-0.002284732902895645,-228473.29028956447,False,1406795785.0708814
2022-12-30,002759,0.0004473806208057109,44738.06208057109,False,103704014.49159841
2022-12-30,002812,-0.011286969255657031,-1128696.925565703,False,984004202.5325416
2022-12-30,002850,-0.0029522180969552957,-295221.8096955296,False,509929114.2607624
2022-12-30,300001,0.00048796139157220204,48796.139157220205,False,148376232.83649355
2022-12-30,300014,-0.007306378411798077,-730637.8411798077,False,1403757645.8656578
2022-12-30,300035,-0.00022699928043703674,-22699.928043703672,False,259319433.39716968
2022-12-30,300037,-0.0025539221705421222,-255392.21705421223,False,335852553.54587287
2022-12-30,300068,0.00010962384386177006,10962.384386177006,False,999388020.8822925
2022-12-30,300073,0.0006037534047175219,60375.34047175219,False,716881186.7067001
2022-12-30,300207,0.0028964120762800735,289641.20762800734,False,450583781.1830834
2022-12-30,300274,-0.0022190878573219303,-221908.78573219304,False,2800082676.7943974
2022-12-30,300376,0.0009014987871908998,90149.87871908999,False,137061160.8161667
2022-12-30,300390,0.0028937774602612737,289377.74602612737,False,522636027.39142245
2022-12-30,300409,0.0004271594668270873,42715.94668270873,False,194314862.49770793
2022-12-30,300438,-0.00032143300057735705,-32143.300057735705,False,1045288778.8193791
2022-12-30,300450,-4.2492735526096503e-05,-4249.27355260965,False,661827297.4339144
2022-12-30,300457,0.0007116620274159133,71166.20274159133,False,136856982.23758402
2022-12-30,300568,0.003147011999411309,314701.1999411309,False,559017395.2496157
2022-12-30,300750,-0.0062644673551976865,-626446.7355197687,False,4491623224.848184
2022-12-30,300763,0.0022709757138292333,227097.57138292334,False,677425831.7331321
2022-12-30,300769,-0.004549743439567978,-454974.3439567978,False,634674690.1889778
2022-12-30,300827,-0.000512270498107249,-51227.0498107249,False,412245064.1696968
2022-12-30,300919,0.0012364762422218453,123647.62422218453,False,366464482.48328763
2022-12-30,300953,5.1928446150336423e-05,5192.844615033642,False,94548515.00261497
2022-12-30,600110,0.0010591860679766054,105918.60679766054,False,156473126.1169537
2022-12-30,600549,0.0014087929383194923,140879.29383194924,False,255304468.29201135
2022-12-30,600699,0.0006486299422621203,64862.99422621203,False,202549164.56601864
2022-12-30,600884,0.0004819977491890316,48199.77491890316,False,480475747.15250283
2022-12-30,601311,0.0004273274825222738,42732.74825222738,False,83990225.33162002
2022-12-30,603026,0.0007898435020802629,78984.3502080263,False,174651373.21515197
2022-12-30,603063,-0.00011307220461400161,-11307.22046140016,False,192227369.79158944
2022-12-30,603659,0.0017722514541063453,177225.14541063452,False,418820462.19661635
2022-12-30,603906,0.000980980736481605,98098.07364816051,False,165146418.54149675
2022-12-30,688005,0.0012325463660971606,123254.63660971605,False,356890231.23404443
2022-12-30,688006,-8.689143326365625e-05,-8689.143326365625,False,84235779.53798552
2022-12-30,688063,-8.915602972568368e-05,-8915.602972568367,False,897871720.940944
2022-12-30,688116,0.002272722409482876,227272.2409482876,False,320980255.6373955
2022-12-30,688339,0.00014325147752354897,14325.147752354897,False,75430227.28226623
2022-12-30,688388,0.0007825776461539693,78257.76461539693,False,181968525.99966353
2022-12-30,688390,0.00010600852878958102,10600.852878958101,False,552628127.5375984
2022-12-30,688819,-0.00010899024199916962,-10899.024199916961,False,79249879.19933835
2023-01-31,000009,0.002729990765912651,272999.0765912651,False,266250299.49595228
2023-01-31,000049,-0.00017765024645504876,-17765.024645504876,False,353744870.47757626
2023-01-31,002050,-0.0023391533390737726,-233915.33390737727,False,791081343.9609528
2023-01-31,002074,0.0005300650362817967,53006.50362817967,False,516629349.3672701
2023-01-31,002335,0.0006832128264171343,68321.28264171342,False,721686922.2922214
2023-01-31,002340,0.0005457229689181595,54572.296891815946,False,321998899.8664652
2023-01-31,002407,-0.00037501233389304264,-37501.23338930427,False,484475343.15989846
2023-01-31,002518,0.0010696896448460936,106968.96448460936,False,781296230.1502116
2023-01-31,002709,0.004594926752855569,459492.6752855569,False,1462302599.3942065
2023-01-31,002759,0.00010325598107743025,10325.598107743024,False,75728962.86192675
2023-01-31,002812,-0.005452840787506297,-545284.0787506297,False,1398325522.0998466
2023-01-31,002850,-0.00018892155054033022,-18892.15505403302,False,345074944.9880657
2023-01-31,300001,0.0004719347622277291,47193.47622277291,False,114797219.96266814
2023-01-31,300014,0.00827291769662064,827291.769662064,False,1958948316.225399
2023-01-31,300035,0.0014919030805296855,149190.30805296855,False,314468389.41835785
2023-01-31,300037,0.00031823716533882496,31823.716533882496,False,510093411.7613443
2023-01-31,300068,0.00015892534919898123,15892.534919898122,False,852306371.3820431
2023-01-31,300073,-0.002445067522681723,-244506.7522681723,False,896263025.622764
2023-01-31,300207,-3.336182022597306e-05,-3336.182022597306,False,520231515.4610251
2023-01-31,300274,-0.0028686027359641833,-286860.2735964183,False,2678681681.3961
2023-01-31,300376,0.0003345670789946806,33456.70789946806,False,115952458.42993638
2023-01-31,300390,-0.0008019461421250942,-80194.61421250942,False,674650585.7051214
2023-01-31,300409,0.0003682111519761758,36821.11519761758,False,114775990.09860635
2023-01-31,300438,0.000931037785181622,93103.7785181622,False,988202589.3726101
2023-01-31,300450,-0.0020140083171671028,-201400.83171671027,False,922891383.5388292
2023-01-31,300457,-0.00010895354620279237,-10895.354620279237,False,160212630.6757346
2023-01-31,300568,0.0002910029253923481,29100.292539234808,False,520427271.4533199
2023-01-31,300750,-0.004405816158310774,-440581.6158310774,False,5883559757.6089115
2023-01-31,300763,0.002076417482967906,207641.74829679058,False,764926159.2894089
2023-01-31,300769,-0.0011978872753549107,-119788.72753549107,False,889678965.4105752
2023-01-31,300827,-0.00017296364391475262,-17296.36439147526,False,559816759.1196973
2023-01-31,300919,-0.0014304365463592948,-143043.65463592947,False,448298071.5995876
2023-01-31,300953,0.00010363255638208817,10363.255638208817,False,105367047.64158154
2023-01-31,600110,0.0003428092098954408,34280.92098954408,False,116759348.77378893
2023-01-31,600549,-0.0007356207175087132,-73562.07175087133,False,288986330.11373806
2023-01-31,600699,-0.00018292628911419084,-18292.628911419084,False,240743916.49016833
2023-01-31,600884,0.0006851308694019662,68513.08694019662,False,428039276.4880767
2023-01-31,601311,6.607097220148912e-05,6607.097220148912,False,65040380.63975139
2023-01-31,603026,-8.275760755622683e-05,-8275.760755622683,False,146996692.4437992
2023-01-31,603063,0.0001525159174291385,15251.59174291385,False,207147291.06066552
2023-01-31,603659,0.0034968512840755847,349685.1284075585,False,536145284.2418188
2023-01-31,603906,6.582344899590167e-05,6582.344899590166,False,156057429.94633237
2023-01-31,688005,-0.0017679526345377571,-176795.26345377573,False,431090668.10624695
2023-01-31,688006,-0.00029008717567868044,-29008.717567868043,False,100141441.85861854
2023-01-31,688063,-8.915085180704815e-05,-8915.085180704815,False,1070751971.4780426
2023-01-31,688116,-0.0011533503820480712,-115335.03820480712,False,287093907.93686926
2023-01-31,688339,-0.00010113204094452845,-10113.204094452845,False,87174300.23062535
2023-01-31,688388,0.00019188656528981284,19188.656528981282,False,127308868.48409691
2023-01-31,688390,-0.0018718620854058753,-187186.2085405875,False,666556425.5879028
2023-01-31,688819,0.0001246611648163332,12466.116481633318,False,67728444.70067692
2023-02-28,000009,-0.004199055956194412,-419905.5956194412,False,387277780.9648609
2023-02-28,000049,-0.00011756305071573825,-11756.305071573825,False,427828524.74258155
2023-02-28,002050,-0.0030808613035807446,-308086.13035807444,False,788782442.8198907
2023-02-28,002074,0.0014819487169201312,148194.8716920131,False,504800224.74395645
2023-02-28,002335,0.00030554631065980546,30554.631065980546,False,625344707.1992532
2023-02-28,002340,-0.0024837197901094697,-248371.97901094696,False,379202456.9029976
2023-02-28,002407,-0.0024215481435031112,-242154.81435031112,False,690071065.9197302
2023-02-28,002518,0.0006042617757059917,60426.17757059917,False,617534583.3121147
2023-02-28,002709,-0.0013224748926153398,-132247.48926153398,False,977601945.8321205
2023-02-28,002759,-0.0012004367786668376,-120043.67786668376,False,209936264.09266168
2023-02-28,002812,0.007791978194926885,779197.8194926885,False,1088842923.7953079
2023-02-28,002850,0.0017827990377315868,178279.90377315867,False,364878080.60138816
2023-02-28,300001,-0.0017776450703600247,-177764.50703600247,False,325510784.614663
2023-02-28,300014,0.00425164799751257,425164.799751257,False,1669585331.7486358
2023-02-28,300035,-0.0014910899752660512,-149108.99752660512,False,397508928.67614573
2023-02-28,300037,0.0008463539972331686,84635.39972331686,False,309500099.78096944
2023-02-28,300068,-0.0021921495036630566,-219214.95036630565,False,1014212849.4660305
2023-02-28,300073,0.001339657646101864,133965.7646101864,False,658581901.8965772
2023-02-28,300207,8.039099938353389e-05,8039.099938353389,False,443563268.55906165
2023-02-28,300274,0.0021375395453684318,213753.95453684317,False,2033969628.9930768
2023-02-28,300376,-0.0013610887208161792,-136108.8720816179,False,186380250.25768068
2023-02-28,300390,0.0004740348937577951,47403.489375779514,False,483443451.0018219
2023-02-28,300409,-0.0006561536814678063,-65615.36814678063,False,205402102.86452836
2023-02-28,300438,0.0007291976202484212,72919.76202484212,False,859714284.453907
2023-02-28,300450,-0.0017276095924753862,-172760.95924753862,False,687338295.4073414
2023-02-28,300457,-0.0009132736761334748,-91327.36761334748,False,228407442.92768985
2023-02-28,300568,0.001062808414972919,106280.8414972919,False,544526213.106342
2023-02-28,300750,0.003821625221050992,382162.5221050992,False,5035046495.031206
2023-02-28,300763,-0.0016143858441663161,-161438.5844166316,False,749386559.9257644
2023-02-28,300769,0.0009255993135564196,92559.93135564197,False,581528868.1111672
2023-02-28,300827,8.740971516823289e-05,8740.971516823289,False,567801928.4550403
2023-02-28,300919,0.0012339804079338906,123398.04079338907,False,313382451.54837495
2023-02-28,300953,-6.852124143394509e-05,-6852.124143394509,False,98627096.02010994
2023-02-28,600110,-0.0007864958346276117,-78649.58346276118,False,157092306.99778208
2023-02-28,600549,-0.0019991127141379666,-199911.27141379667,False,695932370.4544158
2023-02-28,600699,-0.0005115900722560043,-51159.00722560043,False,282543269.46539235
2023-02-28,600884,-0.0001857549479612232,-18575.49479612232,False,543549669.0913136
2023-02-28,601311,-0.0004898458333424324,-48984.583334243245,False,96656010.56739268
2023-02-28,603026,0.0006264737331863612,62647.37331863612,False,181312016.55117837
2023-02-28,603063,-0.0004092587730795865,-40925.877307958646,False,174038070.0238061
2023-02-28,603659,-0.00044620884869791405,-44620.88486979141,False,443811688.7675703
2023-02-28,603906,-0.0002606626333265319,-26066.26333265319,False,178006976.14612618
2023-02-28,688005,0.001448739352243886,144873.9352243886,False,314694096.21496546
2023-02-28,688006,-0.0006895671764081861,-68956.7176408186,False,188201940.19109288
2023-02-28,688063,0.0007975641378762353,79756.41378762353,False,721681708.0286782
2023-02-28,688116,0.0014571391198280673,145713.91198280672,False,303833706.69349384
2023-02-28,688339,-0.0006882909122601002,-68829.09122601002,False,185809167.25990772
2023-02-28,688388,-0.00022315708175363498,-22315.7081753635,False,167889292.19883814
2023-02-28,688390,-0.00012542338692109883,-12542.338692109883,False,574852142.3765748
2023-02-28,688819,6.193224050182657e-05,6193.224050182657,False,70947715.57070827
2023-03-31,000009,0.003505793260127687,350579.32601276867,False,218089810.47719067
2023-03-31,000049,-0.00039558264030084035,-39558.264030084036,False,229473302.16451874
2023-03-31,002050,-0.0029816034713948114,-298160.34713948116,False,703434165.6225402
2023-03-31,002074,-0.003410440561826128,-341044.0561826128,False,464585218.11900663
2023-03-31,002335,-0.0011072091980299558,-110720.91980299557,False,807517801.5512164
2023-03-31,002340,0.001543502743405683,154350.27434056828,False,284403982.56378543
2023-03-31,002407,0.0009569938950331272,95699.38950331272,False,328626735.5192
2023-03-31,002518,-0.0007009413907387071,-70094.13907387071,False,889321050.4417608
2023-03-31,002709,0.00239427152986222,239427.152986222,False,771021422.3121493
2023-03-31,002759,-3.4103022110649854e-05,-3410.3022110649854,False,146010888.02753705
2023-03-31,002812,-0.004202978095000268,-420297.80950002675,False,1179757775.2123485
2023-03-31,002850,-0.002403563851301211,-240356.3851301211,False,306170247.50150794
2023-03-31,300001,5.079883286077981e-05,5079.883286077981,False,169630813.91869172
2023-03-31,300014,-0.0026573142485517287,-265731.42485517287,False,1638568976.8730102
2023-03-31,300035,0.0004726208975824502,47262.08975824502,False,207315374.7037715
2023-03-31,300037,-0.002659508464615018,-265950.8464615018,False,395231936.810033
2023-03-31,300068,0.00039735212572182543,39735.21257218254,False,626815984.0553799
2023-03-31,300073,0.00011262872023237377,11262.872023237378,False,527786978.56357765
2023-03-31,300207,-0.0007229965044833406,-72299.65044833405,False,516896234.9710228
2023-03-31,300274,0.0030389101842714303,303891.01842714305,False,2730277484.1657863
2023-03-31,300376,-6.219496583343472e-05,-6219.496583343473,False,152506142.94312507
2023-03-31,300390,0.0014057539020823281,140575.39020823283,False,432244029.52959
2023-03-31,300409,0.00032373514688335565,32373.514688335566,False,84254881.66286102
2023-03-31,300438,0.0003259654389325996,32596.543893259957,False,778022388.7771934
2023-03-31,300450,0.0013918616055029198,139186.16055029197,False,462202418.8329195
2023-03-31,300457,-0.00019573504705774816,-19573.504705774816,False,137932625.6733714
2023-03-31,300568,0.0007010619372427931,70106.19372427932,False,350281029.9465107
2023-03-31,300750,-0.0011904086750792603,-119040.86750792603,False,5310683503.453584
2023-03-31,300763,0.002399785865573996,239978.5865573996,False,588482981.0798439
2023-03-31,300769,0.0024744415651014526,247444.15651014526,False,428417945.12752837
2023-03-31,300827,0.0004207438263905943,42074.38263905943,False,378627661.7159163
2023-03-31,300919,-0.0009618659217888008,-96186.59217888008,False,275254182.98601073
2023-03-31,300953,0.0002567286407032963,25672.86407032963,False,72653138.70986214
2023-03-31,600110,0.0001195223537198472,11952.23537198472,False,102149512.21035667
2023-03-31,600549,0.0013325061534137043,133250.61534137043,False,338329970.29098356
2023-03-31,600699,1.2169043124940493e-05,1216.9043124940492,False,166527045.37457338
2023-03-31,600884,-0.0003671113417976872,-36711.13417976872,False,327665805.08960104
2023-03-31,601311,-0.0010548882018500206,-105488.82018500206,False,160808920.84070712
2023-03-31,603026,0.001078296690588917,107829.66905889171,False,152440168.2599743
2023-03-31,603063,0.00046823267957254045,46823.267957254044,False,104426609.30352679
2023-03-31,603659,-0.0007846264882671941,-78462.6488267194,False,395428386.48686254
2023-03-31,603906,7.578665741268635e-05,7578.665741268635,False,142634280.55807906
2023-03-31,688005,-0.000707765281739093,-70776.52817390929,False,364605820.496793
2023-03-31,688006,0.0004431390982928482,44313.90982928482,False,130906259.60152836
2023-03-31,688063,-0.00021548187954190806,-21548.187954190806,False,789316441.6005608
2023-03-31,688116,-0.00072575818617494,-72575.818617494,False,248657337.28063792
2023-03-31,688339,-0.0007980129315223431,-79801.2931522343,False,133523363.61640167
2023-03-31,688388,0.0002780229130153926,27802.291301539262,False,118733087.22369929
2023-03-31,688390,0.0023558293714457433,235582.93714457433,False,809407880.7621711
2023-03-31,688819,-7.62493293590392e-05,-7624.932935903919,False,62749380.45631752
2023-04-28,000009,0.0014278033312479475,142780.33312479476,False,216686899.11908126
2023-04-28,000049,-0.004292222957096076,-429222.2957096076,True,229473302.16451874
2023-04-28,002050,0.009285384214234086,928538.4214234086,False,567835593.9134476
2023-04-28,002074,-0.0045384630767727335,-453846.30767727335,False,435926152.03602344
2023-04-28,002335,0.007295315085997311,729531.5085997311,False,658187799.1213868
2023-04-28,002340,0.0068283510928998856,682835.1092899885,False,328235954.58147705
2023-04-28,002407,0.0013833099046707265,138330.99046707264,False,390460169.74145496
2023-04-28,002518,0.006250794922809149,625079.4922809149,False,1282866612.5166664
2023-04-28,002709,-0.029004484163898128,-2900448.4163898127,False,1111668729.6793451
2023-04-28,002759,-0.0031253260375791337,-312532.6037579134,True,146010888.02753705
2023-04-28,002812,-0.018658541669239782,-1865854.1669239781,False,1149109108.6704662
2023-04-28,002850,-0.0018448979415548634,-184489.79415548634,False,291032733.59606665
2023-04-28,300001,-0.0022567243868072,-225672.43868072,False,593951478.0958153
2023-04-28,300014,0.013531251195688737,1353125.1195688737,False,1821820563.4023223
2023-04-28,300035,0.0005642316042177358,56423.16042177359,False,221020599.78176132
2023-04-28,300037,-0.00022369112065801292,-22369.11206580129,False,497106074.7214743
2023-04-28,300068,-0.008265952941819019,-826595.2941819018,True,626815984.0553799
2023-04-28,300073,-0.00014021089221074104,-14021.089221074104,False,706087277.4288582
2023-04-28,300207,-0.0012877056040738848,-128770.56040738848,False,451619265.84338033
2023-04-28,300274,0.014863204901330654,1486320.4901330655,False,3375365395.462079
2023-04-28,300376,-0.0027523904785206176,-275239.04785206175,False,562137510.306724
2023-04-28,300390,-0.022830577792965018,-2283057.779296502,False,701386270.1009443
2023-04-28,300409,-0.005242589210599574,-524258.9210599574,True,84254881.66286102
2023-04-28,300438,0.006427763143463669,642776.3143463669,False,789878958.3592533
2023-04-28,300450,-0.010318890405492977,-1031889.0405492977,False,565113721.080218
2023-04-28,300457,-0.001725243470247665,-172524.3470247665,False,206695441.17285976
2023-04-28,300568,-0.003404609467396,-340460.9467396,False,371102654.55462724
2023-04-28,300750,0.0022721782991021594,227217.82991021595,False,6234475664.068613
2023-04-28,300763,0.006567078566527714,656707.8566527714,False,757355396.1939366
2023-04-28,300769,-0.005140930975451541,-514093.0975451541,False,1270093464.3740528
2023-04-28,300827,-0.003216552668839676,-321655.2668839676,True,378627661.7159163
2023-04-28,300919,0.0008594301199046743,85943.01199046744,False,253892376.93491346
2023-04-28,300953,-0.0034977150062103267,-349771.50062103267,True,72653138.70986214
2023-04-28,600110,0.0003752133917171666,37521.33917171666,False,104779705.87982269
2023-04-28,600549,0.0033733796248061575,337337.96248061577,False,327679435.9999676
2023-04-28,600699,-0.0015415228437950582,-154152.2843795058,False,304258628.6867794
2023-04-28,600884,0.00011127890299094528,11127.890299094528,False,301652717.50943744
2023-04-28,601311,-0.00012780643858933786,-12780.643858933787,False,120926451.26364121
2023-04-28,603026,-0.00011041344014071919,-11041.34401407192,False,172310012.09859887
2023-04-28,603063,-0.0018407908569207949,-184079.08569207948,False,196345212.43306905
2023-04-28,603659,-0.01075977808484272,-1075977.808484272,False,455059805.43659437
2023-04-28,603906,-0.0006305950573085306,-63059.50573085306,False,120543735.39534006
2023-04-28,605117,0.028485957498333818,2848595.7498333817,False,788910731.5094604
2023-04-28,688005,-0.004264531590700506,-426453.15907005063,False,380866493.8543018
2023-04-28,688006,-0.002058874417350902,-205887.44173509022,False,154159706.31002864
2023-04-28,688063,0.0076388359916939735,763883.5991693974,False,1357179561.6340744
2023-04-28,688116,-0.005891952059143916,-589195.2059143916,False,328597854.1504164
2023-04-28,688339,-0.0033498529973118433,-334985.2997311843,True,133523363.61640167
2023-04-28,688388,-0.0017299994300931428,-172999.94300931427,False,133079142.10604438
2023-04-28,688390,0.011406460332219136,1140646.0332219135,False,848877013.0210342
2023-04-28,688499,0.003235592655211735,323559.2655211735,False,98305504.47228852
2023-04-28,688567,0.014457030284343718,1445703.0284343718,False,112147222.24534655
2023-04-28,688707,0.0077219082489303975,772190.8248930398,False,149143837.53688067
2023-04-28,688772,0.0011372259231544816,113722.59231544816,False,165184843.05994272
2023-04-28,688779,0.006966498049759325,696649.8049759325,False,152551109.29333973
2023-04-28,688819,0.0010909901107463383,109099.01107463383,False,74920265.15632829
2023-05-31,000009,-0.0038115975096090216,-381159.75096090214,False,252522347.433697
2023-05-31,002050,-0.008109219320661602,-810921.9320661603,False,541153554.1032672
2023-05-31,002074,-0.000535422805404924,-53542.2805404924,False,362724004.3213471
2023-05-31,002335,0.0006711794417760524,67117.94417760524,False,356635210.08015996
2023-05-31,002340,-3.429555458745598e-05,-3429.5554587455977,False,255183379.21887913
2023-05-31,002407,-0.006146618436351083,-614661.8436351083,False,308581473.5246332
2023-05-31,002518,0.001956705199252921,195670.5199252921,False,674914624.9408824
2023-05-31,002709,0.001663344270979361,166334.4270979361,False,893154703.0691824
2023-05-31,002812,0.006314040854166002,631404.0854166002,False,822211252.7609288
2023-05-31,002850,0.0006288865280035024,62888.65280035024,False,325372319.0562317
2023-05-31,300001,-0.002737266034932049,-273726.60349320486,False,1208096252.114018
2023-05-31,300014,-0.002253908366630364,-225390.83666303637,False,1289345975.6009266
2023-05-31,300035,-0.00011634154051646042,-11634.154051646043,False,133038125.93959728
2023-05-31,300037,0.0014277258657184634,142772.58657184633,False,288464146.40663797
2023-05-31,300073,0.0025664669260411083,256646.69260411084,False,332965164.12366885
2023-05-31,300207,-0.0003850235414209098,-38502.35414209098,False,308073808.3259846
2023-05-31,300274,0.001733797384198682,173379.7384198682,False,2789741453.962838
2023-05-31,300376,0.000752326739822385,75232.6739822385,False,358414041.3280609
2023-05-31,300390,0.0009465974254025608,94659.74254025608,False,473533626.9459518
2023-05-31,300438,0.001545730837521176,154573.0837521176,False,614050027.0888488
2023-05-31,300450,0.003615357703711755,361535.7703711755,False,396564320.6757261
2023-05-31,300457,0.0007636570447135064,76365.70447135063,False,104625685.91257782
2023-05-31,300568,0.0007945793025491664,79457.93025491665,False,216905449.24220896
2023-05-31,300750,-0.00021137007862041812,-21137.007862041813,False,4822658438.0501
2023-05-31,300763,0.0008773796607428191,87737.96607428191,False,628452049.9829094
2023-05-31,300769,-0.009758687339331095,-975868.7339331094,False,739004620.7540264
2023-05-31,300919,0.0007674679841353522,76746.79841353522,False,173822648.23815766
2023-05-31,600110,0.001015439885630149,101543.98856301491,False,78237678.70038569
2023-05-31,600549,0.002602711506923018,260271.1506923018,False,223019598.54475546
2023-05-31,600699,-0.0005102658056275102,-51026.58056275102,False,347396172.530369
2023-05-31,600884,0.0001894592432829141,18945.92432829141,False,220189023.1524273
2023-05-31,601311,0.0004668769562670861,46687.69562670861,False,97327298.85508823
2023-05-31,603026,-0.002635353233771046,-263535.3233771046,False,105834429.06771831
2023-05-31,603063,-0.0001498622275611294,-14986.22275611294,False,228787182.5548914
2023-05-31,603659,0.0010331909799857902,103319.09799857902,False,403968155.84012014
2023-05-31,603906,-0.001983685545686169,-198368.55456861694,False,106173910.94403496
2023-05-31,605117,-0.002788709868649923,-278870.9868649923,False,734231987.6118171
2023-05-31,688005,0.0029197151011693765,291971.5101169376,False,220831044.30009842
2023-05-31,688006,0.0007458491624192441,74584.91624192441,False,149678881.31140536
2023-05-31,688063,0.004387264135335193,438726.41353351925,False,821509545.4254593
2023-05-31,688116,0.0012183881758661315,121838.81758661315,False,172444967.54650363
2023-05-31,688388,0.0010518885593389544,105188.85593389545,False,77574363.54253931
2023-05-31,688390,0.0017620115233816895,176201.15233816896,False,946191129.3698227
2023-05-31,688499,-0.0004063437096539749,-40634.37096539749,False,73035328.32379436
2023-05-31,688567,-0.000963724043207239,-96372.4043207239,False,101854539.6514987
2023-05-31,688707,-0.000344938599321388,-34493.8599321388,False,93726367.61531992
2023-05-31,688772,-9.515022795941264e-05,-9515.022795941264,False,123908035.08894062
2023-05-31,688779,-0.000256867146894592,-25686.7146894592,False,95794305.11498031
2023-05-31,688819,-0.00031552888815394257,-31552.888815394257,False,76284835.23550281
2023-06-30,000009,0.0023206551703965177,232065.51703965178,False,262301361.99612084
2023-06-30,002050,-0.004340520500788245,-434052.05007882445,False,1337759091.0829022
2023-06-30,002074,0.00036627895337184094,36627.89533718409,False,357099670.8687523
2023-06-30,002335,0.00037570880821278206,37570.88082127821,False,307457317.63405263
2023-06-30,002340,0.00036620579243275275,36620.57924327528,False,267538012.17597342
2023-06-30,002407,0.0007841429382638328,78414.29382638328,False,190323180.2184721
2023-06-30,002518,-0.0011568711522460147,-115687.11522460147,False,437480766.71220434
2023-06-30,002709,0.00043633275107541475,43633.27510754148,False,658838938.6735712
2023-06-30,002812,-0.0011345247407756817,-113452.47407756817,False,943653686.0724106
2023-06-30,002850,0.000165836651418734,16583.6651418734,False,221926924.50474244
2023-06-30,300001,0.0010240405080057125,102404.05080057125,False,591995280.8787951
2023-06-30,300014,0.005084846761742187,508484.6761742187,False,1355099726.3553786
2023-06-30,300035,0.0008073146529807571,80731.46529807571,False,126293712.96112733
2023-06-30,300037,-0.0011811704620079515,-118117.04620079514,False,243725171.34155768
2023-06-30,300073,-0.0006871049493919063,-68710.49493919063,False,292955480.2949537
2023-06-30,300207,0.0003576839262586784,35768.39262586784,False,298045967.14550006
2023-06-30,300274,0.000890323321091957,89032.3321091957,False,2058893756.4758365
2023-06-30,300376,6.401861766226757e-05,6401.861766226757,False,214377703.97424328
2023-06-30,300390,-0.00166098137271967,-166098.137271967,False,668783843.0199807
2023-06-30,300438,0.0002947513307026105,29475.133070261047,False,452063030.8017181
2023-06-30,300450,-0.0031790080813202046,-317900.80813202047,False,750130407.269906
2023-06-30,300457,0.0005142673376296678,51426.73376296678,False,106597550.35577993
2023-06-30,300568,-0.0015081926233761513,-150819.26233761513,False,251353115.25514993
2023-06-30,300750,-4.1408879937018805e-05,-4140.887993701881,False,4869374142.142062
2023-06-30,300763,-0.0003349735893363841,-33497.35893363841,False,588467565.8311688
2023-06-30,300769,0.0003414458786920073,34144.58786920073,False,461411236.5685242
2023-06-30,300919,-0.0004510603390698014,-45106.03390698014,False,257253812.4819273
2023-06-30,301238,0.0026298411384877113,262984.11384877114,False,59394510.63725386
2023-06-30,600110,-0.0007079344969236553,-70793.44969236554,False,91018443.32693574
2023-06-30,600549,-0.0004919919469650591,-49199.19469650591,False,146836296.6719386
2023-06-30,600699,-0.0004791670311821584,-47916.70311821584,False,651267487.8204105
2023-06-30,600884,0.00037029435368673633,37029.435368673636,False,180915170.62021303
2023-06-30,601311,0.000571654568928338,57165.456892833805,False,65902057.42572083
2023-06-30,603026,0.000874625200566621,87462.5200566621,False,103267194.20012474
2023-06-30,603063,-0.0003974308808168672,-39743.08808168672,False,195335148.64731568
2023-06-30,603659,-0.00014933701609281397,-14933.701609281397,False,315040217.0947012
2023-06-30,603906,0.0004064925155385325,40649.251553853246,False,104758989.93231869
2023-06-30,605117,-0.0007795404061525929,-77954.04061525929,False,487588160.46893346
2023-06-30,688005,0.0008324856031841129,83248.56031841128,False,297491974.3915884
2023-06-30,688006,0.00015474877657882177,15474.877657882178,False,143984782.42651215
2023-06-30,688063,0.0001477498194077699,14774.98194077699,False,527880774.95175475
2023-06-30,688116,4.988477106791615e-05,4988.477106791615,False,207569243.21336833
2023-06-30,688388,-0.0006667324363525068,-66673.24363525068,False,133226220.17758903
2023-06-30,688390,-0.0014162100945537826,-141621.00945537825,False,653034343.7946556
2023-06-30,688499,-7.503235178082717e-05,-7503.2351780827175,False,59225013.06094494
2023-06-30,688567,0.00036786800769152313,36786.800769152316,False,111730196.5145177
2023-06-30,688707,-0.00041964503517478557,-41964.50351747856,False,72888655.96287107
2023-06-30,688772,4.183746595657527e-06,418.3746595657527,False,192301652.90703297
2023-06-30,688779,0.00023391339868115198,23391.3398681152,False,85555627.28358054
2023-06-30,688819,0.0003606930227673059,36069.30227673059,False,61002665.05231991
2023-07-31,000009,0.0014017972655357945,140179.72655357944,False,125069029.21464276
2023-07-31,002050,0.0037672886499624386,376728.86499624385,False,1164834902.408235
2023-07-31,002074,-7.638734094110936e-05,-7638.734094110935,False,300447050.1472518
2023-07-31,002335,-0.0008197243123693361,-81972.43123693361,False,526661209.42759866
2023-07-31,002340,-0.0018477456815257573,-184774.56815257572,False,248814468.96891356
2023-07-31,002407,-0.0013359428690836624,-133594.28690836622,False,276281994.50778085
2023-07-31,002518,0.0016926457648329882,169264.57648329882,False,435438917.0267788
2023-07-31,002709,0.0035888487641110994,358884.87641110993,False,705278894.3135159
2023-07-31,002812,0.0037751756939146813,377517.56939146813,False,598609500.9480594
2023-07-31,002850,-0.00041791604515564566,-41791.60451556457,False,187212703.33920822
2023-07-31,300001,4.079215227649393e-05,4079.215227649393,False,286242519.3651844
2023-07-31,300014,0.0030266646431929972,302666.46431929973,False,968370910.2020466
2023-07-31,300035,-0.00015731233367897394,-15731.233367897394,False,198583993.8776608
2023-07-31,300037,0.0007440444603702551,74404.44603702551,False,152042144.14585686
2023-07-31,300073,-4.376661233597076e-05,-4376.661233597076,False,279813598.4794161
2023-07-31,300207,-0.00013429691136743194,-13429.691136743193,False,289054237.976111
2023-07-31,300274,0.0067571209714248626,675712.0971424863,False,1516775175.342532
2023-07-31,300376,-0.00011701427262191845,-11701.427262191844,False,111046372.18920806
2023-07-31,300390,0.0016188237506371064,161882.37506371064,False,392670873.39863795
2023-07-31,300438,-0.0012276230634300604,-122762.30634300604,False,660988901.1484085
2023-07-31,300450,0.0036024065086891245,360240.65086891246,False,513224986.57150364
2023-07-31,300457,-0.004344934725693977,-434493.4725693977,False,977295277.6689837
2023-07-31,300568,-0.00012474322651342962,-12474.322651342962,False,245254818.13363856
2023-07-31,300750,-0.008455985586168405,-845598.5586168405,False,3067189863.387976
2023-07-31,300763,-0.0007847745598379002,-78477.45598379002,False,1025809697.0374912
2023-07-31,300769,-0.0012673613547247928,-126736.13547247928,False,902860200.6698204
2023-07-31,300919,-0.0006210991774039266,-62109.91774039266,False,148584795.3943283
2023-07-31,301238,-0.00040438590001351396,-40438.5900013514,False,92089689.18427448
2023-07-31,600110,-0.000847991318203822,-84799.1318203822,False,128512728.9200074
2023-07-31,600549,-0.0006824235378634635,-68242.35378634636,False,242216712.65010232
2023-07-31,600699,-0.0016725315230344227,-167253.15230344227,False,1069103218.0949745
2023-07-31,600884,-0.00123761778645759,-123761.778645759,False,195749511.90468884
2023-07-31,601311,-0.0007858208938865633,-78582.08938865633,False,72583415.0712974
2023-07-31,603026,-0.000830115550890285,-83011.5550890285,False,127333551.03323765
2023-07-31,603063,-8.768922241255035e-05,-8768.922241255035,False,213154156.98816472
2023-07-31,603659,-0.0021676918784381757,-216769.18784381758,False,357481938.8041851
2023-07-31,603906,-8.458699352975867e-05,-8458.699352975867,False,147948063.137254
2023-07-31,605117,0.00369634592843417,369634.592843417,False,526904899.37388057
2023-07-31,688005,-0.0003014116026218757,-30141.16026218757,False,249948941.91759357
2023-07-31,688006,-0.00033646876380733154,-33646.876380733156,False,141942220.5214041
2023-07-31,688063,0.0010172141804477251,101721.41804477251,False,427719374.1362728
2023-07-31,688116,0.00026531357800374696,26531.357800374695,False,171534537.66126537
2023-07-31,688388,2.695870655837311e-05,2695.870655837311,False,143381426.3225336
2023-07-31,688390,-0.0015641790340953365,-156417.90340953367,False,821370438.7059975
2023-07-31,688499,0.00013147258557956887,13147.258557956888,False,138470274.1897827
2023-07-31,688567,-0.00115129703382498,-115129.703382498,False,76329566.35503209
2023-07-31,688707,-0.0005766414238562393,-57664.14238562393,False,83772891.95617399
2023-07-31,688772,-0.00016180943001842425,-16180.943001842425,False,219774729.05227613
2023-07-31,688779,3.920141605207733e-05,3920.141605207733,False,74517634.64262637
2023-07-31,688819,-0.0006237036286591228,-62370.36286591228,False,95358363.25014743
2023-08-31,000009,-0.0003043315384017725,-30433.153840177252,False,136245289.20880383
2023-08-31,002050,0.009153270913646962,915327.0913646962,False,716429308.3112214
2023-08-31,002074,0.0031875541844033142,318755.4184403314,False,256917447.348938
2023-08-31,002335,-0.0026394511985572324,-263945.1198557232,False,228845649.79476863
2023-08-31,002340,-0.0003318269470620333,-33182.69470620333,False,209745490.34783927
2023-08-31,002407,-0.00070584473031041,-70584.473031041,False,255033492.72945863
2023-08-31,002518,-0.0037316593139082484,-373165.93139082484,False,192130635.52294216
2023-08-31,002709,-0.0012895103214884823,-128951.03214884823,False,376749971.85089475
2023-08-31,002812,0.0004997800376753264,49978.00376753264,False,738336911.2945404
2023-08-31,002850,0.004559611094591159,455961.10945911595,False,136997993.94443893
2023-08-31,300001,0.004719167784384132,471916.7784384132,False,164645725.98854932
2023-08-31,300014,-0.012889570943535579,-1288957.0943535578,False,781430049.346051
2023-08-31,300035,-0.00299859671786476,-299859.671786476,False,290131226.68593395
2023-08-31,300037,0.0036241888523703483,362418.8852370348,False,141261684.07367477
2023-08-31,300068,0.011154259565166654,1115425.9565166654,False,241641005.1197667
2023-08-31,300073,0.00022687905821310028,22687.90582131003,False,246554033.2942091
2023-08-31,300207,-0.0013579658964515268,-135796.58964515268,False,277132178.0254753
2023-08-31,300274,0.01659005002711003,1659005.0027110032,False,1868336916.1546853
2023-08-31,300376,0.000987847021203016,98784.70212030159,False,71757602.7874101
2023-08-31,300390,0.0008192947139959092,81929.47139959093,False,233047298.83803415
2023-08-31,300438,-0.0024733070955923024,-247330.70955923025,False,287878718.3161575
2023-08-31,300450,-0.002631218149424047,-263121.81494240474,False,341762442.6981503
2023-08-31,300457,-0.00449380411874617,-449380.411874617,True,977295277.6689837
2023-08-31,300568,0.0034612961430807027,346129.6143080703,False,191024816.41868743
2023-08-31,300750,-0.01720165143121083,-1720165.143121083,False,4049571718.375493
2023-08-31,300763,-0.006800091372878063,-680009.1372878063,False,691630929.9494473
2023-08-31,300769,-0.0005477957981193174,-54779.57981193174,False,423039901.7623695
2023-08-31,300919,0.003955987313688207,395598.73136882065,False,127872959.10920563
2023-08-31,301238,0.0018076403274953261,180764.0327495326,False,66172007.412948035
2023-08-31,600110,-0.00012685478659084717,-12685.478659084718,False,74388162.51181996
2023-08-31,600549,-0.0001174360498089784,-11743.60498089784,False,138144543.09928304
2023-08-31,600699,0.0042169575478288885,421695.75478288886,False,467208463.1687729
2023-08-31,600884,-0.001781661588098898,-178166.1588098898,False,178158144.94675714
2023-08-31,601311,-0.005766755916648477,-576675.5916648477,True,72583415.0712974
2023-08-31,603026,-0.0012509931355889764,-125099.31355889764,False,109417014.24087162
2023-08-31,603063,-0.006348932235105965,-634893.2235105964,True,213154156.98816472
2023-08-31,603659,0.008459438981163789,845943.8981163789,False,221790914.27639866
2023-08-31,603906,-0.00329980434361833,-329980.434361833,True,147948063.137254
2023-08-31,605117,-0.0007870236202168236,-78702.36202168236,False,709867354.0227518
2023-08-31,688005,-0.003038799953037012,-303879.9953037012,False,271373453.8570002
2023-08-31,688006,0.0022109990599623146,221099.90599623145,False,74966546.29287319
2023-08-31,688032,0.007907209539152813,790720.9539152812,False,240296480.61245346
2023-08-31,688063,-0.005929677072603187,-592967.7072603187,False,573481985.0956275
2023-08-31,688116,-0.002399630932689689,-239963.09326896892,False,160325791.7997694
2023-08-31,688248,0.002310452498570192,231045.24985701917,False,70894254.00115547
2023-08-31,688388,-0.005360511094242626,-536051.1094242625,True,143381426.3225336
2023-08-31,688390,-0.002927855292036494,-292785.5292036494,False,438253655.50271606
2023-08-31,688499,-0.0008333457700359351,-83334.57700359351,False,52040349.663951114
2023-08-31,688567,-0.0006700128186971337,-67001.28186971338,False,121428988.30146465
2023-08-31,688707,0.00020949888620208548,20949.88862020855,False,51914407.644565485
2023-08-31,688772,0.009245815119870285,924581.5119870285,False,155220941.26848394
2023-08-31,688779,0.0008032698088961286,80326.98088961285,False,81302100.69996862
2023-08-31,688819,0.0006643998957417763,66439.98957417763,False,51181062.37965374
2023-09-28,000009,0.00022473084121519063,22473.084121519063,False,96780198.99658851
2023-09-28,002050,-0.003303939376885362,-330393.9376885362,False,698485176.0514796
2023-09-28,002074,0.00021358977544536778,21358.977544536778,False,204711030.70402193
2023-09-28,002335,0.0001694440322143314,16944.40322143314,False,175536492.9088045
2023-09-28,002340,-0.0014501074359639515,-145010.74359639516,False,170034335.2508031
2023-09-28,002407,-0.0003624015977244984,-36240.15977244984,False,166508412.50889593
2023-09-28,002518,-0.00016250877154873854,-16250.877154873853,False,172941273.84900942
2023-09-28,002709,0.003444283445122008,344428.3445122008,False,482691400.28436935
2023-09-28,002812,-0.00024569260232686074,-24569.260232686076,False,596798659.0024006
2023-09-28,002850,0.0017301982051490788,173019.8205149079,False,148501814.50895768
2023-09-28,300001,-0.0001247227738702377,-12472.27738702377,False,125877704.32104388
2023-09-28,300014,0.0032088898851527353,320888.98851527355,False,707149873.017061
2023-09-28,300035,-2.775163763536065e-05,-2775.163763536065,False,87131685.69718218
2023-09-28,300037,0.0008867171665938346,88671.71665938346,False,182352886.12824154
2023-09-28,300068,0.0004718846781743089,47188.467817430894,False,180050608.36756772
2023-09-28,300073,0.00014767884239464193,14767.884239464194,False,155568903.02405852
2023-09-28,300207,-0.0018363465077168156,-183634.65077168157,False,294450536.056566
2023-09-28,300274,0.005413021251193348,541302.1251193348,False,1441835216.226247
2023-09-28,300376,-7.51977652195257e-05,-7519.77652195257,False,54846567.724600956
2023-09-28,300390,-0.001223896239820662,-122389.6239820662,False,262958784.17908305
2023-09-28,300438,-0.0014952673023582545,-149526.73023582547,False,301366470.7440373
2023-09-28,300450,0.0010658807269505605,106588.07269505605,False,372901658.1701311
2023-09-28,300568,0.0007897958123769186,78979.58123769186,False,151472542.68537098
2023-09-28,300750,0.011704032923743946,1170403.2923743946,False,3729531235.601026
2023-09-28,300763,-0.0019827045322913517,-198270.45322913516,False,666464471.9929669
2023-09-28,300769,0.0020828635980861526,208286.35980861526,False,320237319.80198175
2023-09-28,300919,0.0009125451448275586,91254.51448275587,False,120941552.72126503
2023-09-28,301238,-0.004392000179495067,-439200.01794950676,True,66172007.412948035
2023-09-28,600110,-0.00017299073801138425,-17299.073801138424,False,59985226.48237047
2023-09-28,600549,-0.00046319888092792236,-46319.88809279224,False,110347419.31548376
2023-09-28,600699,-0.0015485347820912588,-154853.47820912587,False,397951205.1367879
2023-09-28,600884,-0.0018654282395840355,-186542.82395840355,False,201322694.10072923
2023-09-28,603026,-0.0003606143197845803,-36061.43197845803,False,72752329.60283546
2023-09-28,603659,-0.0005093376342436701,-50933.763424367,False,271707654.73712987
2023-09-28,605117,0.0011141620647861644,111416.20647861644,False,512709958.66241646
2023-09-28,688005,0.002367378631417675,236737.8631417675,False,214414028.13299036
2023-09-28,688006,9.380519946577699e-05,9380.519946577699,False,74492451.86866932
2023-09-28,688032,-0.0005639515774947274,-56395.15774947274,False,225611506.10648116
2023-09-28,688063,-4.428606335805073e-05,-4428.606335805073,False,346067791.44275206
2023-09-28,688116,0.00023601749601819336,23601.749601819334,False,96231258.80377264
2023-09-28,688248,0.00016686422558490196,16686.422558490198,False,60972191.4031476
2023-09-28,688390,0.0004780731249136999,47807.312491369994,False,339494622.5728676
2023-09-28,688499,-0.0015286772978876637,-152867.7297887664,True,52040349.663951114
2023-09-28,688567,-0.0027604191337211176,-276041.91337211174,False,80663120.03317776
2023-09-28,688707,-0.005582423895823051,-558242.3895823051,True,51914407.644565485
2023-09-28,688772,0.0006057166416257483,60571.66416257482,False,196824190.73502606
2023-09-28,688779,0.00022409043917020078,22409.043917020077,False,67153294.35492906
2023-09-28,688819,-0.005762507253961674,-576250.7253961674,True,51181062.37965374
2023-10-31,000009,9.503163256006225e-05,9503.163256006224,False,127842201.08731656
2023-10-31,002050,0.00803677665239546,803677.665239546,False,631875575.9934647
2023-10-31,002074,-0.0017288919754827221,-172889.1975482722,False,276215391.8048957
2023-10-31,002335,0.0006353101501615811,63531.01501615811,False,225503304.1656291
2023-10-31,002340,0.001213964309625462,121396.4309625462,False,209200738.8139309
2023-10-31,002407,0.0010712138750835869,107121.38750835869,False,195748317.865319
2023-10-31,002518,0.0008121374339184959,81213.74339184958,False,266002587.6719122
2023-10-31,002709,-0.0029640937159353745,-296409.37159353745,False,573670407.3144786
2023-10-31,002812,-0.010411397602210437,-1041139.7602210437,False,1449305622.709023
2023-10-31,002850,-0.0008936494541440625,-89364.94541440625,False,234845337.15639764
2023-10-31,300001,-0.00038615539641211234,-38615.53964121123,False,184327000.39724198
2023-10-31,300014,-0.003481033225164673,-348103.3225164673,False,1012100698.7161897
2023-10-31,300035,0.0005094622955577853,50946.22955577853,False,101804171.74884148
2023-10-31,300037,-0.0017444471719552136,-174444.71719552137,False,150685822.1250864
2023-10-31,300068,0.0014326936072811113,143269.36072811112,False,240922362.1588745
2023-10-31,300073,-6.658017137264535e-05,-6658.017137264535,False,246056070.3106083
2023-10-31,300207,0.000258963961308898,25896.3961308898,False,854499226.0099983
2023-10-31,300274,0.005418085016742083,541808.5016742083,False,1679126643.055956
2023-10-31,300376,-0.0009661555872534583,-96615.55872534584,False,196378898.0156644
2023-10-31,300390,-0.0020505033371088603,-205050.33371088604,False,485551956.3115452
2023-10-31,300438,2.4130342924817694e-05,2413.034292481769,False,529185011.7075329
2023-10-31,300450,-0.003317455241519121,-331745.52415191213,False,559318211.9858689
2023-10-31,300568,-0.006480035492803956,-648003.5492803956,False,409303260.05948126
2023-10-31,300750,0.008235622360383596,823562.2360383596,False,4681680159.07667
2023-10-31,300763,0.0015921805251411288,159218.05251411287,False,1007883226.9048088
2023-10-31,300769,-0.00039140428688996635,-39140.42868899664,False,381159385.64459074
2023-10-31,300919,-0.0014377032319902432,-143770.32319902434,False,222727418.8979578
2023-10-31,600110,-0.00020814071531863147,-20814.07153186315,False,76826869.65706143
2023-10-31,600549,0.0007667374851386098,76673.74851386098,False,110033258.7227438
2023-10-31,600699,-0.00169670873301629,-169670.873301629,False,526622173.815821
2023-10-31,600884,0.0008656476523616029,86564.76523616028,False,156557059.4034904
2023-10-31,603026,-7.25424741888905e-05,-7254.24741888905,False,91749333.5335085
2023-10-31,603659,0.004684746017998918,468474.60179989185,False,330762091.24298316
2023-10-31,605117,0.0011089844382790176,110898.44382790176,False,550639493.4870689
2023-10-31,688005,-0.00048028833219826775,-48028.833219826774,False,196744130.1555956
2023-10-31,688006,9.76637679555312e-05,9766.37679555312,False,75389045.27637377
2023-10-31,688032,0.0014982164530940667,149821.64530940668,False,205145067.6176506
2023-10-31,688063,0.00044919288502393365,44919.28850239336,False,441210192.74381983
2023-10-31,688116,-0.0011530094331503307,-115300.94331503307,False,162205160.12843847
2023-10-31,688248,0.00011878860053900382,11878.860053900382,False,60900551.563116744
2023-10-31,688390,-5.360768267198557e-05,-5360.768267198557,False,411643384.22641027
2023-10-31,688499,0.0014802220714249842,148022.20714249843,False,51164285.34139824
2023-10-31,688567,0.000621086341006714,62108.63410067141,False,64981684.91414766
2023-10-31,688772,-0.0005180569002628203,-51805.69002628203,False,168876457.27262324
2023-10-31,688779,-0.0006228661798373435,-62286.61798373435,False,76655885.16403738
2023-11-30,000009,-0.006031715520981706,-603171.5520981706,False,224269789.44206113
2023-11-30,002050,-0.009165786507720007,-916578.6507720007,False,591763554.0986829
2023-11-30,002074,-0.0007083308637662045,-70833.08637662044,False,217450740.80935994
2023-11-30,002335,-0.0006365264706644745,-63652.647066447455,False,263853882.94336757
2023-11-30,002340,-0.0008374516414911548,-83745.16414911549,False,182103817.62200552
2023-11-30,002407,0.0011385727950810366,113857.27950810366,False,154046582.46289444
2023-11-30,002518,-0.0011137470595695038,-111374.70595695039,False,429660403.3283909
2023-11-30,002709,0.0014874024961491622,148740.24961491622,False,445919283.9939639
2023-11-30,002812,0.0027403255645742156,274032.55645742157,False,1044072012.2915764
2023-11-30,002850,-0.0012018967338605791,-120189.67338605791,False,174258639.20756072
2023-11-30,300001,-0.0003760363503424666,-37603.635034246654,False,163226473.9771758
2023-11-30,300014,0.0026764509474373616,267645.09474373615,False,794001541.0097166
2023-11-30,300035,0.00018897666411084053,18897.666411084054,False,119228154.62561007
2023-11-30,300037,-0.0011989048194926584,-119890.48194926584,False,201493418.00415325
2023-11-30,300068,-0.0010617238749498197,-106172.38749498197,False,267454430.7416253
2023-11-30,300073,0.0011789307811528663,117893.07811528663,False,203441821.24280643
2023-11-30,300207,0.00027882543349089586,27882.543349089585,False,498677742.5425247
2023-11-30,300274,-0.00481110029149473,-481110.029149473,False,1381598499.5093598
2023-11-30,300376,0.0005345081453205103,53450.81453205104,False,122436607.03276448
2023-11-30,300390,0.001222810703806105,122281.07038061049,False,401631717.60706127
2023-11-30,300438,9.911582204451437e-05,9911.582204451437,False,322238659.20298654
2023-11-30,300450,0.0006025765762526537,60257.657625265376,False,484801894.75758964
2023-11-30,300568,-0.001210420595849554,-121042.0595849554,False,365225673.6774546
2023-11-30,300750,0.005005318673870149,500531.8673870149,False,3305064881.174431
2023-11-30,300763,-0.0011161514563631965,-111615.14563631965,False,489124576.8821713
2023-11-30,300769,0.0013440777745358165,134407.77745358166,False,312073753.38110083
2023-11-30,300919,0.001202844855919821,120284.4855919821,False,142455583.94084033
2023-11-30,600110,-0.0005263049303832184,-52630.49303832184,False,61427042.22814095
2023-11-30,600549,-0.0010396280350585818,-103962.80350585819,False,117289978.61112471
2023-11-30,600699,-0.0009958504587602168,-99585.04587602169,False,606070776.0454891
2023-11-30,600884,0.00016975785651383857,16975.785651383856,False,122005741.7208918
2023-11-30,603026,0.00023812181570189318,23812.181570189317,False,66230313.964826964
2023-11-30,603659,-0.00307884696935265,-307884.696935265,False,249484121.9188448
2023-11-30,605117,-0.000316085422777973,-31608.542277797304,False,417439432.3559238
2023-11-30,688005,0.0010209815491933096,102098.15491933096,False,147775533.618923
2023-11-30,688006,0.00044045630522058545,44045.63052205854,False,85561270.94911623
2023-11-30,688032,-0.0004591443255651719,-45914.43255651719,False,127445992.1486496
2023-11-30,688063,0.00132922451153435,132922.451153435,False,305616007.01146585
2023-11-30,688116,9.957807591327947e-05,9957.807591327948,False,174067167.57501087
2023-11-30,688248,-0.0001873763877297545,-18737.63877297545,False,60999425.7886425
2023-11-30,688390,0.0005019970773072046,50199.70773072046,False,288556009.13742065
2023-11-30,688499,0.00017231634328710474,17231.634328710476,False,50925731.276031114
2023-11-30,688567,-0.0018134330680242682,-181343.3068024268,False,75208632.81284475
2023-11-30,688772,-0.0010377717082222064,-103777.17082222064,False,290115351.77246284
2023-11-30,688778,0.008464466692087825,846446.6692087825,False,50983124.378765106
2023-11-30,688779,0.0011915384153976605,119153.84153976606,False,86066011.2908256
2023-11-30,688819,0.005498396837280704,549839.6837280703,False,53807914.85156441
2023-12-29,000009,0.0021006715252392533,210067.15252392532,False,153708485.71339744
2023-12-29,002050,0.0006352017857198522,63520.17857198522,False,569496438.1548578
2023-12-29,002074,-1.0871444260422691e-05,-1087.144426042269,False,264297542.05799037
2023-12-29,002335,0.0001580336698122995,15803.36698122995,False,196272058.8009962
2023-12-29,002340,0.000939817695001656,93981.7695001656,False,189276157.2114144
2023-12-29,002407,-0.0007384353830032948,-73843.53830032948,False,151921265.8825407
2023-12-29,002518,-0.0009908375237762338,-99083.75237762339,False,434816401.9318757
2023-12-29,002709,-0.0008337399856593458,-83373.99856593458,False,467134827.98187554
2023-12-29,002812,0.004471550001515591,447155.00015155907,False,828101674.9442774
2023-12-29,002850,-0.0004479080658895702,-44790.80658895702,False,145121758.9329918
2023-12-29,300001,-0.00023684731833788567,-23684.731833788566,False,161429717.54305133
2023-12-29,300014,0.001063038354672037,106303.83546720371,False,793638188.7549293
2023-12-29,300035,0.0007838653659950441,78386.53659950441,False,93004132.37089472
2023-12-29,300037,-0.0009706926760877782,-97069.26760877782,False,250423941.33128777
2023-12-29,300068,0.0003086925269277681,30869.25269277681,False,171276387.31246892
2023-12-29,300073,0.0010009567461569772,100095.67461569773,False,227821322.4190647
2023-12-29,300207,0.002146879226114777,214687.9226114777,False,337575699.825938
2023-12-29,300274,6.044267785873525e-05,6044.267785873525,False,1331222755.4549975
2023-12-29,300376,-2.5152056109386742e-05,-2515.205610938674,False,74451815.41083607
2023-12-29,300390,-0.0001979246480354191,-19792.46480354191,False,344590414.68963754
2023-12-29,300438,-0.0004982312674853794,-49823.126748537936,False,378262539.58884287
2023-12-29,300450,0.0017634948240956537,176349.48240956536,False,407146563.2219688
2023-12-29,300568,-0.0006888327542394178,-68883.27542394178,False,290201798.7813987
2023-12-29,300750,0.005817813590358309,581781.359035831,False,3935659142.5449524
2023-12-29,300763,-0.00021767073035143178,-21767.073035143178,False,612779634.8611507
2023-12-29,300769,0.0008206086631130632,82060.86631130632,False,615769619.3005406
2023-12-29,300919,7.294056050825143e-06,729.4056050825143,False,143548234.27250654
2023-12-29,600110,0.00029921581670225815,29921.581670225816,False,59155956.09381089
2023-12-29,600549,0.00024660853734122246,24660.853734122247,False,86985320.72066088
2023-12-29,600699,0.002097218958021542,209721.8958021542,False,327570076.22059906
2023-12-29,600884,-0.0006605754010647544,-66057.54010647544,False,226621179.23879242
2023-12-29,603026,0.000445164105634251,44516.410563425095,False,69350521.43933316
2023-12-29,603659,0.0029782693999607923,297826.93999607925,False,246522227.1011653
2023-12-29,605117,-0.007608210435308339,-760821.0435308339,False,918692479.2398831
2023-12-29,688005,5.949629423628554e-05,5949.629423628554,False,179313003.75363415
2023-12-29,688006,-0.000243058123376768,-24305.812337676798,False,80051885.99586639
2023-12-29,688032,-0.002481167045451484,-248116.7045451484,False,205676110.57054672
2023-12-29,688063,-0.0007604710609772809,-76047.10609772809,False,367734025.15545654
2023-12-29,688116,0.00045812248468814556,45812.248468814556,False,148842069.092175
2023-12-29,688248,8.106623890813099e-05,8106.623890813099,False,55123603.720143415
2023-12-29,688390,-0.0036833049563944047,-368330.4956394405,False,402963315.54374695
2023-12-29,688499,-1.4547464166403835e-05,-1454.7464166403834,False,55915178.102910995
2023-12-29,688567,0.0009882422874592043,98824.22874592042,False,87176496.98178467
2023-12-29,688772,3.092165723912396e-05,3092.165723912396,False,243940543.90556487
2023-12-29,688778,-0.008345055509710103,-834505.5509710102,True,50983124.378765106
2023-12-29,688779,-0.00016339689166274332,-16339.689166274333,False,117609390.70855209
2023-12-29,688819,-2.042806357430496e-05,-2042.806357430496,False,51580878.35114212
2024-01-31,000009,-0.0032089679350879863,-320896.79350879864,False,243466841.06526756
2024-01-31,001301,0.003954051962619072,395405.19626190723,False,93598636.90639848
2024-01-31,002050,0.007186891399912854,718689.1399912854,False,836766004.7570637
2024-01-31,002074,-0.001340863929963694,-134086.3929963694,False,269032087.4810796
2024-01-31,002335,0.0003136694692291095,31366.94692291095,False,192243152.9606003
2024-01-31,002340,-0.0023752880746436694,-237528.80746436695,False,186249587.55253035
2024-01-31,002407,0.0005157266928944131,51572.669289441306,False,142109752.4445398
2024-01-31,002518,0.0008765212649066772,87652.12649066772,False,402298760.30913705
2024-01-31,002709,0.0038302751105476485,383027.51105476485,False,623473633.9384491
2024-01-31,002812,0.003805062950855004,380506.2950855004,False,680159517.6241077
2024-01-31,002850,-0.0002726130237633122,-27261.302376331216,False,210332379.94509277
2024-01-31,300001,-0.000210244232053158,-21024.4232053158,False,202477555.9138053
2024-01-31,300014,0.000491250903899898,49125.090389989804,False,973719671.7829965
2024-01-31,300035,0.00029517698947649496,29517.698947649496,False,77309005.75704713
2024-01-31,300037,0.0011826404769857864,118264.04769857864,False,211984663.73920345
2024-01-31,300068,0.00011058669081013932,11058.669081013932,False,373507499.70061105
2024-01-31,300073,-0.0018497549433134641,-184975.49433134642,False,254739657.18011513
2024-01-31,300207,0.001303783660685228,130378.36606852281,False,292394209.6195508
2024-01-31,300274,-0.015556084347837812,-1555608.4347837812,False,1736791189.9121063
2024-01-31,300376,-8.696435341497711e-05,-8696.43534149771,False,65195858.40191422
2024-01-31,300390,0.0013637339011964168,136373.39011964167,False,300519185.6619665
2024-01-31,300438,0.0013704571661433702,137045.71661433703,False,494209558.7969589
2024-01-31,300450,0.001048898809472381,104889.8809472381,False,523157626.5073126
2024-01-31,300568,0.0032616706129564264,326167.06129564263,False,221441480.1852548
2024-01-31,300750,-0.02186747493906091,-2186747.493906091,False,4004750505.455429
2024-01-31,300763,-0.0010170205892709103,-101702.05892709103,False,950679776.2990526
2024-01-31,300769,0.001098936164590428,109893.61645904281,False,674608369.6819685
2024-01-31,300919,-0.0012964239626678167,-129642.39626678167,False,170268877.1206397
2024-01-31,301238,0.003911602008386389,391160.2008386389,False,218540377.0448883
2024-01-31,600110,0.00020879663016229282,20879.663016229282,False,67722052.0943064
2024-01-31,600549,-0.001464598731714662,-146459.8731714662,False,103120893.07690124
2024-01-31,600699,-0.0006205192401204929,-62051.92401204928,False,276901626.3552259
2024-01-31,600884,0.0009113423764089586,91134.23764089585,False,155535461.665351
2024-01-31,603026,8.304089511199444e-06,830.4089511199445,False,139560101.71118602
2024-01-31,603659,-0.0011377228045518321,-113772.28045518321,False,263302764.2680646
2024-01-31,605117,7.95367724081425e-05,7953.67724081425,False,1515110229.7591195
2024-01-31,688005,0.0015783076143322961,157830.7614332296,False,163058445.02177304
2024-01-31,688006,-0.000353875293959912,-35387.5293959912,False,82451477.95370646
2024-01-31,688032,0.0015948382854115732,159483.82854115733,False,366077754.4682553
2024-01-31,688063,0.0005007234034871931,50072.34034871931,False,466246236.89572906
2024-01-31,688116,0.0019314521436070396,193145.21436070398,False,168639269.34702605
2024-01-31,688248,-0.00010272449172443743,-10272.449172443743,False,76272170.32196888
2024-01-31,688390,0.0020897301828987584,208973.01828987582,False,672298722.3601544
2024-01-31,688499,0.00021228908819936388,21228.908819936387,False,67524307.67685358
2024-01-31,688567,0.00040218188857749776,40218.188857749774,False,77626018.8087019
2024-01-31,688707,0.005071586583322461,507158.6583322461,False,54384957.501974106
2024-01-31,688772,0.002734531855610246,273453.1855610246,False,256508689.56169334
2024-01-31,688779,-1.778883068609058e-05,-1778.8830686090578,False,103432539.33263782
2024-01-31,688819,-0.0005972569870089399,-59725.69870089398,False,52837466.94013686
2024-02-29,000009,-0.0009723913575943044,-97239.13575943044,False,411054575.87417805
2024-02-29,001301,0.00040252838915870795,40252.838915870794,False,72494809.26732787
2024-02-29,002050,-0.009355472478414104,-935547.2478414103,False,1354088149.5404546
2024-02-29,002074,0.004445462020206247,444546.2020206247,False,302530990.25789434
2024-02-29,002335,-0.0005061391233821318,-50613.91233821318,False,246618320.3473803
2024-02-29,002340,-0.00546683168159948,-546683.168159948,False,376534747.9681038
2024-02-29,002407,9.153423047737058e-06,915.3423047737058,False,217170910.75859743
2024-02-29,002518,-0.00020815833571504426,-20815.833571504427,False,317019140.084109
2024-02-29,002709,0.0002143302013922696,21433.02013922696,False,550269484.2346064
2024-02-29,002812,0.001570950733541028,157095.07335410282,False,656299728.3737853
2024-02-29,002850,0.0010478162815904853,104781.62815904853,False,321064186.2498919
2024-02-29,300001,-0.0013671421190987049,-136714.2119098705,False,285264030.32135665
2024-02-29,300014,0.004435001314867772,443500.13148677716,False,892350093.0176237
2024-02-29,300035,0.0004385581871604316,43855.81871604316,False,114829490.32780452
2024-02-29,300037,0.00022919499756315909,22919.49975631591,False,337790432.30778086
2024-02-29,300068,0.0007512960989359777,75129.60989359778,False,281721437.0390246
2024-02-29,300073,0.0002718150378041295,27181.503780412953,False,346521013.2196523
2024-02-29,300207,-0.000510411356987147,-51041.1356987147,False,390307688.65961814
2024-02-29,300274,-0.0013995522793770893,-139955.22793770893,False,1756506324.7780426
2024-02-29,300376,0.0006462836750715413,64628.36750715413,False,92740731.1635901
2024-02-29,300390,-0.0010972378461304236,-109723.78461304236,False,339048243.8973686
2024-02-29,300438,0.0007396759780257216,73967.59780257216,False,318087555.90823615
2024-02-29,300450,0.001368240661971415,136824.06619714148,False,593073281.5612513
2024-02-29,300568,-0.00043814530535733406,-43814.53053573341,False,281002379.14928126
2024-02-29,300750,-0.0092569381521663,-925693.81521663,False,4907602537.904974
2024-02-29,300763,0.001079404773621579,107940.47736215791,False,649629953.6622502
2024-02-29,300769,-2.1170122925538715e-05,-2117.0122925538712,False,578750458.3446
2024-02-29,300919,0.002249896969131521,224989.69691315212,False,173787634.612111
2024-02-29,301238,0.00035074526374570883,35074.52637457088,False,84241272.10681768
2024-02-29,600110,0.00036922663524200684,36922.66352420068,False,94118610.63688144
2024-02-29,600549,-2.9639215362836646e-05,-2963.9215362836644,False,208937978.54495963
2024-02-29,600699,0.0007929048860745372,79290.48860745372,False,369932768.5995655
2024-02-29,600884,-0.0005341245812385265,-53412.458123852644,False,223318464.86772424
2024-02-29,603026,0.0006253972289569998,62539.72289569998,False,124878175.9839178
2024-02-29,603659,0.0008772282580654205,87722.82580654205,False,340693307.9780822
2024-02-29,605117,-0.0008711709463201309,-87117.09463201309,False,1077531799.8767185
2024-02-29,688005,-5.302027486890799e-05,-5302.027486890799,False,196487710.32602444
2024-02-29,688006,0.000827432033502668,82743.2033502668,False,110633287.75525579
2024-02-29,688032,-0.0010531940689038118,-105319.40689038119,False,266396636.90285188
2024-02-29,688063,0.0021992561899064934,219925.61899064935,False,350686628.03860855
2024-02-29,688116,-0.0005013224268304358,-50132.24268304358,False,168676282.65544337
2024-02-29,688248,-0.0006337480347295209,-63374.80347295209,False,129860366.15376177
2024-02-29,688390,-0.0010983698989204833,-109836.98989204832,False,568675926.3268951
2024-02-29,688499,0.00026107376835693614,26107.376835693613,False,58259756.42288323
2024-02-29,688567,0.0001577660356442516,15776.603564425159,False,124072983.34861779
2024-02-29,688707,0.00057827038775416,57827.038775416004,False,64897008.71233435
2024-02-29,688772,-0.0001467260235184769,-14672.60235184769,False,277259861.92535263
2024-02-29,688778,0.007819803635368655,781980.3635368656,False,74476196.2442399
2024-02-29,688779,0.0005025862908777786,50258.62908777787,False,135558076.20826846
2024-02-29,688819,0.00016814625261237295,16814.625261237295,False,83567738.8789875
2024-03-29,000009,0.006385983302344751,638598.3302344751,False,234659498.568163
2024-03-29,001301,-2.3184343933627116e-05,-2318.4343933627115,False,103609021.40556192
2024-03-29,002050,0.007559696201411399,755969.62014114,False,944720121.7753391
2024-03-29,002074,-2.3806436888301058e-05,-2380.643688830106,False,415750552.17128193
2024-03-29,002335,-0.0019335078447032484,-193350.78447032484,False,659293546.9058772
2024-03-29,002340,-0.004965845016201814,-496584.5016201814,False,966898421.6966385
2024-03-29,002407,-0.001273439099610637,-127343.90996106369,False,499889509.1009973
2024-03-29,002518,0.00014655020458596152,14655.020458596151,False,365450966.2190505
2024-03-29,002709,-0.0038083544049409,-380835.44049409,False,843852583.4506705
2024-03-29,002812,0.008574943262313547,857494.3262313547,False,784706758.2902927
2024-03-29,002850,-0.0012112079751791047,-121120.79751791047,False,308983592.331282
2024-03-29,300001,0.000989132420000297,98913.24200002968,False,301916723.9275897
2024-03-29,300014,0.001148863634446759,114886.3634446759,False,1041742739.4152422
2024-03-29,300035,0.0007410506165273761,74105.06165273761,False,84741436.48052058
2024-03-29,300037,0.00458444854845402,458444.85484540195,False,496030078.762191
2024-03-29,300068,0.0005669822533354001,56698.22533354002,False,237460339.31892404
2024-03-29,300073,-0.002692799573178445,-269279.9573178445,False,514502431.5418833
2024-03-29,300207,0.0030060363646032227,300603.63646032225,False,438202106.32952565
2024-03-29,300274,-0.014678126469794647,-1467812.6469794647,False,2348365619.647672
2024-03-29,300376,-0.0003477254225284906,-34772.54225284906,False,146447783.39463907
2024-03-29,300390,0.0038110318448383463,381103.18448383466,False,265359887.24211445
2024-03-29,300438,-0.002824133039339729,-282413.3039339729,False,719399511.6561635
2024-03-29,300450,-0.0030836658637273945,-308366.58637273946,False,814685007.0764831
2024-03-29,300568,0.004543753432438076,454375.3432438076,False,293079469.9198514
2024-03-29,300750,-0.011681595628254285,-1168159.5628254286,False,5452991865.816686
2024-03-29,300763,0.0012982052650700997,129820.52650700997,False,583957049.1350187
2024-03-29,300769,0.0011803178324305448,118031.78324305448,False,530611060.0851957
2024-03-29,300919,-0.002113873134792228,-211387.31347922282,False,251560725.8604576
2024-03-29,301238,-0.0005116239196036902,-51162.391960369016,False,133464560.45516162
2024-03-29,600110,0.0006585459968382595,65854.59968382595,False,82655742.53454223
2024-03-29,600549,-0.0026577226670557903,-265772.266705579,False,387909814.008585
2024-03-29,600699,-0.0008296899812963252,-82968.99812963253,False,372930857.78582925
2024-03-29,600884,0.0002212304521166126,22123.045211661258,False,281886796.8281558
2024-03-29,603026,0.0007482209914279015,74822.09914279016,False,87148232.03832436
2024-03-29,603659,-0.0016198637485527398,-161986.37485527399,False,476945656.6508497
2024-03-29,605117,-0.0005450964998877164,-54509.64998877164,False,1084069917.8999045
2024-03-29,688005,0.001334641956953991,133464.1956953991,False,256550955.1475362
2024-03-29,688006,0.0008683232333345945,86832.32333345946,False,111171226.2209733
2024-03-29,688032,0.00086850350578958,86850.350578958,False,266323415.16562423
2024-03-29,688063,-0.0010273427459663326,-102734.27459663326,False,445826025.9561359
2024-03-29,688116,0.0003129778044135348,31297.78044135348,False,161603454.8038908
2024-03-29,688248,0.0001066872864792629,10668.72864792629,False,208395893.3098995
2024-03-29,688390,0.001201369942393192,120136.9942393192,False,619158459.2223427
2024-03-29,688499,0.00010054075829235673,10054.075829235673,False,71667038.11255541
2024-03-29,688567,0.0013362074636502803,133620.74636502803,False,128232975.99497576
2024-03-29,688707,0.0008151339903473016,81513.39903473016,False,65506982.9375246
2024-03-29,688772,0.0018092748040398118,180927.48040398117,False,223714867.59284225
2024-03-29,688778,0.0009958399590575939,99583.99590575938,False,59236548.7394886
2024-03-29,688779,0.0009980577556200848,99805.77556200848,False,157250829.4288707
2024-03-29,688819,0.0007946153950109487,79461.53950109487,False,63650235.82733717
2024-04-30,000009,0.006619942717602623,661994.2717602623,False,169860615.28408176
2024-04-30,001301,-0.002087646676315611,-208764.6676315611,False,182669145.84294263
2024-04-30,002050,0.023038309769650538,2303830.976965054,False,1045003500.1169472
2024-04-30,002074,-0.0012437349774136047,-124373.49774136048,False,502221403.5773455
2024-04-30,002335,0.0014892059989145955,148920.59989145954,False,358527035.5969225
2024-04-30,002340,0.0019047726613488566,190477.26613488566,False,1076673826.261192
2024-04-30,002407,0.0013837792127254344,138377.92127254343,False,561272678.0631077
2024-04-30,002518,0.0005227182770566009,52271.82770566009,False,180621037.01791573
2024-04-30,002709,-0.0037664931829691738,-376649.31829691736,False,1254268508.7961814
2024-04-30,002812,-0.014406104481717016,-1440610.4481717017,False,980383189.0738033
2024-04-30,002850,-0.003710776825647147,-371077.6825647147,False,280395253.16754264
2024-04-30,300001,0.005954824179732194,595482.4179732194,False,242845630.49348927
2024-04-30,300014,-0.0022817702659475095,-228177.02659475096,False,809625885.9462051
2024-04-30,300035,-0.007820191789523772,-782019.1789523772,True,84741436.48052058
2024-04-30,300037,0.0030179793024072317,301797.9302407232,False,468434637.3032686
2024-04-30,300068,-0.001604224993450561,-160422.4993450561,False,452715266.33661366
2024-04-30,300073,-0.006019450807446506,-601945.0807446507,False,2634979973.926089
2024-04-30,300207,0.004146493918082906,414649.3918082906,False,474725503.1780828
2024-04-30,300274,0.0006727187379722555,67271.87379722555,False,1759122738.4558182
2024-04-30,300376,0.003468091150288178,346809.1150288178,False,68569305.24744287
2024-04-30,300390,0.0003214430331891123,32144.30331891123,False,245055427.70750198
2024-04-30,300438,-0.0009518876608174617,-95188.76608174617,False,880846370.4197388
2024-04-30,300450,-0.001935743762597062,-193574.37625970622,False,737199094.3624442
2024-04-30,300568,-0.0007602547595402243,-76025.47595402242,False,618180828.1722395
2024-04-30,300750,-0.00598680396145472,-598680.3961454721,False,4079876768.296254
2024-04-30,300763,0.0001915475956348698,19154.75956348698,False,368039838.9499756
2024-04-30,300769,0.0016372771916840067,163727.71916840068,False,492232460.6228369
2024-04-30,300919,0.005040604813034116,504060.48130341165,False,264298666.13180295
2024-04-30,301238,-0.0007431219547955215,-74312.19547955216,False,847847248.6044488
2024-04-30,301358,0.0053994678787388445,539946.7878738844,False,336672665.0078184
2024-04-30,600110,-0.008176005373236796,-817600.5373236795,True,82655742.53454223
2024-04-30,600549,0.004053007205989372,405300.72059893725,False,620645656.4990289
2024-04-30,600699,0.0038123730823450778,381237.3082345078,False,318083121.3746101
2024-04-30,600884,0.001966105610156369,196610.56101563692,False,212748556.05668816
2024-04-30,603026,-0.0007464016848185784,-74640.16848185784,False,287063761.4946621
2024-04-30,603659,-0.005728842032327718,-572884.2032327718,False,425652944.958583
2024-04-30,605117,-0.004756852793787075,-475685.27937870746,False,678656617.2589982
2024-04-30,688005,-0.003439979700508796,-343997.9700508796,False,580378911.2277572
2024-04-30,688006,-0.0010514809492604017,-105148.09492604017,False,108269881.04551955
2024-04-30,688032,0.0022542752615151568,225427.5261515157,False,241652682.313237
2024-04-30,688063,-0.0015883035398822718,-158830.35398822717,False,259622398.5032381
2024-04-30,688116,-9.736576796270761e-05,-9736.576796270761,False,426106581.13498867
2024-04-30,688248,0.0002970168087114934,29701.68087114934,False,115869845.44039583
2024-04-30,688348,0.005147594083517281,514759.4083517281,False,114090657.80840358
2024-04-30,688390,-0.0007380396298961485,-73803.96298961485,False,419759853.5764786
2024-04-30,688499,-0.0016391548123597765,-163915.48123597764,True,71667038.11255541
2024-04-30,688567,-0.0016644038799545884,-166440.38799545885,False,200999479.76197433
2024-04-30,688707,-0.0019863791081166696,-198637.91081166695,False,121031763.62503418
2024-04-30,688772,0.004428225150791968,442822.51507919683,False,225877358.39713088
2024-04-30,688778,-0.001510596241353774,-151059.6241353774,False,107847493.80037299
2024-04-30,688779,0.0003348663165930353,33486.63165930353,False,135969790.6848756
2024-04-30,688819,-0.0009039818785814896,-90398.18785814896,False,74042128.16499719
2024-05-31,000009,0.0011964379969365627,119643.79969365627,False,137853562.94951695
2024-05-31,001301,-0.00040102551628787156,-40102.55162878716,False,228453789.51013643
2024-05-31,002050,-0.009968889762176358,-996888.9762176358,False,892319614.4897114
2024-05-31,002074,-0.005156629501644947,-515662.95016449474,False,682348415.3885599
2024-05-31,002335,0.0012955180007902436,129551.80007902435,False,177633583.26784506
2024-05-31,002340,0.0013223791544116,132237.91544116,False,884178091.1153234
2024-05-31,002407,0.00012663234856397435,12663.234856397434,False,239573279.9372429
2024-05-31,002518,0.000794820030151743,79482.0030151743,False,145193799.03330916
2024-05-31,002709,-0.0004151060809910387,-41510.60809910387,False,590315256.3356453
2024-05-31,002812,0.0008119886161777022,81198.86161777022,False,474014486.7451416
2024-05-31,002850,0.0010751893531353932,107518.93531353932,False,258030408.26919097
2024-05-31,300001,-0.0033535721823806652,-335357.21823806653,False,390802052.5060725
2024-05-31,300014,-0.010176125191193298,-1017612.5191193299,False,846684019.178498
2024-05-31,300037,0.0009939138129261178,99391.38129261178,False,237281227.31308794
2024-05-31,300068,0.0005475201701756697,54752.01701756697,False,191392495.09370986
2024-05-31,300073,0.0022066756841293503,220667.56841293504,False,1186784324.406116
2024-05-31,300207,0.0012281353874146646,122813.53874146646,False,404804525.3711637
2024-05-31,300274,-0.0013984762525878353,-139847.62525878352,False,1427518852.3999057
2024-05-31,300376,0.00030476028458304577,30476.028458304576,False,133882017.86778197
2024-05-31,300390,0.0007917235771208002,79172.35771208002,False,206072017.26785547
2024-05-31,300438,0.0005332192307842777,53321.92307842777,False,342295785.4356224
2024-05-31,300450,0.002765552354509003,276555.2354509003,False,426810544.61602527
2024-05-31,300568,0.00031183291385875403,31183.291385875404,False,336215754.8612076
2024-05-31,300750,-0.0034804972394310574,-348049.7239431057,False,3490502790.6297507
2024-05-31,300763,-0.0004847651196927382,-48476.51196927382,False,463103388.5157612
2024-05-31,300769,0.00012354968930486376,12354.968930486377,False,337374489.0660986
2024-05-31,300919,-0.00022007365137749826,-22007.365137749828,False,191315442.99917966
2024-05-31,301238,0.0003912572954831695,39125.72954831695,False,330096116.3888609
2024-05-31,301358,-0.0004303831383488917,-43038.31383488917,False,258373884.57622147
2024-05-31,600549,-0.0013960505209816634,-139605.05209816634,False,517673487.52460444
2024-05-31,600699,0.0033225118638311006,332251.18638311006,False,283998976.19717634
2024-05-31,600884,0.0018035427246673712,180354.27246673714,False,122866191.44097777
2024-05-31,603026,0.0015756165762447804,157561.65762447804,False,126677612.93491039
2024-05-31,603659,0.0002569138552479741,25691.38552479741,False,478643360.27536404
2024-05-31,605117,-0.00026074190246957313,-26074.190246957314,False,528437702.34506416
2024-05-31,688005,5.520234697363631e-05,5520.234697363631,False,238392499.31923723
2024-05-31,688006,0.0007025213880401549,70252.13880401549,False,69216999.8044815
2024-05-31,688032,0.0017110578373203816,171105.78373203817,False,167183941.29434052
2024-05-31,688063,0.0018566109690409324,185661.09690409325,False,224446060.67158872
2024-05-31,688116,0.001268040888930188,126804.0888930188,False,373311118.05564773
2024-05-31,688248,0.00013498857940563106,13498.857940563106,False,198446538.31241924
2024-05-31,688348,0.0002702420337974106,27024.20337974106,False,101203522.78381424
2024-05-31,688390,0.0015765848316641028,157658.4831664103,False,326695779.5571308
2024-05-31,688567,0.005073953582672278,507395.35826722777,False,86617531.79514217
2024-05-31,688707,0.00032382596246545957,32382.596246545956,False,56745123.16556363
2024-05-31,688772,-0.0014974321763496085,-149743.21763496083,False,212958091.63095695
2024-05-31,688778,0.000421103160297232,42110.3160297232,False,99521998.63252649
2024-05-31,688779,0.0007744971646753713,77449.71646753713,False,93769236.74449292
2024-05-31,688819,0.0005929532121246688,59295.32121246688,False,72222904.36833525
2024-06-28,000009,-0.0009715435842505699,-97154.35842505698,False,123616161.86202255
2024-06-28,001301,-0.00022420793537622757,-22420.793537622758,False,162247948.68461877
2024-06-28,002050,0.00182218279178048,182218.279178048,False,1207831674.4987423
2024-06-28,002074,0.00030288183721694645,30288.183721694644,False,449327237.1631595
2024-06-28,002335,0.0006610268836791337,66102.68836791336,False,108153424.0485334
2024-06-28,002340,-0.0005617313474890195,-56173.13474890195,False,454820820.25469095
2024-06-28,002407,-0.00033549694444790987,-33549.694444790985,False,193235675.43381628
2024-06-28,002518,0.0007147332942491263,71473.32942491263,False,90094528.98569508
2024-06-28,002709,-5.38328024237561e-06,-538.328024237561,False,491168782.8162433
2024-06-28,002812,0.0024531658026011836,245316.58026011835,False,416594864.2328609
2024-06-28,002850,0.002849084470356823,284908.4470356823,False,242407409.29121208
2024-06-28,300001,-0.0009676669790551345,-96766.69790551346,False,348842681.2170957
2024-06-28,300014,-0.007797484202006634,-779748.4202006634,False,1144971419.5758111
2024-06-28,300037,-0.0018142085959425187,-181420.85959425187,False,219359876.77867204
2024-06-28,300068,0.0013480806120473188,134808.06120473187,False,153281142.2140707
2024-06-28,300073,0.0005208944591397341,52089.44591397341,False,474766964.42980593
2024-06-28,300207,-0.0035270863773431624,-352708.63773431623,False,478730444.30119705
2024-06-28,300274,0.0020488602827793967,204886.02827793968,False,1206079631.6634202
2024-06-28,300376,0.00016650106871253685,16650.106871253683,False,67780400.77725293
2024-06-28,300390,0.00041390053854676104,41390.0538546761,False,164363249.36462688
2024-06-28,300438,0.0013260694492224457,132606.94492224458,False,224164321.3805278
2024-06-28,300450,0.005672403967282216,567240.3967282216,False,340970874.20618695
2024-06-28,300568,0.0008940125172682764,89401.25172682764,False,191045950.36422735
2024-06-28,300750,0.0015437319073395295,154373.19073395294,False,3817453650.5465384
2024-06-28,300763,0.003305988717719489,330598.8717719489,False,286447276.03308123
2024-06-28,300769,0.0016881849904144472,168818.4990414447,False,211415874.9823246
2024-06-28,300919,0.0007391737874520576,73917.37874520576,False,158160331.24181232
2024-06-28,301238,0.00021510981418410664,21510.981418410665,False,99070715.34902415
2024-06-28,301358,5.963250109240585e-05,5963.2501092405855,False,327173499.8320158
2024-06-28,600549,0.00031501367948099865,31501.367948099865,False,230848965.91548404
2024-06-28,600699,-0.0013190406940990912,-131904.0694099091,False,259723614.04796767
2024-06-28,600884,0.0010977859242871767,109778.59242871767,False,191291946.45857129
2024-06-28,603026,0.00045402570095202065,45402.57009520206,False,91445289.70398617
2024-06-28,603659,-0.0004573083287545375,-45730.83287545375,False,386123883.8616852
2024-06-28,605117,-0.0033495044759359344,-334950.44759359345,False,681359107.5804427
2024-06-28,688005,0.0010626513876188359,106265.13876188359,False,202218861.6335101
2024-06-28,688006,-0.006835244246559026,-683524.4246559025,True,69216999.8044815
2024-06-28,688032,0.002178278155284683,217827.81552846832,False,241913557.84674224
2024-06-28,688063,0.0004051058389727691,40510.583897276905,False,141780924.11925524
2024-06-28,688116,0.0016999521143744485,169995.21143744484,False,202764965.46972084
2024-06-28,688248,-0.00010974909237853204,-10974.909237853204,False,185461496.24089947
2024-06-28,688348,0.0008241261088877934,82412.61088877934,False,76710802.17865352
2024-06-28,688390,0.0010954784068679582,109547.84068679581,False,208263649.0193388
2024-06-28,688567,0.0014126425899189318,141264.25899189318,False,71959926.97919807
2024-06-28,688707,-0.0030980049519213713,-309800.49519213714,True,56745123.16556363
2024-06-28,688772,-0.0033228092903310226,-332280.92903310223,False,230917857.359402
2024-06-28,688778,0.00032402262651650207,32402.262651650206,False,56607419.404107474
2024-06-28,688779,0.00045012676580873275,45012.676580873274,False,65932751.5609477
2024-06-28,688819,-0.005475198917114723,-547519.8917114723,True,72222904.36833525
2024-07-31,000009,0.0011586155930657371,115861.55930657372,False,86672362.0774307
2024-07-31,001301,0.0007058360723982879,70583.6072398288,False,86033094.89924307
2024-07-31,002050,0.006765235030733993,676523.5030733993,False,1083954210.0440874
2024-07-31,002074,0.000811312760426796,81131.2760426796,False,214330723.02967778
2024-07-31,002335,0.002168708147527334,216870.81475273342,False,171505442.88683376
2024-07-31,002340,0.002804540659067628,280454.0659067628,False,384951515.92628944
2024-07-31,002407,0.0032877559987038677,328775.59987038677,False,119343410.3503995
2024-07-31,002518,0.0010334774464374006,103347.74464374006,False,111256892.96746579
2024-07-31,002709,0.005243773142136126,524377.3142136126,False,330046510.3940996
2024-07-31,002812,0.0033041847755154938,330418.4775515494,False,342539691.5831523
2024-07-31,002850,5.9227461650664115e-05,5922.746165066412,False,151942383.86261407
2024-07-31,300001,0.0025997085406645436,259970.85406645437,False,325289313.3485591
2024-07-31,300014,0.007755148555635923,775514.8555635923,False,732806241.3116245
2024-07-31,300037,-0.0025658810533173877,-256588.10533173877,False,191731405.93205747
2024-07-31,300068,-0.00028506950454298616,-28506.950454298614,False,112948506.23181805
2024-07-31,300073,0.0036350725709196514,363507.2570919651,False,328998521.0797452
2024-07-31,300207,-0.00822597600386427,-822597.6003864269,False,1010875484.8846878
2024-07-31,300274,-0.004336162192041401,-433616.2192041401,False,1924144917.095946
2024-07-31,300376,0.0010807896542138267,108078.96542138267,False,107294383.18646538
2024-07-31,300390,0.0008125704353512328,81257.04353512327,False,126308250.67526063
2024-07-31,300438,-6.346089249931446e-05,-6346.089249931446,False,194831685.26239768
2024-07-31,300450,0.0007577648121508615,75776.48121508615,False,264895859.13754654
2024-07-31,300568,0.003070627550641549,307062.7550641549,False,125656632.03691716
2024-07-31,300750,0.0044135266761573255,441352.6676157325,False,3167390692.9529915
2024-07-31,300763,-0.007923734826352488,-792373.4826352488,False,840994938.3919895
2024-07-31,300769,0.0006206385214525528,62063.852145255274,False,179225507.49143848
2024-07-31,300919,0.0006215264019543733,62152.64019543733,False,155287981.5142809
2024-07-31,301238,0.0007835785214561973,78357.85214561973,False,59411632.086672544
2024-07-31,301358,0.0006099473159707231,60994.731597072314,False,150186320.07871884
2024-07-31,600549,0.0006424510484124915,64245.10484124915,False,201816114.0079642
2024-07-31,600699,-0.0004857206882573177,-48572.068825731774,False,295588408.4713853
2024-07-31,600884,0.00044052064854043123,44052.06485404312,False,107250931.69197702
2024-07-31,603026,0.0010433077498887694,104330.77498887695,False,60466068.3562594
2024-07-31,603659,0.0031543488846525955,315434.8884652596,False,254356106.0422803
2024-07-31,605117,-0.0033176501615032605,-331765.01615032606,False,966449218.3930107
2024-07-31,688005,0.0006374708971401653,63747.08971401653,False,141125646.51015353
2024-07-31,688032,-0.0021600053405979452,-216000.53405979453,False,270705241.85492504
2024-07-31,688063,-0.0008472374549969748,-84723.74549969748,False,147916796.59890467
2024-07-31,688116,0.0010994597066460807,109945.97066460807,False,141843476.9903467
2024-07-31,688248,0.0008268967935812933,82689.67935812933,False,69881259.2171392
2024-07-31,688348,-0.0014366988365277925,-143669.88365277924,False,151600390.22318348
2024-07-31,688390,-0.0006174667056406524,-61746.670564065236,False,282799236.71073574
2024-07-31,688567,-0.013129789306209253,-1312978.9306209253,True,71959926.97919807
2024-07-31,688772,-3.693291878841681e-05,-3693.2918788416814,False,254090732.7070999
2024-07-31,688778,-0.00800176426710002,-800176.4267100021,True,56607419.404107474
2024-07-31,688779,-0.008693965221640768,-869396.5221640768,True,65932751.5609477
2024-08-30,000009,-0.004510525041915542,-451052.5041915542,False,74910235.23387551
2024-08-30,001301,0.005605071975663945,560507.1975663945,False,59147217.10311432
2024-08-30,002050,-0.009331131744285584,-933113.1744285584,False,631991346.432317
2024-08-30,002074,0.0021994895560772006,219948.95560772007,False,208547074.6140403
2024-08-30,002126,0.02167568025945686,2167568.0259456863,False,106125785.10940428
2024-08-30,002335,-0.0030450147193815755,-304501.47193815757,False,90762804.3988049
2024-08-30,002340,0.019039475411066972,1903947.5411066972,False,245468461.79071283
2024-08-30,002407,0.002215475522803042,221547.5522803042,False,94584964.36256056
2024-08-30,002518,-0.0028268293264441307,-282682.9326444131,False,71030621.81955461
2024-08-30,002709,-0.002756225704615624,-275622.57046156237,False,274542066.53661823
2024-08-30,002812,-0.00817091322731842,-817091.3227318419,False,259743166.43798655
2024-08-30,002850,0.009282189465397694,928218.9465397694,False,108409985.48181954
2024-08-30,300001,0.0022167857407897687,221678.57407897688,False,168989794.05698365
2024-08-30,300014,0.011963839156182862,1196383.9156182862,False,581507988.0979979
2024-08-30,300037,-0.006708609576873404,-670860.9576873404,False,128531475.35328141
2024-08-30,300068,-0.00200885781615227,-200885.781615227,False,109573891.91644923
2024-08-30,300073,0.001023334395353931,102333.43953539309,False,437958790.1534852
2024-08-30,300207,0.01007485429938158,1007485.429938158,False,398978784.0374969
2024-08-30,300274,-0.0230239140688676,-2302391.4068867597,False,1271806710.5138526
2024-08-30,300376,-0.002898829021647016,-289882.9021647016,False,62737538.74883826
2024-08-30,300390,-0.002418030636702692,-241803.0636702692,False,119399050.9966186
2024-08-30,300438,-0.006195883854287472,-619588.3854287472,False,715157234.2988522
2024-08-30,300450,-0.007132491542559124,-713249.1542559124,False,249628574.73444718
2024-08-30,300457,0.010286332731885952,1028633.2731885952,False,155200235.25245205
2024-08-30,300568,-0.007392353015940276,-739235.3015940276,False,106351162.37337431
2024-08-30,300750,0.005818687019673599,581868.7019673599,False,2544480213.8963904
2024-08-30,300763,0.00026092332558144346,26092.332558144346,False,451457361.539497
2024-08-30,300769,-0.0029726884065031456,-297268.8406503146,False,194935042.42964762
2024-08-30,300919,0.000714557141786764,71455.7141786764,False,110691179.2059019
2024-08-30,301238,6.730895120250508e-05,6730.895120250508,False,95301938.12559977
2024-08-30,301358,0.01338470254507615,1338470.254507615,False,96405070.75346251
2024-08-30,301487,0.0016425736479043667,164257.36479043667,False,351865044.9243057
2024-08-30,600549,0.004472626370494972,447262.63704949716,False,165900107.7193473
2024-08-30,600699,0.0006802724534130042,68027.24534130041,False,156520826.73619357
2024-08-30,600884,-0.01491011664656605,-1491011.664656605,True,107250931.69197702
2024-08-30,603026,-0.008505619190878253,-850561.9190878253,True,60466068.3562594
2024-08-30,603659,-9.098355047137269e-05,-9098.35504713727,False,212210500.16836753
2024-08-30,605117,0.017679837846607035,1767983.7846607035,False,599361523.4048458
2024-08-30,688005,-0.0017769561175307019,-177695.61175307017,False,136161531.05029243
2024-08-30,688032,-0.004014645771626614,-401464.5771626614,False,185459640.7489296
2024-08-30,688063,-0.003901860371898461,-390186.0371898461,False,96499296.4407259
2024-08-30,688116,-0.012371397023453436,-1237139.7023453435,True,141843476.9903467
2024-08-30,688248,-0.0035010264453870688,-350102.64453870687,True,69881259.2171392
2024-08-30,688348,-0.002078570505286977,-207857.05052869767,False,104164859.89883766
2024-08-30,688390,-0.002518692206357618,-251869.2206357618,False,186469850.6214451
2024-08-30,688567,0.008587476201833118,858747.6201833118,False,59955363.83239241
2024-08-30,688772,-0.0042833875855639685,-428338.7585563968,False,141935175.55821222
2024-09-30,000009,0.00016256124832881788,16256.124832881787,False,146688896.13930443
2024-09-30,001301,-0.000712913798363933,-71291.3798363933,False,111217915.81719446
2024-09-30,002050,-0.002742800476278999,-274280.0476278999,False,997118987.0890306
2024-09-30,002074,0.0013604399310386088,136043.99310386088,False,268264779.4258442
2024-09-30,002126,0.0009137356948669406,91373.56948669406,False,139367393.62739438
2024-09-30,002335,-0.0010148238455355493,-101482.38455355493,False,206540522.84542888
2024-09-30,002340,0.002565397501620395,256539.7501620395,False,397446196.142029
2024-09-30,002407,-0.0005411230240173481,-54112.302401734814,False,150383423.0268733
2024-09-30,002518,-0.000461763356889848,-46176.3356889848,False,90874163.92830572
2024-09-30,002709,0.0002067615485207841,20676.15485207841,False,554486584.0156189
2024-09-30,002812,0.0009777722560401873,97777.22560401873,False,419606773.4068221
2024-09-30,002850,-0.0014389137772332986,-143891.37772332985,False,223810010.37278253
2024-09-30,300001,-0.0006104381988378677,-61043.81988378677,False,192659179.8406493
2024-09-30,300014,-0.010289399062812815,-1028939.9062812815,False,839638618.2313555
2024-09-30,300037,0.001695520041344687,169552.0041344687,False,208984795.56500626
2024-09-30,300068,-0.006408657297517328,-640865.7297517328,False,2155218562.2751527
2024-09-30,300073,-0.0010884324220538644,-108843.24220538644,False,854817456.6628873
2024-09-30,300207,-0.004226445577888885,-422644.55778888846,False,647050880.8829811
2024-09-30,300274,0.002608270171808244,260827.01718082442,False,1762530684.9949634
2024-09-30,300376,-0.0005703925149087644,-57039.251490876435,False,62399251.745101586
2024-09-30,300390,-0.0029573201860384896,-295732.01860384893,False,246311011.89835486
2024-09-30,300438,0.001730862098604756,173086.2098604756,False,1557207300.2538996
2024-09-30,300450,-0.001369904392732494,-136990.4392732494,False,416948340.2028615
2024-09-30,300457,-0.0008487507469280321,-84875.07469280322,False,329954141.48882675
2024-09-30,300568,-0.0008823939068420342,-88239.39068420342,False,258647785.4576127
2024-09-30,300750,-0.004424529376483161,-442452.93764831603,False,4302662064.58392
2024-09-30,300763,-0.0012262362218346638,-122623.62218346639,False,701843689.3256365
2024-09-30,300769,-0.002315398903030106,-231539.89030301062,False,480987303.5397439
2024-09-30,300919,-0.0017104964907116264,-171049.64907116265,False,180261799.7243723
2024-09-30,301238,7.962698508481077e-05,7962.698508481078,False,150424391.33615932
2024-09-30,301358,-0.002791493514110517,-279149.3514110517,False,166306622.47615394
2024-09-30,301487,-0.0003272855388444392,-32728.553884443918,False,460672248.1681801
2024-09-30,600549,0.0012088342685830991,120883.42685830992,False,222602668.0699068
2024-09-30,600699,0.0007195456637909721,71954.5663790972,False,204347967.9014464
2024-09-30,600995,0.014613761557474134,1461376.1557474134,False,62839133.750823304
2024-09-30,603659,-1.155455636333777e-05,-1155.455636333777,False,281859249.9928837
2024-09-30,605117,0.0030992163719067017,309921.6371906702,False,645606071.9585791
2024-09-30,688005,-0.00032128790756412104,-32128.790756412105,False,155132987.46333855
2024-09-30,688032,-0.00011655479858474656,-11655.479858474655,False,174560127.29750022
2024-09-30,688063,0.0005207296434572468,52072.964345724686,False,221080935.62063617
2024-09-30,688248,0.006004932075966191,600493.2075966191,False,54968882.082389735
2024-09-30,688348,-0.0002256870118454565,-22568.70118454565,False,136939092.8037754
2024-09-30,688390,-0.0007217350971752091,-72173.50971752091,False,409142051.5714346
2024-09-30,688567,-0.00017936027876677176,-17936.027876677177,False,63172945.55942998
2024-09-30,688772,0.001558323284164661,155832.3284164661,False,125407357.97515039
2024-09-30,688779,0.004915622089982814,491562.20899828145,False,63984106.03541763
2024-09-30,688819,0.005458335281655191,545833.5281655191,False,90817440.25626536
2024-10-31,000009,-0.004025214503938213,-402521.45039382135,False,450707957.1835535
2024-10-31,001301,-0.0016571371498206432,-165713.71498206432,False,288124178.27605855
2024-10-31,002050,0.005877104069094988,587710.4069094987,False,2092950144.2788525
2024-10-31,002074,0.000988897916516674,98889.7916516674,False,745235078.0996519
2024-10-31,002126,0.0012612210444160402,126122.10444160401,False,374290123.99623024
2024-10-31,002335,-0.00044590720207826704,-44590.72020782671,False,511459418.1783007
2024-10-31,002340,-8.006493466793108e-05,-8006.4934667931075,False,1205114233.165621
2024-10-31,002407,0.0011908166766112678,119081.66766112678,False,409970966.3502333
2024-10-31,002518,0.00023278510448557568,23278.51044855757,False,273742763.01032287
2024-10-31,002709,-0.0008055133842873284,-80551.33842873284,False,1143160918.2209487
2024-10-31,002812,-0.0005883625842936641,-58836.258429366404,False,872695600.212146
2024-10-31,002850,-0.0007845658738750705,-78456.58738750705,False,384312837.6482563
2024-10-31,300001,9.685146710144282e-05,9685.146710144283,False,691311007.4849015
2024-10-31,300014,-0.0018700399107732801,-187003.991077328,False,3195966580.9279757
2024-10-31,300037,0.0017996146954961864,179961.46954961863,False,555888750.4770603
2024-10-31,300068,-0.0019136639898329633,-191366.39898329633,False,3589348718.37522
2024-10-31,300073,-0.001566196586484693,-156619.6586484693,False,1579208262.5820212
2024-10-31,300207,-0.0038701938009033723,-387019.38009033725,False,1896030851.2372353
2024-10-31,300274,-0.0019417035161237578,-194170.3516123758,False,5068323677.326628
2024-10-31,300376,-0.00021539654047051607,-21539.65404705161,False,200223078.43046665
2024-10-31,300390,-0.001110533565444792,-111053.3565444792,False,889456754.3256018
2024-10-31,300438,-0.0011078316034393524,-110783.16034393523,False,1571951906.225634
2024-10-31,300450,-0.002768189447158457,-276818.9447158457,False,1227611372.9833424
2024-10-31,300457,-0.0023867106958263117,-238671.06958263117,False,896195996.014745
2024-10-31,300568,-0.0020059124364891993,-200591.24364891992,False,777830457.3839979
2024-10-31,300750,0.0013882086991451464,138820.86991451465,False,13174086850.339617
2024-10-31,300763,0.0024248067203468514,242480.67203468515,False,1401582190.450988
2024-10-31,300769,-0.000585352175730961,-58535.217573096095,False,1258821448.1009116
2024-10-31,300919,-0.0009025222806836528,-90252.22806836528,False,562479362.4958227
2024-10-31,301238,0.00041454465879429796,41454.465879429794,False,254922075.6630784
2024-10-31,301358,-0.004610912711793778,-461091.27117937786,False,718805175.7420425
2024-10-31,301487,-1.2934570086138054e-05,-1293.4570086138056,False,693435415.0942569
2024-10-31,600549,0.0024892947847073056,248929.47847073057,False,521554325.43668187
2024-10-31,600699,0.00031262713172799245,31262.713172799246,False,544460666.3044274
2024-10-31,600995,0.0009972225415941088,99722.25415941088,False,164998015.74110317
2024-10-31,603659,-0.002283649241178909,-228364.92411789089,False,711754787.6202005
2024-10-31,605117,0.006438176575063133,643817.6575063133,False,1191157412.2321103
2024-10-31,688005,-0.0004718227604748951,-47182.276047489504,False,431627613.66098136
2024-10-31,688006,0.00490622607854239,490622.607854239,False,147445050.02438465
2024-10-31,688032,0.0006406663064588512,64066.63064588512,False,463020916.7349312
2024-10-31,688063,-0.00035747715329344405,-35747.715329344406,False,443686196.1912247
2024-10-31,688248,-6.322673581809178e-05,-6322.673581809178,False,213215953.6941104
2024-10-31,688348,2.6775986550368457e-05,2677.5986550368457,False,305944394.78111476
2024-10-31,688390,0.0003423140040651673,34231.40040651673,False,730446138.8076833
2024-10-31,688567,0.0004714674009489075,47146.740094890745,False,196167910.1888979
2024-10-31,688772,-0.00016187435210763407,-16187.435210763406,False,382657847.80670834
2024-10-31,688778,0.005948040874168265,594804.0874168265,False,162560393.8402756
2024-10-31,688779,-0.0001020221862805537,-10202.21862805537,False,213064390.65259212
2024-10-31,688819,0.0003478074241072826,34780.74241072826,False,158436772.60248965
2024-11-29,000009,0.0029594325115612184,295943.25115612184,False,597757109.595895
2024-11-29,001301,-0.0008492760965999671,-84927.60965999671,False,323373943.7600916
2024-11-29,002050,-0.004431202010016677,-443120.2010016677,False,2478477230.4396496
2024-11-29,002074,-0.0016614344807902512,-166143.4480790251,False,1124591198.4525485
2024-11-29,002126,0.002645704559008675,264570.45590086747,False,265744985.72643718
2024-11-29,002335,0.0013045083032809778,130450.83032809779,False,336684804.7860539
2024-11-29,002340,0.0015196192294212735,151961.92294212733,False,1351002905.9244556
2024-11-29,002407,-0.002789947874459759,-278994.7874459759,False,680503969.6457428
2024-11-29,002518,0.000282695425699947,28269.542569994697,False,260748495.29312295
2024-11-29,002709,-0.007469477311604494,-746947.7311604494,False,1884731752.0220802
2024-11-29,002812,-0.0009678181687247239,-96781.8168724724,False,956538806.4504292
2024-11-29,002850,-0.0006724825188655047,-67248.25188655047,False,384304485.8791405
2024-11-29,300001,0.0005222130730986561,52221.30730986562,False,523144426.97776526
2024-11-29,300014,0.0018293717931798723,182937.17931798723,False,2319226780.065404
2024-11-29,300037,-0.00048303902073800267,-48303.902073800265,False,529463409.1546707
2024-11-29,300068,0.0013274636102448634,132746.36102448634,False,2276010411.2593384
2024-11-29,300073,-0.0002536503351359652,-25365.03351359652,False,1890439210.2948952
2024-11-29,300207,0.0018279764430171527,182797.64430171528,False,1517158377.668354
2024-11-29,300274,0.010836022676796883,1083602.2676796883,False,3864701488.3088355
2024-11-29,300376,0.0008227912066590894,82279.12066590894,False,126548484.18594427
2024-11-29,300390,-0.0028605176995842516,-286051.76995842514,False,1176594080.2437153
2024-11-29,300438,0.0004916755721909478,49167.557219094786,False,1235584784.383271
2024-11-29,300450,-0.004369401945576459,-436940.19455764594,False,2243932512.1738873
2024-11-29,300457,0.0015262674343833812,152626.74343833813,False,643943612.548697
2024-11-29,300568,-0.00035365251916335237,-35365.25191633523,False,923489603.2327772
2024-11-29,300750,-0.00416635969904515,-416635.96990451496,False,9391490375.352077
2024-11-29,300763,0.0011680218148440828,116802.18148440828,False,887269086.1560905
2024-11-29,300769,-0.0009742864669491803,-97428.64669491803,False,1025433910.8326027
2024-11-29,300919,-0.0003283485733237834,-32834.85733237834,False,559954620.278189
2024-11-29,301238,4.3158027335258795e-05,4315.802733525879,False,365072098.6471173
2024-11-29,301358,0.00012774847658741234,12774.847658741233,False,689839563.945854
2024-11-29,301487,-0.00022386891032772954,-22386.891032772954,False,802002676.4748843
2024-11-29,600549,-0.002186958610264335,-218695.8610264335,False,1020225811.3471733
2024-11-29,600699,0.0021404121361655835,214041.21361655835,False,600123219.5203384
2024-11-29,600995,0.0007292870839221057,72928.70839221057,False,172802608.94406205
2024-11-29,603659,-0.0022634629374510447,-226346.29374510446,False,1035181044.0077851
2024-11-29,605117,0.0036451156012345803,364511.56012345804,False,887242667.7432979
2024-11-29,688005,-0.0012769511493470765,-127695.11493470766,False,771791620.4853404
2024-11-29,688006,-0.0005031440099437937,-50314.40099437937,False,185090874.9879528
2024-11-29,688032,0.0011356457156315733,113564.57156315733,False,332013665.90453875
2024-11-29,688063,0.0004809205784916384,48092.05784916384,False,354598311.8911842
2024-11-29,688248,0.0008703364972666933,87033.64972666933,False,146637268.1379141
2024-11-29,688348,0.0005541941750946714,55419.417509467145,False,203584901.8795473
2024-11-29,688390,0.0010334696654858509,103346.96654858509,False,429107948.5269445
2024-11-29,688567,0.00041333500875050284,41333.50087505028,False,195397651.09122983
2024-11-29,688772,0.0012287378170749777,122873.78170749776,False,267917990.39328966
2024-11-29,688778,-0.0023545589497957686,-235455.89497957687,False,605524041.0920675
2024-11-29,688779,-3.460807517911314e-05,-3460.8075179113143,False,220284255.36690778
2024-11-29,688819,-9.383769877351761e-05,-9383.76987735176,False,137032045.86735696
2024-12-31,000009,-0.000847717205167485,-84771.7205167485,False,177989507.67951307
2024-12-31,001301,0.0004633657115659419,46336.57115659419,False,229989438.62439346
2024-12-31,002050,-0.007387288357857347,-738728.8357857347,False,1671150533.5571284
2024-12-31,002074,0.0016880898359573245,168808.98359573245,False,397895683.2962681
2024-12-31,002126,-0.004048343898312212,-404834.3898312212,False,327395782.1735603
2024-12-31,002335,-0.0026280669317007904,-262806.69317007903,False,745926536.2185538
2024-12-31,002340,-0.0036382341337965196,-363823.41337965196,False,448259873.0094352
2024-12-31,002407,0.0003672931193750839,36729.31193750839,False,276767666.33710766
2024-12-31,002518,-0.0011449131065932342,-114491.31065932343,False,344023063.744057
2024-12-31,002709,0.00579439902250917,579439.902250917,False,651612378.9015281
2024-12-31,002812,0.002266822470433215,226682.2470433215,False,346964259.76860887
2024-12-31,002850,0.0026069239794511596,260692.39794511595,False,388623078.6954533
2024-12-31,300001,-0.0005049232068839692,-50492.32068839692,False,330761289.47281295
2024-12-31,300014,-0.003458026138956863,-345802.6138956863,False,1181521360.1582866
2024-12-31,300037,-0.0006702071507307117,-67020.71507307117,False,332842583.50362414
2024-12-31,300068,0.0011879627422622984,118796.27422622984,False,967187064.4699574
2024-12-31,300073,0.0016954963528676772,169549.63528676773,False,530723750.4471571
2024-12-31,300207,-0.001720303634306669,-172030.3634306669,False,650809183.8453548
2024-12-31,300274,-4.100380915518509e-05,-4100.380915518509,False,2378442216.107604
2024-12-31,300376,4.971530613816135e-05,4971.530613816135,False,78291889.65823181
2024-12-31,300390,0.002137643898504229,213764.38985042291,False,362064309.5028378
2024-12-31,300438,0.0012447909285819379,124479.09285819379,False,428061519.6817683
2024-12-31,300450,0.004097463049436079,409746.30494360795,False,732587891.1522831
2024-12-31,300457,0.0006489882498777119,64898.82498777119,False,244962602.69698876
2024-12-31,300568,0.0014318991480694963,143189.91480694962,False,391835204.95510787
2024-12-31,300750,-0.010251841392730235,-1025184.1392730235,False,5751742577.800713
2024-12-31,300763,0.001448750203482313,144875.0203482313,False,469795694.4799992
2024-12-31,300769,0.0016228023694199994,162280.23694199993,False,610830250.8384088
2024-12-31,300919,0.0007893389047717199,78933.89047717198,False,312151096.29729176
2024-12-31,301238,0.0003107203300806386,31072.03300806386,False,102576474.58585063
2024-12-31,301358,0.001090483291729668,109048.3291729668,False,436313505.34947526
2024-12-31,301487,0.00037833773525796114,37833.77352579612,False,473144177.1087367
2024-12-31,600549,-0.0004451220516082065,-44512.205160820646,False,302437449.49606323
2024-12-31,600699,-0.002001940960888588,-200194.09608885882,False,388159456.0050332
2024-12-31,600995,3.7256819461831125e-05,3725.6819461831124,False,86431660.15830322
2024-12-31,603659,0.004386597461975828,438659.7461975828,False,363606604.28685915
2024-12-31,605117,-0.002063144191628924,-206314.4191628924,False,523147014.4390608
2024-12-31,688005,0.0013035845357977274,130358.45357977273,False,265481775.89214963
2024-12-31,688006,0.0009359764118688886,93597.64118688887,False,76930806.1584404
2024-12-31,688032,0.0007637111432905403,76371.11432905402,False,162201998.4845894
2024-12-31,688063,0.0008589070855676241,85890.7085567624,False,175791073.80878067
2024-12-31,688248,-0.00010990184043917304,-10990.184043917305,False,104328537.53468819
2024-12-31,688348,0.0006802946755995066,68029.46755995066,False,108929140.5379078
2024-12-31,688390,0.0007320773571459901,73207.73571459901,False,198557277.50916252
2024-12-31,688567,-0.00016922207965571097,-16922.2079655711,False,162564730.24088612
2024-12-31,688772,-0.0010634518208046204,-106345.18208046204,False,183328041.7041974
2024-12-31,688778,0.0006081772285899401,60817.722858994006,False,225676564.11438885
2024-12-31,688779,0.0003262617529473672,32626.17529473672,False,116655804.86260335
2024-12-31,688819,0.00013130059255652988,13130.059255652988,False,79038376.91033325
2025-01-27,000009,0.0023291050483349174,232910.50483349175,False,119870882.54962806
2025-01-27,001301,0.0012404028835012078,124040.28835012078,False,200134694.44190025
2025-01-27,002050,-0.018956486894919904,-1895648.6894919903,False,4040777884.118087
2025-01-27,002074,-0.0008477515950980896,-84775.15950980896,False,268230468.9910369
2025-01-27,002126,-0.0010951714823868829,-109517.14823868829,False,578679573.2913305
2025-01-27,002335,4.3441726023457465e-05,4344.172602345747,False,1178319838.697078
2025-01-27,002340,0.00252376148087928,252376.148087928,False,337245042.19503045
2025-01-27,002407,0.0014197031281443367,141970.31281443368,False,146857140.72234505
2025-01-27,002518,-0.0006264687767878595,-62646.87767878595,False,951234576.6360607
2025-01-27,002709,0.0002838539259902295,28385.39259902295,False,483237585.3367766
2025-01-27,002812,0.0014538282496442262,145382.82496442262,False,291055542.24067384
2025-01-27,002850,-0.004106387656114839,-410638.7656114839,False,452455124.57925147
2025-01-27,300001,-0.0018053035906483612,-180530.3590648361,False,405344836.4453346
2025-01-27,300014,0.005234769190550707,523476.9190550707,False,954925362.8647254
2025-01-27,300037,0.0006452965998818318,64529.65998818318,False,433576073.87579155
2025-01-27,300068,0.0009125771802212957,91257.71802212957,False,863774188.708828
2025-01-27,300073,0.002645949684721465,264594.9684721465,False,346742262.07529294
2025-01-27,300207,0.0015781519893412338,157815.1989341234,False,520946412.78329545
2025-01-27,300274,0.004433992508613663,443399.2508613663,False,2191412948.930124
2025-01-27,300376,-0.00472645278879239,-472645.278879239,True,78291889.65823181
2025-01-27,300390,0.0006840736399205925,68407.36399205925,False,233018142.89025575
2025-01-27,300438,0.000618026717286572,61802.671728657195,False,279422247.16080475
2025-01-27,300450,0.00011704893672687816,11704.893672687816,False,433551268.9351815
2025-01-27,300457,0.0008792702207320036,87927.02207320035,False,203219285.11339656
2025-01-27,300568,4.1738442277734766e-05,4173.844227773477,False,264814449.7964084
2025-01-27,300750,0.0015454546192022744,154545.46192022745,False,5420136271.585938
2025-01-27,300763,0.0011751591506951216,117515.91506951216,False,427259855.2835676
2025-01-27,300769,0.0005079735375723635,50797.35375723635,False,329260058.33987415
2025-01-27,300919,0.001991738770959376,199173.8770959376,False,183327302.6378973
2025-01-27,301238,0.00034773677434731323,34773.677434731326,False,60416485.80272613
2025-01-27,301358,0.0007833999138738765,78339.99138738765,False,383436972.3826939
2025-01-27,301487,0.00015777845288093817,15777.845288093817,False,216641998.5920702
2025-01-27,600549,-0.0007550720232065364,-75507.20232065364,False,225605216.4855751
2025-01-27,600699,-0.001334426331859529,-133442.6331859529,False,442994553.4466044
2025-01-27,600995,0.0009774990007365668,97749.90007365668,False,73930164.985351
2025-01-27,603659,0.0004500143230499083,45001.432304990834,False,309387209.04070294
2025-01-27,605117,-0.0051808240215883775,-518082.40215883777,False,709720983.2872152
2025-01-27,688005,-0.0001132580456333198,-11325.80456333198,False,187242002.58423766
2025-01-27,688006,6.9339119297223e-05,6933.9119297223,False,50851672.05646686
2025-01-27,688032,0.0007675902773219088,76759.02773219088,False,117855932.96288681
2025-01-27,688063,0.0003879153926851517,38791.539268515175,False,119295498.59835263
2025-01-27,688248,0.001116124698115114,111612.46981151139,False,66588622.80164299
2025-01-27,688348,-6.069539599585106e-06,-606.9539599585106,False,73539709.73794842
2025-01-27,688390,7.894816084532026e-05,7894.816084532026,False,193568141.82116452
2025-01-27,688567,0.0006976436036772882,69764.36036772882,False,172253448.8436203
2025-01-27,688772,0.00030427353450632015,30427.353450632014,False,159163510.72665876
2025-01-27,688778,-6.728860206867224e-05,-6728.860206867224,False,140086589.06772155
2025-01-27,688779,0.000562633317859663,56263.33178596629,False,68115200.91353293
2025-01-27,688819,0.0005152584589501342,51525.845895013415,False,56276914.11490879
2025-02-28,000009,0.000699010817254115,69901.0817254115,False,245567347.08734307
2025-02-28,001301,0.0009276938683727906,92769.38683727906,False,292180991.6956509
2025-02-28,002050,0.009725996820615479,972599.6820615479,False,5628521907.334634
2025-02-28,002074,-0.001250164354386546,-125016.43543865459,False,522244427.432244
2025-02-28,002126,-0.012097677687797747,-1209767.7687797747,False,1353837069.3445783
2025-02-28,002335,-0.003422172316325043,-342217.23163250426,False,2010746623.2426865
2025-02-28,002340,-4.0594002858877765e-05,-4059.4002858877766,False,715385683.6257617
2025-02-28,002407,0.000243890264899356,24389.0264899356,False,228887816.5813105
2025-02-28,002518,0.0001965651916251152,19656.51916251152,False,897706043.5527388
2025-02-28,002709,-0.0004824656318500563,-48246.56318500563,False,846879258.2130414
2025-02-28,002812,-0.00032156143551781424,-32156.143551781424,False,425790666.2751069
2025-02-28,002850,-0.003123577662529523,-312357.76625295234,False,930581381.2164223
2025-02-28,300001,0.0023349809514025092,233498.09514025092,False,488982766.0193535
2025-02-28,300014,0.0007778429548418245,77784.29548418245,False,1412207168.605857
2025-02-28,300037,-0.0009565000765933487,-95650.00765933488,False,568729490.5167544
2025-02-28,300068,-0.0036671835572074695,-366718.355720747,False,1739678795.767239
2025-02-28,300073,-0.0032372453014655744,-323724.53014655743,False,893036472.5018194
2025-02-28,300207,-0.002116440648162063,-211644.0648162063,False,1113033387.638389
2025-02-28,300274,0.008353992223038634,835399.2223038634,False,3002807093.9526844
2025-02-28,300376,0.005924322634358446,592432.2634358446,False,62108454.53057531
2025-02-28,300390,0.0007432415389496579,74324.15389496578,False,419008398.1321968
2025-02-28,300438,-0.0011706750004310228,-117067.50004310228,False,790797300.8804637
2025-02-28,300450,-0.0017088335111959466,-170883.35111959465,False,1120512635.128329
2025-02-28,300457,-0.0005718605766969458,-57186.05766969459,False,419411492.72298527
2025-02-28,300568,-0.0006054677766344982,-60546.77766344982,False,652186078.8800509
2025-02-28,300750,0.007035474393127725,703547.4393127725,False,6671095246.902616
2025-02-28,300763,0.0005877303812561879,58773.03812561879,False,589830982.2675091
2025-02-28,300769,-0.0005323413945721219,-53234.13945721219,False,415180114.1501257
2025-02-28,300919,-0.0006641653466933697,-66416.53466933698,False,307366424.8526777
2025-02-28,301238,-0.0023845512221021877,-238455.12221021877,False,586736996.0444579
2025-02-28,301358,0.0024420395440069784,244203.95440069784,False,374534839.0114393
2025-02-28,301487,-0.00014651207974027288,-14651.207974027287,False,391977568.12248516
2025-02-28,600549,0.0025292497190827976,252924.97190827975,False,298904638.10025567
2025-02-28,600699,-0.0008537965745004997,-85379.65745004997,False,899463520.7969005
2025-02-28,600995,0.00042806357868636555,42806.35786863656,False,88264262.6428463
2025-02-28,603659,-0.0013755704238375757,-137557.04238375757,False,538847651.4351915
2025-02-28,605117,0.0006792148624990835,67921.48624990835,False,753649869.8940163
2025-02-28,688005,-0.00028090836748186597,-28090.836748186597,False,350700188.78134936
2025-02-28,688006,-0.0003162058015911519,-31620.58015911519,False,114102710.47535124
2025-02-28,688032,0.0004451165610686817,44511.65610686817,False,159706708.4619503
2025-02-28,688063,-0.0004631574359784535,-46315.74359784535,False,266703333.2299059
2025-02-28,688248,-8.296518664262058e-05,-8296.518664262057,False,111617177.50651503
2025-02-28,688348,0.0003995138806314538,39951.38806314538,False,112215357.10461636
2025-02-28,688390,0.00027400380189759096,27400.380189759097,False,299928315.081814
2025-02-28,688567,-0.001608134356268406,-160813.4356268406,False,223230017.64518398
2025-02-28,688772,-0.00016859545544053306,-16859.545544053304,False,211147568.41069373
2025-02-28,688778,-0.0005492685873749294,-54926.85873749294,False,299699019.4428135
2025-02-28,688779,-0.00027076971901996566,-27076.971901996567,False,101643265.01533088
2025-02-28,688819,-0.00038618402488755244,-38618.402488755244,False,129500268.48795691
2025-03-31,000009,0.00032404512364665045,32404.512364665046,False,163776343.7675748
2025-03-31,001301,-0.002002644240696773,-200264.42406967728,False,375957474.2039936
2025-03-31,002050,-0.0008367722527471005,-83677.22527471006,False,2987353899.6577516
2025-03-31,002074,0.0017441812470616776,174418.12470616776,False,508367226.2312401
2025-03-31,002126,0.0024144441883647075,241444.41883647075,False,1874077601.9006596
2025-03-31,002335,0.0006481794826206574,64817.94826206574,False,2648489485.8734646
2025-03-31,002340,0.0011731881159370364,117318.81159370363,False,691525658.5858215
2025-03-31,002407,-0.0005055689467793577,-50556.894677935765,False,268154380.99601454
2025-03-31,002518,-8.818252700610284e-06,-881.8252700610284,False,620772860.9217112
2025-03-31,002709,0.002292849692690495,229284.96926904947,False,647466137.3001932
2025-03-31,002812,0.0006217221175018189,62172.211750181894,False,465820605.072713
2025-03-31,002850,0.00026958107162993253,26958.107162993252,False,576531785.8035858
2025-03-31,300001,-9.742179162561954e-05,-9742.179162561953,False,433449683.85789937
2025-03-31,300014,-0.003882575199670224,-388257.5199670224,False,1495922546.764636
2025-03-31,300037,0.0019960302318212005,199603.02318212006,False,509366729.3057383
2025-03-31,300068,0.0010928835537607415,109288.35537607415,False,1763826895.412793
2025-03-31,300073,0.0011155092780965464,111550.92780965465,False,960387417.9710128
2025-03-31,300207,0.0024443924075771666,244439.24075771665,False,749010236.0204526
2025-03-31,300274,-0.0053781903682601495,-537819.036826015,False,2756805765.1021743
2025-03-31,300376,-0.005820730548847864,-582073.0548847865,True,62108454.53057531
2025-03-31,300390,0.0006947316112560532,69473.16112560533,False,345110443.6784976
2025-03-31,300438,0.000919169900936336,91916.9900936336,False,459944823.71689034
2025-03-31,300450,0.0021942123415661166,219421.23415661167,False,744374412.9774358
2025-03-31,300457,-6.171983387247282e-05,-6171.983387247282,False,429815946.2334844
2025-03-31,300568,0.001318399652588613,131839.9652588613,False,516285949.9768688
2025-03-31,300750,-0.00015165264415749335,-15165.264415749336,False,5812636278.903129
2025-03-31,300763,-0.0012777536645425906,-127775.36645425906,False,870378653.4060996
2025-03-31,300769,0.0010945939916172402,109459.39916172402,False,294511236.9038536
2025-03-31,300919,0.00038919900243758465,38919.900243758464,False,310515307.06478864
2025-03-31,301238,0.0008634304115596493,86343.04115596494,False,426623860.99099076
2025-03-31,301358,0.0007005490239322815,70054.90239322814,False,444448082.05592406
2025-03-31,301487,0.000271062661607428,27106.266160742798,False,472579968.0072783
2025-03-31,600549,-0.0022874657914355653,-228746.57914355653,False,494963898.1607424
2025-03-31,600699,-0.00017652476295082487,-17652.476295082488,False,553473665.5407972
2025-03-31,600995,0.0005994759001079139,59947.59001079139,False,83579808.2023931
2025-03-31,603659,-0.0023220169594929917,-232201.69594929917,False,676374836.5842092
2025-03-31,605117,-0.0008739528559356322,-87395.28559356321,False,623543030.423178
2025-03-31,688005,0.0009333738839383925,93337.38839383924,False,318573120.8055562
2025-03-31,688006,0.00018875281067781604,18875.281067781605,False,94005401.77316141
2025-03-31,688032,-0.0004921208460043,-49212.084600430004,False,214498174.51265258
2025-03-31,688063,0.0003858027099884285,38580.27099884285,False,226290133.7838394
2025-03-31,688248,-0.00013946018823563118,-13946.018823563118,False,80268408.44286594
2025-03-31,688348,-4.9347937176357284e-06,-493.47937176357283,False,154086817.35268918
2025-03-31,688390,-0.0004496361393617745,-44963.61393617745,False,374734483.0459854
2025-03-31,688567,-0.000669309615565928,-66930.9615565928,False,370352997.2382796
2025-03-31,688772,0.00022025390884499417,22025.39088449942,False,180268799.49301225
2025-03-31,688778,0.0008157831365852367,81578.31365852366,False,246363110.3120697
2025-03-31,688779,6.778373276484801e-05,6778.373276484801,False,100668711.62512305
2025-03-31,688819,-0.00042026634565927885,-42026.63456592788,False,119144501.36382866
2025-04-30,000009,-0.0034311616708845305,-343116.1670884531,False,122813967.82862015
2025-04-30,001301,0.0034443827878708477,344438.2787870848,False,222331869.30007896
2025-04-30,002050,-0.001492285888980073,-149228.5888980073,False,2112809798.9813373
2025-04-30,002074,1.2727564582773465e-05,1272.7564582773466,False,270156356.51955307
2025-04-30,002126,-0.003131643882373459,-313164.3882373459,False,750398223.0071552
2025-04-30,002335,0.000866797783930345,86679.7783930345,False,1151732985.7239976
2025-04-30,002340,-0.01250973825404722,-1250973.825404722,False,323365220.13662356
2025-04-30,002407,-0.0016998628454879712,-169986.28454879712,False,131774689.7470643
2025-04-30,002518,0.0009722912555979778,97229.12555979779,False,225420366.89953023
2025-04-30,002709,0.004598340205734821,459834.0205734821,False,303085599.3934871
2025-04-30,002812,-0.005325670840552646,-532567.0840552646,False,218105835.0056138
2025-04-30,002850,-0.004052101434058691,-405210.1434058691,False,503497267.8778057
2025-04-30,300001,-0.006015559461982348,-601555.9461982348,False,582530333.1433232
2025-04-30,300014,0.005263674580614948,526367.4580614947,False,805603898.9546564
2025-04-30,300037,0.0013899867232364457,138998.67232364457,False,235686963.19572657
2025-04-30,300068,-0.006175952450184242,-617595.2450184241,True,1763826895.412793
2025-04-30,300073,-0.0016792626569937415,-167926.26569937414,False,360728263.7382429
2025-04-30,300207,0.004608832966441288,460883.29664412886,False,555381353.6157347
2025-04-30,300274,0.0031013691291685574,310136.91291685577,False,2334897062.114904
2025-04-30,300390,-0.000997208575648294,-99720.8575648294,False,189726506.7558775
2025-04-30,300432,0.013325724894950512,1332572.489495051,False,736143243.1569457
2025-04-30,300438,0.001173082554199822,117308.2554199822,False,212415313.84414235
2025-04-30,300450,0.00041326767606106665,41326.76760610667,False,348477712.2842784
2025-04-30,300457,-0.0016659937282381887,-166599.37282381888,False,179006407.4487219
2025-04-30,300568,-0.0014045205626560062,-140452.05626560064,False,236959325.15390664
2025-04-30,300750,-0.006476520366428304,-647652.0366428304,False,5798243473.068023
2025-04-30,300763,0.004620194932375702,462019.4932375702,False,727845200.2393494
2025-04-30,300769,0.0006732223388310555,67322.23388310554,False,162782242.25623474
2025-04-30,300827,0.008293407397916185,829340.7397916185,False,429423078.7002193
2025-04-30,300919,-0.0006903688053926244,-69036.88053926243,False,172592281.45194808
2025-04-30,301238,-0.0012184655142972699,-121846.55142972698,False,161547917.84838176
2025-04-30,301358,0.003071481332192009,307148.13321920094,False,319310532.9518424
2025-04-30,301487,0.000830764315904107,83076.4315904107,False,173042840.44088164
2025-04-30,600549,-0.003383949248869516,-338394.9248869516,False,310803642.24118346
2025-04-30,600699,-0.002680713765071327,-268071.3765071327,False,373488710.6816431
2025-04-30,600995,-0.003810847074068778,-381084.70740687783,False,118496291.01680322
2025-04-30,603659,-0.0001331122731496985,-13311.22731496985,False,317641834.89692247
2025-04-30,605117,0.0026749189479754257,267491.89479754254,False,451294196.08441275
2025-04-30,688005,0.0013990106845072486,139901.06845072485,False,259023869.9439579
2025-04-30,688006,-0.005482227725352307,-548222.7725352307,True,94005401.77316141
2025-04-30,688032,-0.0019519374977002282,-195193.7497700228,False,110032372.42125282
2025-04-30,688063,-0.00131057765442539,-131057.765442539,False,180343491.4798979
2025-04-30,688248,0.0013083245149059682,130832.45149059681,False,66020253.55503197
2025-04-30,688348,-0.003835665441876633,-383566.5441876633,True,154086817.35268918
2025-04-30,688390,-0.00018174698676081975,-18174.698676081975,False,280505141.960791
2025-04-30,688472,0.0146329471507306,1463294.71507306,False,168295315.7268649
2025-04-30,688567,0.0016250747717603056,162507.47717603057,False,141215426.639642
2025-04-30,688772,-0.0003089362894470038,-30893.62894470038,False,253555444.55844387
2025-04-30,688778,0.003222607577335959,322260.7577335959,False,147172478.13882026
2025-04-30,688779,0.00014471894981984545,14471.894981984546,False,65300604.79901741
2025-04-30,688819,-0.000840707542072799,-84070.7542072799,False,55072371.69327269
2025-05-30,000009,0.0028077531725392638,280775.31725392636,False,134200864.98006317
2025-05-30,001301,0.0005478140150938886,54781.40150938886,False,199552916.67860278
2025-05-30,002050,0.003891292406058018,389129.2406058018,False,1962103169.380841
2025-05-30,002074,-0.007832029542234671,-783202.9542234672,False,1687114748.9313016
2025-05-30,002126,-0.00043253924627966595,-43253.9246279666,False,951788664.9978901
2025-05-30,002335,0.0019878983356115872,198789.8335611587,False,996125404.9452034
2025-05-30,002340,0.0006923639344643406,69236.39344643406,False,275195520.2967688
2025-05-30,002407,0.0005614862503237443,56148.62503237443,False,123925077.54875398
2025-05-30,002518,0.0005690402724748958,56904.027247489576,False,200348959.143052
2025-05-30,002709,0.001071300469721058,107130.04697210579,False,304230156.88109577
2025-05-30,002812,0.003028914754145389,302891.47541453893,False,214498549.00262251
2025-05-30,002850,0.0059378787496531665,593787.8749653166,False,387798973.93767357
2025-05-30,300001,0.0023605080347498045,236050.80347498044,False,284545269.58431876
2025-05-30,300014,-0.004821358192522426,-482135.8192522426,False,924192700.9690716
2025-05-30,300037,0.0016955640570034958,169556.40570034957,False,171680118.6966588
2025-05-30,300073,0.00017175669934911195,17175.669934911195,False,406722113.85327053
2025-05-30,300207,0.002196846244540064,219684.6244540064,False,453716329.5461553
2025-05-30,300274,0.0027954218650377838,279542.1865037784,False,2178625188.4998865
2025-05-30,300390,-0.00032066133762194936,-32066.133762194935,False,151308343.2490635
2025-05-30,300432,0.001913160140484588,191316.0140484588,False,748507648.0346715
2025-05-30,300438,-0.00021041211542735527,-21041.211542735527,False,293932330.2259185
2025-05-30,300450,0.0005867117592186985,58671.17592186985,False,366366614.629214
2025-05-30,300457,-0.0005750887239074935,-57508.87239074935,False,156113704.4253069
2025-05-30,300568,-0.0017553049571407946,-175530.49571407947,False,474648207.6930839
2025-05-30,300750,-0.003786009172397159,-378600.91723971587,False,6287348259.371561
2025-05-30,300763,0.0014183160587315398,141831.60587315398,False,503337115.55483645
2025-05-30,300769,-0.0001717880133660062,-17178.80133660062,False,170320738.38818845
2025-05-30,300827,0.000533943478299383,53394.3478299383,False,287710592.23731136
2025-05-30,300919,0.0002559558534449384,25595.58534449384,False,131426766.07932357
2025-05-30,301238,0.00026702364401982827,26702.364401982828,False,154355942.20028418
2025-05-30,301358,-0.0017222918521388568,-172229.18521388568,False,297215351.10471976
2025-05-30,301487,-5.162532780109055e-06,-516.2532780109054,False,201103896.4621609
2025-05-30,600549,-0.0006338755821430307,-63387.55821430307,False,469125989.3524826
2025-05-30,600699,-0.0030381258028443336,-303812.5802844334,False,890432959.8239594
2025-05-30,600995,0.000683905486955648,68390.5486955648,False,85884402.18378253
2025-05-30,603659,0.0024051254337993135,240512.54337993133,False,245223757.95991936
2025-05-30,605117,0.001011026493857585,101102.6493857585,False,430528272.07810056
2025-05-30,688005,0.000803383651742838,80338.3651742838,False,249978331.1203703
2025-05-30,688032,-0.0015553552927146845,-155535.52927146846,False,76334964.52323762
2025-05-30,688063,0.00035187893200262516,35187.893200262515,False,212443752.88585776
2025-05-30,688248,-0.008578955237851942,-857895.5237851943,True,66020253.55503197
2025-05-30,688390,0.0003108775861428376,31087.75861428376,False,189981040.08624667
2025-05-30,688472,0.0003656560473389754,36565.60473389754,False,213196155.8002711
2025-05-30,688567,-0.0014479907810200122,-144799.07810200122,False,120216472.83292404
2025-05-30,688772,-0.0007662918404629637,-76629.18404629636,False,284973492.9146539
2025-05-30,688778,0.0005738353770820305,57383.53770820305,False,149964866.95135593
2025-05-30,688779,-0.0002487622128076036,-24876.22128076036,False,51263620.13045935
2025-05-30,688819,-0.004003178216963422,-400317.82169634214,True,55072371.69327269
2025-06-30,000009,-0.0014103003601374543,-141030.03601374544,False,235350296.64042193
2025-06-30,001301,-0.0003922180049632292,-39221.80049632292,False,210177270.2529623
2025-06-30,002050,0.0018533847851517557,185338.47851517558,False,1769844514.8829637
2025-06-30,002074,-0.006080010657033754,-608001.0657033754,False,2600149524.89842
2025-06-30,002126,0.0024457337229258844,244573.37229258844,False,509968468.8498514
2025-06-30,002335,3.9953722953043475e-05,3995.3722953043475,False,956561268.8588088
2025-06-30,002340,0.0008437654326566499,84376.543265665,False,342633745.77005845
2025-06-30,002407,-0.00017277423935023462,-17277.42393502346,False,206220906.263853
2025-06-30,002518,0.0003191510578031921,31915.10578031921,False,134711384.69028625
2025-06-30,002709,0.0011127737822856608,111277.37822856609,False,411414626.1893407
2025-06-30,002812,0.0005654751312072041,56547.51312072041,False,422357608.0229886
2025-06-30,002850,-0.0005467221289137264,-54672.21289137264,False,348919395.2134495
2025-06-30,300001,-0.0021093422813560914,-210934.22813560913,False,249098920.40250033
2025-06-30,300014,0.0032025004149674255,320250.0414967426,False,863700151.5084829
2025-06-30,300037,-0.0018992275879531513,-189922.75879531514,False,370309979.1337264
2025-06-30,300073,-0.0005762776999624353,-57627.76999624353,False,726813884.487374
2025-06-30,300207,-0.002999920833297566,-299992.0833297566,False,594111035.28405
2025-06-30,300274,-0.004319700149471639,-431970.01494716393,False,1767032510.9256356
2025-06-30,300390,-0.0006031864936575353,-60318.64936575353,False,308724790.3644185
2025-06-30,300432,0.0028103918674963514,281039.18674963515,False,508798052.1481845
2025-06-30,300438,-0.000139116343516257,-13911.6343516257,False,480335007.0216975
2025-06-30,300450,-0.0036385466283301374,-363854.66283301375,False,1133001303.222795
2025-06-30,300457,-0.0029537326234941727,-295373.26234941726,False,876283182.8626306
2025-06-30,300568,-0.0019825102679464166,-198251.02679464166,False,732791225.1548898
2025-06-30,300750,0.00790373641291238,790373.6412912379,False,4311530728.2230215
2025-06-30,300763,-0.0004285366306566764,-42853.663065667635,False,351409651.13974667
2025-06-30,300769,-0.0008942551812806893,-89425.51812806893,False,425078734.4098727
2025-06-30,300827,-0.0009623735936925143,-96237.35936925143,False,353088856.636192
2025-06-30,300919,0.00012443299865391028,12443.299865391027,False,159351588.12170497
2025-06-30,301238,3.7200198895396934e-05,3720.0198895396934,False,282019514.99073493
2025-06-30,301358,-0.0018109846215537111,-181098.46215537112,False,482802203.7019638
2025-06-30,301487,-0.00031759239883462527,-31759.239883462527,False,502306329.39283454
2025-06-30,600549,-0.0006306974004117068,-63069.74004117068,False,693241776.7626407
2025-06-30,600699,0.0027133741412835987,271337.4141283599,False,388304809.9734678
2025-06-30,600995,0.0006201041953903651,62010.41953903651,False,88913938.0987927
2025-06-30,603659,-0.003526916003162496,-352691.6003162496,False,591039846.6459293
2025-06-30,605117,0.0022016514736510166,220165.14736510167,False,583888743.5769713
2025-06-30,688005,-0.0025212272737919657,-252122.72737919656,False,466900552.6737963
2025-06-30,688006,0.005067399698433039,506739.9698433039,False,107043663.82184534
2025-06-30,688032,0.00024547663969876586,24547.663969876587,False,71376668.74415092
2025-06-30,688063,0.00028501466344151363,28501.466344151362,False,167208348.43832532
2025-06-30,688248,0.00787915756269008,787915.7562690079,False,103908490.17290106
2025-06-30,688390,-0.0001256223733567671,-12562.23733567671,False,180969283.76994458
2025-06-30,688472,0.00032314635731510964,32314.635731510964,False,147346376.68781167
2025-06-30,688567,-0.0005947480305241552,-59474.803052415526,False,200034656.53663826
2025-06-30,688772,-0.0008603951815337168,-86039.51815337168,False,225669610.95466304
2025-06-30,688778,-0.0023152093319559735,-231520.93319559735,False,358153145.575456
2025-06-30,688779,-0.00019669108782261694,-19669.108782261694,False,89770464.81722602
2025-06-30,688819,0.0043013357927086035,430133.57927086035,False,53177722.56257238
2025-07-31,000009,0.00013148804426081281,13148.804426081282,False,220930388.17451006
2025-07-31,001301,-0.0005261186449386553,-52611.864493865534,False,269417158.6389181
2025-07-31,002050,0.0015511204552518323,155112.04552518323,False,1804642189.6884263
2025-07-31,002074,0.0038389430535195126,383894.3053519513,False,2157699385.0387964
2025-07-31,002126,-0.005032496123345911,-503249.6123345911,False,1164266670.7927191
2025-07-31,002335,0.00042064919693562096,42064.91969356209,False,1002887003.5861042
2025-07-31,002340,-0.0032305533979792647,-323055.3397979265,False,570006265.6822408
2025-07-31,002407,-0.0007641592664076741,-76415.9266407674,False,292499073.90048355
2025-07-31,002518,-0.0002505360177995908,-25053.601779959077,False,192858367.7701257
2025-07-31,002709,-0.002045255786787138,-204525.57867871382,False,756680724.6201828
2025-07-31,002812,-0.00045022971684645363,-45022.97168464537,False,487266449.7559417
2025-07-31,002850,-6.059474633862694e-07,-60.59474633862693,False,499572838.59697646
2025-07-31,300001,0.001647876950089413,164787.6950089413,False,341663867.9511075
2025-07-31,300014,0.0016518247574137113,165182.47574137113,False,1387296804.6992056
2025-07-31,300037,0.002416456171576993,241645.6171576993,False,293552981.125481
2025-07-31,300073,0.0025060935291959623,250609.35291959622,False,609577112.6363674
2025-07-31,300207,-0.00286579168570867,-286579.168570867,False,1148814113.809674
2025-07-31,300274,-0.0014365748605301848,-143657.48605301848,False,3438725870.502846
2025-07-31,300390,-0.00037556633334180113,-37556.633334180115,False,489162495.12360084
2025-07-31,300432,-0.001492731431387017,-149273.1431387017,False,664110570.5803702
2025-07-31,300438,0.0011108573931581092,111085.73931581092,False,280628681.6666765
2025-07-31,300450,0.0023603204298549355,236032.04298549355,False,956710740.6201338
2025-07-31,300457,0.0013602192553995324,136021.92553995326,False,500761865.1505002
2025-07-31,300568,0.0021762413338329047,217624.13338329046,False,839897773.4553912
2025-07-31,300750,-0.00429405862194418,-429405.86219441803,False,6371610732.429418
2025-07-31,300763,0.001325865427334448,132586.5427334448,False,727128046.0249809
2025-07-31,300769,0.0007254226852716674,72542.26852716674,False,407487362.3771591
2025-07-31,300827,0.00010691719503495845,10691.719503495844,False,600059721.8216658
2025-07-31,300919,-0.00041507348528683,-41507.348528683,False,256540274.24058264
2025-07-31,301238,0.0005420590281550062,54205.90281550062,False,159675804.75880012
2025-07-31,301358,0.0010962245826372178,109622.45826372178,False,482342737.89589196
2025-07-31,301487,0.00043875779547376164,43875.779547376165,False,323446093.6176739
2025-07-31,600549,-0.0036335245930469544,-363352.4593046954,False,1141592135.8884284
2025-07-31,600699,-0.002055743306867348,-205574.33068673481,False,514320339.5047153
2025-07-31,600995,-0.0005924223167414217,-59242.231674142175,False,159535605.84729853
2025-07-31,603659,0.0030607885385247856,306078.85385247855,False,446555630.97597086
2025-07-31,605117,-0.0021969288457848006,-219692.88457848007,False,671252021.3748608
2025-07-31,688005,0.0011535602286323592,115356.02286323592,False,406638576.98244727
2025-07-31,688006,0.0001942246209240897,19422.462092408972,False,106312101.22981691
2025-07-31,688032,0.00039198671349715154,39198.67134971515,False,91796232.50691453
2025-07-31,688063,0.0006197951260121263,61979.512601212635,False,233161667.36798325
2025-07-31,688248,-0.0007161770597098223,-71617.70597098224,False,146076433.6627388
2025-07-31,688390,0.0010338718743510234,103387.18743510234,False,252459823.839394
2025-07-31,688472,0.000634792619327482,63479.2619327482,False,245004670.59161147
2025-07-31,688567,-0.0007266501292125215,-72665.01292125214,False,382837469.2881902
2025-07-31,688772,0.0005350873289473243,53508.73289473243,False,208972577.5989328
2025-07-31,688778,-4.644352802944153e-05,-4644.352802944153,False,337417657.2413061
2025-07-31,688779,-4.1583584908660987e-05,-4158.358490866099,False,121300516.10106635
2025-07-31,688819,8.223648653216988e-05,8223.648653216987,False,62805229.00700035
