execution_date,symbol,in_current_universe,forced_exit,benchmark_weight,pre_trade_weight,target_weight,implemented_weight,active_weight,composite_score,industry_group
2022-04-29,000009,True,False,0.02177673755978427,0.02177673755978427,0.016580634278097223,0.016577561763290827,-0.005199175796493441,-0.710282090257602,battery_materials
2022-04-29,000049,True,False,0.006105627353210542,0.006105627353210542,0.006235116896131061,0.006233961482612998,0.00012833412940245568,0.1198441645361564,battery_cells_and_systems
2022-04-29,002050,True,False,0.026966520810013227,0.026966520810013227,0.02651292428903802,0.026508011247047433,-0.0004585095629657948,-0.05796106150371183,industrial_equipment_and_components
2022-04-29,002074,True,False,0.030833418133713236,0.030833418133713236,0.02981940446064873,0.029813878703299133,-0.0010195394304141035,-0.03566015323886454,battery_cells_and_systems
2022-04-29,002126,True,False,0.005902106441436857,0.005902106441436857,0.006310957262156133,0.0063097877948543836,0.00040768135341752616,0.18187278501737683,industrial_equipment_and_components
2022-04-29,002240,True,False,0.021166174824463212,0.021166174824463212,0.03384334617868994,0.03383707475502256,0.012670899930559348,1.4095602037624453,battery_materials
2022-04-29,002335,True,False,0.0062073878090973846,0.0062073878090973846,0.006978407556441589,0.00697711440563791,0.0007697265965405254,0.08836291129617133,power_equipment_and_energy_services
2022-04-29,002340,True,False,0.02910349038363692,0.02910349038363692,0.02418285644730175,0.024178375184205958,-0.004925115199430962,-0.46058852426340025,battery_materials
2022-04-29,002407,True,False,0.016586954309555306,0.016586954309555306,0.020976420503129006,0.020972533416453068,0.004385579106897762,0.7394015581505837,battery_materials
2022-04-29,002518,True,False,0.003256334588378956,0.003256334588378956,0.003998355885691973,0.003997614960619146,0.00074128037224019,0.34036418896669646,power_equipment_and_energy_services
2022-04-29,002709,True,False,0.03785488958990536,0.03785488958990536,0.043751747058009355,0.04374363953399148,0.0058887499440861135,0.4822270803294646,battery_materials
2022-04-29,002759,True,False,0.00386689732370001,0.00386689732370001,0.005975362318738802,0.005974255039675169,0.0021073577159751587,1.3120009102770438,battery_materials
2022-04-29,002812,True,False,0.07815203012109494,0.07815203012109494,0.0796818358714341,0.07966707023482397,0.0015150401137290354,0.12398209019591395,battery_materials
2022-04-29,002850,True,False,0.013839422000610564,0.013839422000610564,0.015571939878299919,0.015569054282065307,0.0017296322814547432,0.32750510952767603,industrial_equipment_and_components
2022-04-29,300001,True,False,0.009361961941589498,0.009361961941589498,0.010191430212464882,0.010189541664674676,0.0008275797230851787,-0.003603551519275605,power_equipment_and_energy_services
2022-04-29,300014,True,False,0.07967843695939757,0.07967843695939757,0.06585630808629916,0.06584410442277847,-0.013834332536619101,-0.48447162814067846,battery_cells_and_systems
2022-04-29,300035,True,False,0.009158441029815815,0.009158441029815815,0.007215912275493375,0.007214575113299442,-0.0019438659165163727,-0.6125119278441082,battery_materials
2022-04-29,300037,True,False,0.019843288897934262,0.019843288897934262,0.019732834948928652,0.019729178307901787,-0.00011411059003247487,0.05264644164753707,battery_materials
2022-04-29,300068,True,False,0.0056985855296631735,0.0056985855296631735,0.005641420277133574,0.0056403748800130625,-5.8210649650110996e-05,0.031076864404590704,battery_cells_and_systems
2022-04-29,300073,True,False,0.01790984023608426,0.01790984023608426,0.016700570363741247,0.016697475623886474,-0.001212364612197786,-0.13114083680879163,battery_materials
2022-04-29,300116,True,False,0.004375699603134222,0.004375699603134222,0.0036919013472583593,0.0036912172104899494,-0.0006844823926442723,-0.42561580978935476,battery_cells_and_systems
2022-04-29,300207,True,False,0.029714053118957973,0.029714053118957973,0.02768466478437515,0.02767953461015905,-0.002034518508798922,-0.1422363785412577,battery_cells_and_systems
2022-04-29,300274,True,False,0.08883687798921339,0.08883687798921339,0.08259231333685321,0.08257700836712976,-0.006259869622083622,-0.4543964698815807,power_equipment_and_energy_services
2022-04-29,300376,True,False,0.006919711000305282,0.006919711000305282,0.009024730440597392,0.00902305809094916,0.002103347090643878,0.5126886906489967,power_equipment_and_energy_services
2022-04-29,300409,True,False,0.0067161900885315965,0.0067161900885315965,0.00625216399760179,0.0062510054251290826,-0.0004651846634025139,-0.1359579096816536,battery_materials
2022-04-29,300438,True,False,0.008547878294494759,0.008547878294494759,0.008218753410415412,0.008217230414303197,-0.0003306478801915619,-0.052301823061373764,battery_cells_and_systems
2022-04-29,300450,True,False,0.04731861198738171,0.04731861198738171,0.04787423967435286,0.04786536822180302,0.0005467562344213112,0.023860816579353072,industrial_equipment_and_components
2022-04-29,300457,True,False,0.006817950544418439,0.006817950544418439,0.007002741679651777,0.007001444019554147,0.0001834934751357084,0.0669149828479654,industrial_equipment_and_components
2022-04-29,300568,True,False,0.016993996133102676,0.016993996133102676,0.01512456114106565,0.015121758447437244,-0.0018722376856654312,-0.26437709765455303,battery_materials
2022-04-29,300712,True,False,0.0035616159560394826,0.0035616159560394826,0.0035778863848404613,0.0035772233758922726,1.560741985279007e-05,-0.23313049424194762,power_equipment_and_energy_services
2022-04-29,300750,True,False,0.10216749771038973,0.10216749771038973,0.11888846076320844,0.11886642984751018,0.016698932137120454,0.49294445261415376,battery_cells_and_systems
2022-04-29,300763,True,False,0.015671110206573725,0.015671110206573725,0.016487357857513478,0.016484302627521315,0.0008131924209475901,-0.1010815915323282,power_equipment_and_energy_services
2022-04-29,300769,True,False,0.014144703368271089,0.014144703368271089,0.01670491788831207,0.016701822342828673,0.0025571189745575845,0.5439171746753013,battery_materials
2022-04-29,300919,True,False,0.0033580950442657982,0.0033580950442657982,0.002834182032582377,0.0028336568375799983,-0.0005244382066857999,-0.41603525112623135,battery_materials
2022-04-29,600110,True,False,0.013025338353515823,0.013025338353515823,0.010838501934430653,0.010836493479439479,-0.002188844874076345,-0.4565246264908934,battery_materials
2022-04-29,600478,True,False,0.005596825073776331,0.005596825073776331,0.006366740569319093,0.0063655607649557855,0.0007687356911794544,0.42813466665412814,battery_cells_and_systems
2022-04-29,600549,True,False,0.011295410603439504,0.011295410603439504,0.00987156788833677,0.009869738613413354,-0.0014256719900261495,-0.31637046323755974,battery_materials
2022-04-29,600699,True,False,0.012516536074081612,0.012516536074081612,0.010152422400123826,0.010150541080771264,-0.0023659949933103486,-0.6076024085988454,industrial_equipment_and_components
2022-04-29,600884,True,False,0.022489060750992163,0.022489060750992163,0.020675551369918093,0.020671720036529458,-0.001817340714462705,-0.1716255989104027,battery_materials
2022-04-29,601311,True,False,0.006309148264984227,0.006309148264984227,0.007790226984570166,0.007788783397590692,0.0014796351326064648,0.662366277781424,battery_cells_and_systems
2022-04-29,603026,True,False,0.01923272616261321,0.01923272616261321,0.019111264288594706,0.019107722829232492,-0.0001250033333807174,0.050493473834223666,battery_materials
2022-04-29,603063,True,False,0.007428513279739493,0.007428513279739493,0.00968867952312374,0.009686884138774146,0.0022583708590346533,0.5127966129340233,power_equipment_and_energy_services
2022-04-29,603659,True,False,0.03256334588378956,0.03256334588378956,0.0286410153298601,0.028635707936777593,-0.00392763794701197,-0.2981124569613143,battery_materials
2022-04-29,688005,True,False,0.019436247074386893,0.019436247074386893,0.01607937196140704,0.01607639233423474,-0.0033598547401521538,-0.47312675608282795,battery_materials
2022-04-29,688006,True,False,0.0067161900885315965,0.0067161900885315965,0.006652112762851477,0.006650880076899007,-6.53100116325897e-05,-0.0368831409665476,industrial_equipment_and_components
2022-04-29,688116,True,False,0.01933448661850005,0.01933448661850005,0.021519436622828247,0.02151544891122808,0.0021809622927280274,0.374497937013508,battery_materials
2022-04-29,688339,True,False,0.0056985855296631735,0.0056985855296631735,0.004532757992025884,0.004531918038269549,-0.0011666674913936243,-0.5940806332189241,battery_cells_and_systems
2022-04-29,688388,True,False,0.010379566500457923,0.010379566500457923,0.008093856159339755,0.008092356307616757,-0.0022872101928411662,-0.6420733305666859,battery_materials
2022-04-29,688390,True,False,0.009565482853363182,0.009565482853363182,0.008269834426773549,0.008268301964969223,-0.0012971808883939593,-0.6620002966707546,power_equipment_and_energy_services
2022-05-31,000009,True,False,0.02177673755978427,0.01899021020313731,0.01656336988198337,0.016561099742004527,-0.005215637817779742,-0.6274284325334174,battery_materials
2022-05-31,000049,True,False,0.006105627353210542,0.006769916385644692,0.006407691351253287,0.006406813126809095,0.0003011857735985531,-0.004285398112280209,battery_cells_and_systems
2022-05-31,002050,True,False,0.026966520810013227,0.024441519743997525,0.02867976640259373,0.02867583561527459,0.001709314805261361,0.29359939424086706,industrial_equipment_and_components
2022-05-31,002074,True,False,0.030833418133713236,0.03602948775839232,0.030701185434990723,0.03069697759631113,-0.00013644053740210701,-0.15453116397261757,battery_cells_and_systems
2022-05-31,002126,True,False,0.005902106441436857,0.006336815218242308,0.005899428188983786,0.005898619625999349,-3.4868154375087765e-06,0.11631474873109622,industrial_equipment_and_components
2022-05-31,002240,True,False,0.021166174824463212,0.032962320176059885,0.03282411943050626,0.03281962062704293,0.01165344580257972,1.4080227256797264,battery_materials
2022-05-31,002335,True,False,0.0062073878090973846,0.007327712971077959,0.006967098153829303,0.0069661432582876215,0.0007587554491902369,0.17562708969700958,power_equipment_and_energy_services
2022-05-31,002340,True,False,0.02910349038363692,0.02312034026863269,0.02409994693522207,0.024096643848144056,-0.005006846535492864,-0.3845706632409088,battery_materials
2022-05-31,002407,True,False,0.016586954309555306,0.02247883879993571,0.020579270497447878,0.020576449946737213,0.003989495637181907,0.7706186336244469,battery_materials
2022-05-31,002518,True,False,0.003256334588378956,0.005277260535453422,0.003768394568057716,0.0037678780799743155,0.0005115434915953596,0.26302201311115503,power_equipment_and_energy_services
2022-05-31,002709,True,False,0.03785488958990536,0.03953291234398345,0.04378988651534689,0.0437838847673478,0.005928995177442435,0.5705470714397544,battery_materials
2022-05-31,002759,True,False,0.00386689732370001,0.00510380450781673,0.005162677772370487,0.005161970186819211,0.001295072863119201,0.9801476375460367,battery_materials
2022-05-31,002812,True,False,0.07815203012109494,0.07517290036361446,0.08546705713777178,0.08545534320608608,0.007303313084991145,0.41006774842176763,battery_materials
2022-05-31,002850,True,False,0.013839422000610564,0.015080086155692667,0.014623519191129713,0.014621514922929239,0.0007820929223186744,0.27506855337839653,industrial_equipment_and_components
2022-05-31,300001,True,False,0.009361961941589498,0.010507269969141935,0.009772861466763068,0.009771522019314785,0.0004095600777252878,-0.0315277994879799,power_equipment_and_energy_services
2022-05-31,300014,True,False,0.07967843695939757,0.07060424863640506,0.06947574712294308,0.06946622492593682,-0.010212212033460746,-0.5337409595959598,battery_cells_and_systems
2022-05-31,300035,True,False,0.009158441029815815,0.006109072132380093,0.0071803429045353825,0.007179358782125177,-0.001979082247690637,-0.5408002571455074,battery_materials
2022-05-31,300037,True,False,0.019843288897934262,0.019068565191118683,0.019569108127108815,0.019566426027087733,-0.00027686287084652955,0.11467168108785,battery_materials
2022-05-31,300068,True,False,0.0056985855296631735,0.005928280271969638,0.007786578147637046,0.007785510935923652,0.0020869254062604783,0.7497012606898318,battery_cells_and_systems
2022-05-31,300073,True,False,0.01790984023608426,0.015378653581831585,0.017193829274721666,0.0171914727253296,-0.0007183675107546583,0.03785428947895152,battery_materials
2022-05-31,300116,True,False,0.004375699603134222,0.0033989666454383055,0.003952248989193844,0.003951707302417504,-0.0004239923007167178,-0.4330562957061547,battery_cells_and_systems
2022-05-31,300207,True,False,0.029714053118957973,0.029201908340070228,0.027847186028191542,0.0278433693525542,-0.0018706837664037718,-0.32764642999715493,battery_cells_and_systems
2022-05-31,300274,True,False,0.08883687798921339,0.0917483802656078,0.08337833583414929,0.0833669081781291,-0.005469969811084288,-0.3354357182385999,power_equipment_and_energy_services
2022-05-31,300376,True,False,0.006919711000305282,0.008951495681868517,0.00845085417627729,0.00844969592031503,0.001529984920009747,0.4168695940529772,power_equipment_and_energy_services
2022-05-31,300409,True,False,0.0067161900885315965,0.007001620838667812,0.005901572606545961,0.005900763749652248,-0.0008154263388793484,-0.21500983786483197,battery_materials
2022-05-31,300438,True,False,0.008547878294494759,0.01054463894831526,0.007749471100211277,0.007748408974310278,-0.0007994693201844802,-0.422418778584611,battery_cells_and_systems
2022-05-31,300450,True,False,0.04731861198738171,0.046088773054417866,0.04835269326634099,0.04834606614982723,0.0010274541624455194,0.1793778900397362,industrial_equipment_and_components
2022-05-31,300457,True,False,0.006817950544418439,0.006941112683374892,0.0065160614026143,0.006515168325203117,-0.0003027822192153218,-0.011785034647326331,industrial_equipment_and_components
2022-05-31,300568,True,False,0.016993996133102676,0.014998974630228697,0.01663503767585278,0.0166327577132397,-0.0003612384198629741,0.09342800558610434,battery_materials
2022-05-31,300712,True,False,0.0035616159560394826,0.0040053433256356415,0.0034261978172401594,0.0034257282299100596,-0.00013588772612942298,-0.26500680573786584,power_equipment_and_energy_services
2022-05-31,300750,True,False,0.10216749771038973,0.10404186071612954,0.10988137699632677,0.10986631689028394,0.007698819179894206,0.065713495517811,battery_cells_and_systems
2022-05-31,300763,True,False,0.015671110206573725,0.01901405476762535,0.019015857478780304,0.019013251206107404,0.0033421409995336784,0.3984719254578828,power_equipment_and_energy_services
2022-05-31,300769,True,False,0.014144703368271089,0.017823560368447084,0.016008450728997495,0.016006256645048504,0.0018615532767774154,0.508072172259445,battery_materials
2022-05-31,300919,True,False,0.0033580950442657982,0.003130629696802378,0.002072193269410899,0.002071909259042339,-0.0012861857852234592,-1.2249072115630313,battery_materials
2022-05-31,600110,True,False,0.013025338353515823,0.010362774665997235,0.011241332469379594,0.011239791756442793,-0.0017855465970730306,-0.26642982698569995,battery_materials
2022-05-31,600478,True,False,0.005596825073776331,0.006369868061351774,0.006637720785349875,0.006636811033564425,0.0010399859597880938,0.34508884205854234,battery_cells_and_systems
2022-05-31,600549,True,False,0.011295410603439504,0.010915954235463987,0.009738330468604985,0.009736995753901308,-0.001558414849538196,-0.2693659093456742,battery_materials
2022-05-31,600699,True,False,0.012516536074081612,0.009926213334148367,0.010001978392417342,0.010000607542694252,-0.00251592853138736,-0.5231534269758065,industrial_equipment_and_components
2022-05-31,600884,True,False,0.022489060750992163,0.01897899580175683,0.020886379792361704,0.020883517149909245,-0.001605543601082917,-0.0568085701736486,battery_materials
2022-05-31,601311,True,False,0.006309148264984227,0.007611808769255089,0.007253107997613043,0.007252113902175125,0.0009429656371908977,0.256118034581177,battery_cells_and_systems
2022-05-31,603026,True,False,0.01923272616261321,0.018694799952771263,0.019701077144406106,0.01969837695699434,0.0004656507943811318,0.22316781908357225,battery_materials
2022-05-31,603063,True,False,0.007428513279739493,0.010266824463316214,0.008764730717242809,0.008763529442034516,0.0013350161622950225,0.3183454155023219,power_equipment_and_energy_services
2022-05-31,603659,True,False,0.03256334588378956,0.027235499804200654,0.030202429444118294,0.03019828996386592,-0.002365055919923642,-0.06061768427738584,battery_materials
2022-05-31,688005,True,False,0.019436247074386893,0.014103422536878171,0.013525406645389964,0.01352355288214163,-0.005912694192245263,-0.8814888498616091,battery_materials
2022-05-31,688006,True,False,0.0067161900885315965,0.007916170561026543,0.006003891102394148,0.006003068221946674,-0.0007131218665849225,-0.20271206598386257,industrial_equipment_and_components
2022-05-31,688116,True,False,0.01933448661850005,0.020962787267832756,0.017823209953794963,0.01782076714283586,-0.0015137194756641922,-0.0781145547511452,battery_materials
2022-05-31,688339,True,False,0.0056985855296631735,0.004439080420543379,0.007033441617674468,0.0070324776292398136,0.00133389209957664,0.4590573931214186,battery_cells_and_systems
2022-05-31,688388,True,False,0.010379566500457923,0.007883861070486171,0.00822288218196333,0.008221755171354041,-0.002157811329103882,-0.5110559864648004,battery_materials
2022-05-31,688390,True,False,0.009565482853363182,0.01122040387781415,0.0072646654119603825,0.007263669732488022,-0.0023018131208751604,-0.9403657143569003,power_equipment_and_energy_services
2022-06-30,000009,True,False,0.0217413390226557,0.014899419701326968,0.017023037653499336,0.017020310078559992,-0.0047210289440957065,-0.5414105672909394,battery_materials
2022-06-30,000049,True,False,0.006095702529716551,0.006010426401409729,0.006444535382897742,0.006443502784981677,0.0003478002552651264,-0.072725770619946,battery_cells_and_systems
2022-06-30,002050,True,False,0.026922686172914764,0.035377127586799596,0.02757741615247251,0.027572997465824433,0.0006503112929096694,0.1744998757888287,industrial_equipment_and_components
2022-06-30,002074,True,False,0.03078329777506858,0.029783334461136308,0.03411289318278601,0.034107427326782645,0.0033241295517140654,0.0617160132729785,battery_cells_and_systems
2022-06-30,002126,True,False,0.005892512445392665,0.006019298211517983,0.005593710324309314,0.005592814052773698,-0.000299698392618967,-0.04283600126440905,industrial_equipment_and_components
2022-06-30,002240,True,False,0.02113176876968404,0.03156341208064485,0.03486880999224125,0.034863223016859096,0.013731454247175055,1.5884839632928514,battery_materials
2022-06-30,002335,True,False,0.0061972975718784925,0.0071682225451374145,0.007351934689807948,0.007350756700707309,0.0011534591288288164,0.2520842862981934,power_equipment_and_energy_services
2022-06-30,002340,True,False,0.02905618205831556,0.023441509580046968,0.02451516204489638,0.02451123401847779,-0.004544948039837772,-0.3279579769706089,battery_materials
2022-06-30,002407,True,False,0.016559991872396627,0.02036600121076469,0.021467201788230923,0.02146376213176025,0.004903770259363623,0.8991165859249017,battery_materials
2022-06-30,002518,True,False,0.0032510413491821607,0.004246110725772014,0.003960812175845648,0.003960177541049546,0.0007091361918673852,0.3281515976083843,power_equipment_and_energy_services
2022-06-30,002709,True,False,0.03779335568424262,0.05591234062696164,0.03884376263653496,0.03883753876065136,0.0010441830764087376,0.2359096953579106,battery_materials
2022-06-30,002759,True,False,0.0038606116021538154,0.004952673513657411,0.004989362944658285,0.004988563506766639,0.0011279519046128233,0.8903908829569567,battery_materials
2022-06-30,002812,True,False,0.07802499238037185,0.07695174592914154,0.08870833890108046,0.08869412530142673,0.010669132921054883,0.5242254224120367,battery_materials
2022-06-30,002850,True,False,0.013816925734024182,0.013549412655864268,0.01593211490619682,0.015929562128118465,0.0021126363940942826,0.5128274057587111,industrial_equipment_and_components
2022-06-30,300001,True,False,0.009346743878898712,0.008119730748322623,0.009955831943129023,0.009954236735607244,0.0006074928567085316,-0.05568631332496099,power_equipment_and_energy_services
2022-06-30,300014,True,False,0.07954891801280098,0.06593204630591863,0.07283606544793991,0.07282439503806126,-0.006724522974739716,-0.4836098879895883,battery_cells_and_systems
2022-06-30,300035,True,False,0.009143553794574827,0.006302138545120354,0.0068498240160604655,0.006848726479374863,-0.0022948273151999635,-0.6676342169315236,battery_materials
2022-06-30,300037,True,False,0.01981103322157879,0.02002982241452116,0.018512314162805854,0.018509347963399644,-0.001301685258179145,-0.036139096681960026,battery_materials
2022-06-30,300068,True,False,0.005689322361068782,0.007254306196711647,0.0087079088413696,0.008706513586632268,0.003017191225563486,0.9843942353370948,battery_cells_and_systems
2022-06-30,300073,True,False,0.017880727420501882,0.017421038397806766,0.016665406693946064,0.016662736421661082,-0.0012179909988408004,-0.043526131127745865,battery_materials
2022-06-30,300116,True,False,0.004368586812963528,0.0032372957116165685,0.004027818689741149,0.004027173318595177,-0.00034141349436835056,-0.4637633037320236,battery_cells_and_systems
2022-06-30,300207,True,False,0.029665752311287215,0.02577188735408607,0.02883788013338482,0.02883325948454666,-0.0008324928267405551,-0.3125885678170573,battery_cells_and_systems
2022-06-30,300274,True,False,0.08869247180737581,0.0802968594551984,0.08192351054503391,0.08191038406791191,-0.006782087739463899,-0.46288479842823543,power_equipment_and_energy_services
2022-06-30,300376,True,False,0.006908462867012091,0.007430107909690571,0.009006669200493991,0.009005226075847365,0.0020967632088352735,0.5217070935588808,power_equipment_and_energy_services
2022-06-30,300409,True,False,0.006705272782688206,0.005458313379179712,0.006462733841331249,0.006461698327504395,-0.00024357445518381066,0.052321186578081366,battery_materials
2022-06-30,300438,True,False,0.00853398354160317,0.008145727275653993,0.008446524131989633,0.00844517075851917,-8.881278308400103e-05,-0.26115368456044774,battery_cells_and_systems
2022-06-30,300450,True,False,0.047241694605303274,0.04963253409184624,0.04779030317507789,0.04778264580886997,0.0005409512035666961,0.1388370027225359,industrial_equipment_and_components
2022-06-30,300457,True,False,0.0068068678248501486,0.007163698699581011,0.006642331041473553,0.0066412667510656765,-0.00016560107378447205,0.03593698026620891,industrial_equipment_and_components
2022-06-30,300568,True,False,0.0169663720410444,0.015764020455501133,0.017523333403174433,0.017520525666622527,0.0005541536255781257,0.24986928973808312,battery_materials
2022-06-30,300712,True,False,0.0035558264756679874,0.0037695264160504433,0.00342529524025321,0.0034247464105057034,-0.000131080065162284,-0.3429157971641864,power_equipment_and_energy_services
2022-06-30,300750,True,False,0.10200142233059027,0.11258535595668957,0.09982978517664375,0.09981378960489032,-0.0021876327256999534,-0.2932077561658022,battery_cells_and_systems
2022-06-30,300763,True,False,0.01564563649293915,0.018762279626344566,0.017666331584287542,0.017663500935358706,0.002017864442419557,0.11099405166675036,power_equipment_and_energy_services
2022-06-30,300769,True,False,0.014121710860510008,0.017232411848741008,0.016321115273330366,0.01631850016632609,0.0021967893058160836,0.5711442444801773,battery_materials
2022-06-30,300919,True,False,0.003352636391344103,0.001909297900647482,0.0021370213013710586,0.002136678889760093,-0.0012159575015840102,-1.1290853794828617,battery_materials
2022-06-30,600110,True,False,0.013004165396728643,0.010707728072874323,0.010841968008015429,0.01084023081628539,-0.0021639345804432535,-0.3619742862500551,battery_materials
2022-06-30,600478,True,False,0.005587727318906839,0.0074092338966147,0.006567589067596762,0.006566536752979518,0.0009788094340726786,0.2299189052068895,battery_cells_and_systems
2022-06-30,600549,True,False,0.01127704967997562,0.00841361387888088,0.01009652165141199,0.010094903901396307,-0.001182145778579313,-0.15835569757069956,battery_materials
2022-06-30,600699,True,False,0.012496190185918929,0.010115919277351825,0.010292791941135939,0.010291142743035931,-0.0022050474428829975,-0.44837976200727747,industrial_equipment_and_components
2022-06-30,600884,True,False,0.022452504317789293,0.021294778125095046,0.02065793124684796,0.020654621258541846,-0.0017978830592474473,-0.08042469246562234,battery_materials
2022-06-30,601311,True,False,0.006298892614040435,0.006817362138613437,0.007358066444391334,0.007356887472809161,0.0010579948587687259,0.21234514257196474,battery_cells_and_systems
2022-06-30,603026,True,False,0.019201462968607134,0.02093571063977512,0.01883093833936823,0.018827921087304043,-0.00037354188130309107,0.10191112068101932,battery_materials
2022-06-30,603063,True,False,0.007416438077821804,0.008510400762069898,0.009480139808491262,0.009478620820382946,0.002062182742561142,0.46536995784689905,power_equipment_and_energy_services
2022-06-30,603659,True,False,0.032510413491821606,0.03128007087742857,0.029863642451863882,0.029858857446719254,-0.0026515560451023518,-0.08504140876566108,battery_materials
2022-06-30,688005,True,False,0.019404653052931018,0.014735537253440392,0.012649165653490276,0.012647138897282464,-0.006757514155648554,-1.065049821816697,battery_materials
2022-06-30,688006,True,False,0.006705272782688206,0.005551866801668432,0.006258744653153281,0.006257741824197887,-0.00044753095849031903,-0.09105003238842793,industrial_equipment_and_components
2022-06-30,688116,True,False,0.019303058010769078,0.018532349908448938,0.017666813277264985,0.01766398255115523,-0.0016390754596138472,-0.09548975682765437,battery_materials
2022-06-30,688155,True,False,0.0016255206745910804,0.0,0.001420258231863905,0.0014200306660886609,-0.00020549000850241948,-0.2798354688761621,industrial_equipment_and_components
2022-06-30,688339,True,False,0.005689322361068782,0.006373369444037629,0.007093861470374359,0.007092724831945683,0.0014034024708769015,0.3986746744959413,battery_cells_and_systems
2022-06-30,688388,True,False,0.010362694300518137,0.007431039376383402,0.008171143839778988,0.008169834590065934,-0.0021928597104522024,-0.5212833592400143,battery_materials
2022-06-30,688390,True,False,0.009549933963222595,0.00943158562790811,0.007793327296656299,0.007792078583902375,-0.0017578553793202202,-0.8168200780617114,power_equipment_and_energy_services
2022-07-29,000009,True,False,0.0217413390226557,0.018025217083488466,0.015745851716108667,0.015742974139778612,-0.0059983648828770865,-0.7635021887661247,battery_materials
2022-07-29,000049,True,False,0.006095702529716551,0.0063170292473580855,0.006570533779612624,0.006569333005413748,0.00047363047569719697,0.007229585519928208,battery_cells_and_systems
2022-07-29,002050,True,False,0.026922686172914764,0.03273940124736283,0.027965458695996922,0.027960347969473286,0.0010376617965585228,0.2591896990735747,industrial_equipment_and_components
2022-07-29,002074,True,False,0.03078329777506858,0.029339157927365342,0.03305383574562398,0.03304779511110805,0.0022644973360394713,-0.0037581260383891535,battery_cells_and_systems
2022-07-29,002126,True,False,0.005892512445392665,0.00795418758686246,0.005192950661301494,0.005192001642336021,-0.0007005108030566443,-0.21047101917289796,industrial_equipment_and_components
2022-07-29,002240,True,False,0.02113176876968404,0.03287921630173341,0.03616203335974678,0.03615542469778814,0.015023655928104097,1.6932713943236786,battery_materials
2022-07-29,002335,True,False,0.0061972975718784925,0.009365451780796834,0.007472378076622428,0.007471012489122293,0.0012737149172438005,0.1980468949985834,power_equipment_and_energy_services
2022-07-29,002340,True,False,0.02905618205831556,0.02639330146122935,0.023824904235296842,0.023820550200867367,-0.005235631857448193,-0.4088202266137592,battery_materials
2022-07-29,002407,True,False,0.016559991872396627,0.02141235624845694,0.020164232826059437,0.02016054778442815,0.0036005559120315216,0.7209528098438835,battery_materials
2022-07-29,002518,True,False,0.0032510413491821607,0.004613855430437434,0.003896552261926222,0.0038958401615737043,0.0006447988123915436,0.1809520074264415,power_equipment_and_energy_services
2022-07-29,002709,True,False,0.03779335568424262,0.032909826374424446,0.04473911769107207,0.04473094155500675,0.0069375858707641305,0.6403648064702459,battery_materials
2022-07-29,002759,True,False,0.0038606116021538154,0.004376327002263187,0.005064035683248494,0.005063110223674798,0.0012024986215209829,0.9335739229241585,battery_materials
2022-07-29,002812,True,False,0.07802499238037185,0.07607940455432108,0.08310743501606616,0.0830922470165749,0.005067254636203056,0.338622105428462,battery_materials
2022-07-29,002850,True,False,0.013816925734024182,0.0145262713668697,0.014431618580240493,0.014428981181846327,0.0006120554478221442,0.2749792528633023,industrial_equipment_and_components
2022-07-29,300001,True,False,0.009346743878898712,0.010975217535961975,0.010372857642314234,0.010370961988134027,0.0010242181092353156,-0.03891155972900462,power_equipment_and_energy_services
2022-07-29,300014,True,False,0.07954891801280098,0.07086027977886297,0.07514691333016292,0.07513318012709622,-0.0044157378857047624,-0.3697366032081333,battery_cells_and_systems
2022-07-29,300035,True,False,0.009143553794574827,0.00708009228471246,0.006759074251412691,0.006757839021180017,-0.0023857147733948097,-0.705001237808049,battery_materials
2022-07-29,300037,True,False,0.01981103322157879,0.015683660420455398,0.019263022415843097,0.01925950207166937,-0.0005515311499094191,0.0781744687623747,battery_materials
2022-07-29,300068,True,False,0.005689322361068782,0.010416341948905984,0.007286956260153216,0.0072856245587482734,0.0015963021976794917,0.5000402527122867,battery_cells_and_systems
2022-07-29,300073,True,False,0.017880727420501882,0.017723263614047417,0.015945999997103995,0.015943085843396848,-0.0019376415771050343,-0.16886479903358417,battery_materials
2022-07-29,300116,True,False,0.004368586812963528,0.004063039664029547,0.004162576228331529,0.004161815511728665,-0.00020677130123486313,-0.34510315565304406,battery_cells_and_systems
2022-07-29,300207,True,False,0.029665752311287215,0.026365233153890784,0.029271497477914302,0.029266148070984377,-0.000399604240302838,-0.24531342590104258,battery_cells_and_systems
2022-07-29,300274,True,False,0.08869247180737581,0.1036710433821467,0.07861501896311676,0.07860065195891569,-0.010091819848460123,-0.6811309001306968,power_equipment_and_energy_services
2022-07-29,300376,True,False,0.006908462867012091,0.009782471558942565,0.009082174755444162,0.009080514975359041,0.00217205210834695,0.4450941369347648,power_equipment_and_energy_services
2022-07-29,300409,True,False,0.006705272782688206,0.005530971104229203,0.006159906845228486,0.006158781113673741,-0.000546491669014465,-0.08405653041565311,battery_materials
2022-07-29,300438,True,False,0.00853398354160317,0.01029860195816091,0.008313480783226867,0.008311961483035712,-0.0002220220585674587,-0.28188162256694327,battery_cells_and_systems
2022-07-29,300450,True,False,0.047241694605303274,0.04528437060593483,0.04957407791758958,0.049565018185809315,0.002323323580506041,0.28830502548399767,industrial_equipment_and_components
2022-07-29,300457,True,False,0.0068068678248501486,0.006972723086817289,0.007467185334292062,0.007465820695772819,0.0006589528709226708,0.41514743663833653,industrial_equipment_and_components
2022-07-29,300568,True,False,0.0169663720410444,0.017250853041749104,0.01696731132616275,0.016964210526387854,-2.16151465654707e-06,0.1584803396445875,battery_materials
2022-07-29,300712,True,False,0.0035558264756679874,0.0041289910642005895,0.003566300307455425,0.003565648561107522,9.822085439534396e-06,-0.32812100812765,power_equipment_and_energy_services
2022-07-29,300750,True,False,0.10200142233059027,0.09544336428499316,0.0991783363909229,0.09916021141182377,-0.002841210918766504,-0.287279571435723,battery_cells_and_systems
2022-07-29,300763,True,False,0.01564563649293915,0.019049048717908714,0.018120354857692596,0.01811704333760649,0.002471406844667342,0.08302931549707504,power_equipment_and_energy_services
2022-07-29,300769,True,False,0.014121710860510008,0.014366822798273563,0.01820431718199798,0.018200990317680178,0.00407927945717017,0.8838804060072585,battery_materials
2022-07-29,300919,True,False,0.003352636391344103,0.002150352731185182,0.00219061568638882,0.002190215348321305,-0.0011624210430227979,-1.0575760580975704,battery_materials
2022-07-29,600110,True,False,0.013004165396728643,0.010267784639156645,0.011092995775301213,0.011090968514874282,-0.001913196881854361,-0.29583732722607897,battery_materials
2022-07-29,600478,True,False,0.005587727318906839,0.0069592938019607,0.006930814674783887,0.006929548058749663,0.0013418207398428238,0.4083543477494137,battery_cells_and_systems
2022-07-29,600549,True,False,0.01127704967997562,0.01261010887328138,0.00914898923674968,0.009147317246225048,-0.0021297324337505724,-0.43918140736573574,battery_materials
2022-07-29,600699,True,False,0.012496190185918929,0.014172770275687394,0.008970368880972121,0.00896872953356627,-0.0035274606523526594,-0.7965184750662042,industrial_equipment_and_components
2022-07-29,600884,True,False,0.022452504317789293,0.019780697521472337,0.020701894398095336,0.020698111098062966,-0.0017543932197263273,-0.07361196325694233,battery_materials
2022-07-29,601311,True,False,0.006298892614040435,0.00788394791611239,0.007388100360167259,0.007386750174537178,0.001087857560496743,0.2486174410751424,battery_cells_and_systems
2022-07-29,603026,True,False,0.019201462968607134,0.017927270656887484,0.01784157446862056,0.01783831389603881,-0.0013631490725683239,-0.051549529590830784,battery_materials
2022-07-29,603063,True,False,0.007416438077821804,0.009872632441564317,0.010253077921066412,0.010251204156797079,0.002834766078975275,0.5888442371379117,power_equipment_and_energy_services
2022-07-29,603659,True,False,0.032510413491821606,0.02516108547766712,0.031252731062995406,0.031247019582868584,-0.001263393908953022,0.04559734875304578,battery_materials
2022-07-29,688005,True,False,0.019404653052931018,0.01358606348556771,0.013464594355726521,0.013462133682356138,-0.00594251937057488,-0.8858186473917781,battery_materials
2022-07-29,688006,True,False,0.006705272782688206,0.006693282833709466,0.006517768578845695,0.006516577447560744,-0.00018869533512746225,0.06958120812970095,industrial_equipment_and_components
2022-07-29,688116,True,False,0.019303058010769078,0.015552289718248678,0.01740714178352421,0.017403960604120687,-0.001899097406648391,-0.13705771812508874,battery_materials
2022-07-29,688155,True,False,0.0016255206745910804,0.0016189931532655207,0.0013882417764448508,0.0013879880733268287,-0.00023753260126425165,-0.30021312794980437,industrial_equipment_and_components
2022-07-29,688339,True,False,0.005689322361068782,0.007610894087421095,0.006959882938215555,0.006958611009915705,0.0012692886488469236,0.36883087774650347,battery_cells_and_systems
2022-07-29,688388,True,False,0.010362694300518137,0.007702602011020564,0.00845776980845362,0.008456224139242158,-0.001906470161275979,-0.42203996846650543,battery_materials
2022-07-29,688390,True,False,0.009549933963222595,0.008572536758599416,0.009185137698360678,0.009183459101654344,-0.0003664748615682511,-0.4478031240074236,power_equipment_and_energy_services
2022-08-31,000009,True,False,0.021482602118003027,0.018033999305563837,0.014266885386371674,0.014259819898283586,-0.007222782219719441,-0.9913405299794411,battery_materials
2022-08-31,000049,True,False,0.004942007060010086,0.008362386911366813,0.005012669412801207,0.00501018695394165,6.8179893931564e-05,-0.021732805010020534,battery_cells_and_systems
2022-08-31,002050,True,False,0.030458900655572368,0.024304490447441436,0.031009602860938554,0.03099424576135467,0.0005353451057823026,0.10469000284731554,industrial_equipment_and_components
2022-08-31,002074,True,False,0.0281391830559758,0.032022964222771184,0.02747798022461276,0.027464372114874444,-0.0006748109411013545,-0.13023311656950948,battery_cells_and_systems
2022-08-31,002126,False,True,0.0,0.004355722174877464,0.0,0.0,0.0,-0.21047101917289796,industrial_equipment_and_components
2022-08-31,002240,False,True,0.0,0.03736353748824978,0.0,0.0,0.0,1.6932713943236786,battery_materials
2022-08-31,002335,True,False,0.005345436207766011,0.007310744638873632,0.0061417160247293975,0.006138674420326056,0.000793238212560045,0.2393256327231194,power_equipment_and_energy_services
2022-08-31,002340,True,False,0.026828038325769042,0.022454206789347765,0.02260773077450632,0.02259653459200677,-0.004231503733762271,-0.31092158845695206,battery_materials
2022-08-31,002407,True,False,0.022592032274331826,0.018561296678254024,0.025947093263960715,0.025934243305934686,0.0033422110316028604,0.5737010683896675,battery_materials
2022-08-31,002518,True,False,0.0043368633383761976,0.004776026469306571,0.004964090292876858,0.004961631892190047,0.0006247685538138493,0.22851897212051064,power_equipment_and_energy_services
2022-08-31,002709,True,False,0.05022692889561271,0.04474064650070397,0.05623791308061154,0.056210061990888086,0.0059831330952753725,0.5010654222960218,battery_materials
2022-08-31,002759,True,False,0.004034291477559254,0.00501018624369197,0.00436271152252523,0.004360550946796233,0.0003262594692369789,0.40170329755670864,battery_materials
2022-08-31,002812,True,False,0.08240040342914776,0.08257600194953123,0.08906001545029878,0.08901590964435391,0.006615506215206152,0.4001520396852938,battery_materials
2022-08-31,002850,True,False,0.013918305597579426,0.012339127237181526,0.014235698983374179,0.014228648939943625,0.0003103433423641989,0.11791636983796076,industrial_equipment_and_components
2022-08-31,300001,True,False,0.007665153807362582,0.01027879497447813,0.00875629690706576,0.008751960465732058,0.0010868066583694762,0.222832705811852,power_equipment_and_energy_services
2022-08-31,300014,True,False,0.06838124054462935,0.08334452456529395,0.060520753427896916,0.06049078131759767,-0.00789045922703168,-0.41118778182767596,battery_cells_and_systems
2022-08-31,300035,True,False,0.00978315683308119,0.006832736865061371,0.007791728516847708,0.007787869765373191,-0.001995287067707999,-0.4721897677797101,battery_materials
2022-08-31,300037,True,False,0.01724659606656581,0.02011540286612279,0.01635031315625104,0.016342215877853308,-0.0009043801887125037,0.025615226422892733,battery_materials
2022-08-31,300068,True,False,0.007866868381240545,0.01023188717138048,0.00886075115870328,0.008856362987769829,0.0009894946065292839,0.277622690444962,battery_cells_and_systems
2022-08-31,300073,True,False,0.019667170953101363,0.014431536086232283,0.018561007624832197,0.01855181552895951,-0.001115355424141852,0.012700836353699067,battery_materials
2022-08-31,300116,False,True,0.0,0.004338699715884744,0.0,0.0,0.0,-0.34510315565304406,battery_cells_and_systems
2022-08-31,300207,True,False,0.02339889056984367,0.03065159202373823,0.020981607683405484,0.02097121681706421,-0.002427673752779462,-0.3738454743920613,battery_cells_and_systems
2022-08-31,300274,True,False,0.06293494704992436,0.0778913954736183,0.05621813119175341,0.056190289898751265,-0.006744657151173096,-0.47988384331307543,power_equipment_and_energy_services
2022-08-31,300376,True,False,0.005748865355521936,0.008804452941318371,0.007215773379881598,0.007212199862643519,0.0014633345071215827,0.4919137382154405,power_equipment_and_energy_services
2022-08-31,300390,True,False,0.021381744831064045,0.0,0.03360771851037948,0.033591074728056135,0.01220932989699209,1.4701466254660391,battery_materials
2022-08-31,300409,True,False,0.00746343923348462,0.005823879959457323,0.006406008697704893,0.006402836205817557,-0.0010606030276670633,-0.2584195673837524,battery_materials
2022-08-31,300438,True,False,0.011497730711043872,0.010061321109064079,0.012104237838072802,0.012098243372851824,0.0006005126618079514,0.08457829650187709,battery_cells_and_systems
2022-08-31,300450,True,False,0.042561775088250126,0.05050927143516556,0.04310085241610144,0.04307950728357354,0.0005177321953234171,0.08945443610454235,industrial_equipment_and_components
2022-08-31,300457,True,False,0.006757438224911751,0.007526770787801095,0.007394420165386369,0.007390758175668082,0.0006333199507563315,0.3108704477730621,industrial_equipment_and_components
2022-08-31,300568,True,False,0.020877458396369137,0.015160549650918419,0.02235897612932681,0.022347903139306537,0.0014704447429374004,0.3739739971320215,battery_materials
2022-08-31,300712,False,True,0.0,0.00306796755426079,0.0,0.0,0.0,-0.32812100812765,power_equipment_and_energy_services
2022-08-31,300750,True,False,0.09853756933938478,0.10375703203735263,0.10425833745423815,0.10420670487842237,0.005669135539037598,0.09894402077620207,battery_cells_and_systems
2022-08-31,300763,True,False,0.02047402924861321,0.020044539879600105,0.02408375486972315,0.024071827705626703,0.0035977984570134923,0.3065236044295804,power_equipment_and_energy_services
2022-08-31,300769,True,False,0.025819465456379226,0.017934468410212647,0.03239865647809755,0.0323826114679067,0.006563146011527472,0.8266324172691031,battery_materials
2022-08-31,300827,True,False,0.003429147755925366,0.0,0.0028461164518612026,0.0028447069499732045,-0.0005844408059521617,-0.6898668813738066,power_equipment_and_energy_services
2022-08-31,300919,True,False,0.01270801815431165,0.001814769199307308,0.009307353038079693,0.00930274369341607,-0.00340527446089558,-0.7117009559219218,battery_materials
2022-08-31,300953,True,False,0.0036308623298033286,0.0,0.0034751613173017956,0.003473440289184822,-0.00015742204061850677,-0.07173270279800281,industrial_equipment_and_components
2022-08-31,600110,True,False,0.009984871406959153,0.010495268978294817,0.008077010152384875,0.008073010118917614,-0.0019118612880415393,-0.42776069049105714,battery_materials
2022-08-31,600478,False,True,0.0,0.006996646145140184,0.0,0.0,0.0,0.4083543477494137,battery_cells_and_systems
2022-08-31,600549,True,False,0.011296016137165913,0.009475443165454425,0.009336217903888293,0.009331594264278015,-0.0019644218728878983,-0.3663308600152108,battery_materials
2022-08-31,600699,True,False,0.009278870398386284,0.007107627259396181,0.007436923062490795,0.007433240023769516,-0.0018456303746167682,-0.5787422537359211,industrial_equipment_and_components
2022-08-31,600884,True,False,0.02007060010085729,0.01998197992074593,0.019127664736215997,0.019118192010832237,-0.0009524080900250517,0.040607752211940656,battery_materials
2022-08-31,601311,True,False,0.004841149773071104,0.007656385102103959,0.005198731958274857,0.005196157354377117,0.00035500758130601294,0.14131130565886313,battery_cells_and_systems
2022-08-31,603026,True,False,0.013313161875945537,0.016216961957835358,0.013046739680565475,0.013040278453653995,-0.0002728834222915418,0.12033766398404844,battery_materials
2022-08-31,603063,True,False,0.007261724659606657,0.009103346641012255,0.008222524130039136,0.00821845203268071,0.0009567273730740527,0.19760803948911881,power_equipment_and_energy_services
2022-08-31,603659,True,False,0.03610690872415532,0.0308028921890471,0.03502295523831195,0.03500561057853902,-0.0011012981456162974,0.09100731266162168,battery_materials
2022-08-31,603906,True,False,0.006051437216338881,0.0,0.0058690983481904995,0.00586619175412011,-0.00018524546221877075,0.09068083420357176,battery_materials
2022-08-31,688005,True,False,0.021886031265758953,0.011094079941631753,0.015534104434969775,0.015526411373248733,-0.006359619892510221,-0.8013646433353514,battery_materials
2022-08-31,688006,True,False,0.005143721633888049,0.005971850580610735,0.005097215122798187,0.005094690793783323,-4.903084010472649e-05,0.02754369997104228,industrial_equipment_and_components
2022-08-31,688063,True,False,0.01432173474533535,0.0,0.01767998958593918,0.017671233802708713,0.0033494990573733636,0.5395761052619397,battery_cells_and_systems
2022-08-31,688116,True,False,0.021482602118003027,0.015666548783312206,0.0192398351701454,0.019230306893823698,-0.0022522952241793293,-0.1369355777416271,battery_materials
2022-08-31,688155,False,True,0.0,0.0010210034085959949,0.0,0.0,0.0,-0.30021312794980437,industrial_equipment_and_components
2022-08-31,688339,True,False,0.004034291477559254,0.00713555434097977,0.0037316113593838,0.0037297633277430407,-0.00030452814981621334,-0.2851259643250686,battery_cells_and_systems
2022-08-31,688388,True,False,0.009178013111447303,0.0072374946616078385,0.007363251106946136,0.007359604553295721,-0.001818408558151582,-0.4513603125276015,battery_materials
2022-08-31,688390,True,False,0.010590015128593042,0.009203987160801784,0.009337779303758866,0.009333154890885759,-0.001256860237707283,-0.5169719681027402,power_equipment_and_energy_services
2022-08-31,688819,True,False,0.002622289460413515,0.0,0.0027562850151788853,0.002754920001133092,0.0001326305407195771,0.08009272348048807,battery_cells_and_systems
2022-09-30,000009,True,False,0.021482602118003027,0.012209013210227078,0.01560056907877223,0.015599185658368027,-0.005883416459635001,-0.7403288567726446,battery_materials
2022-09-30,000049,True,False,0.004942007060010086,0.004612706088458034,0.005473138445077347,0.005472653100513202,0.0005306460405031157,0.14910399839168198,battery_cells_and_systems
2022-09-30,002050,True,False,0.030458900655572368,0.033610713572435565,0.029331097526589876,0.029328496516422168,-0.0011304041391501998,-0.053853098395482385,industrial_equipment_and_components
2022-09-30,002074,True,False,0.0281391830559758,0.02748547758065348,0.027523547956707688,0.027521107235625845,-0.0006180758203499538,-0.20575818472363416,battery_cells_and_systems
2022-09-30,002335,True,False,0.005345436207766011,0.008391553730504231,0.005834034066160792,0.00583351671825347,0.00048808051048745884,0.024868970984685636,power_equipment_and_energy_services
2022-09-30,002340,True,False,0.026828038325769042,0.022494257587481636,0.02272874268219777,0.02272672715274948,-0.004101311173019564,-0.2999894711380132,battery_materials
2022-09-30,002407,True,False,0.022592032274331826,0.025822307967304947,0.026243992540953866,0.026241665287724477,0.003649633013392651,0.6018877950244808,battery_materials
2022-09-30,002518,True,False,0.0043368633383761976,0.0064752017016837015,0.00542877532567534,0.005428293915124389,0.0010914305767481917,0.4165737058449764,power_equipment_and_energy_services
2022-09-30,002709,True,False,0.05022692889561271,0.05866351033275676,0.057631699347537306,0.0576265887090469,0.007399659813434184,0.5666924229545289,battery_materials
2022-09-30,002759,True,False,0.004034291477559254,0.004169931663830614,0.0045359055394297,0.004535503306393002,0.0005012118288337478,0.5086141707404419,battery_materials
2022-09-30,002812,True,False,0.08240040342914776,0.09045216517802776,0.08740931678490145,0.08740156553994706,0.005001162110799304,0.34237844092075764,battery_materials
2022-09-30,002850,True,False,0.013918305597579426,0.013752660155275584,0.013395043149331941,0.0133938553095862,-0.0005244502879932257,-0.0555395145466976,industrial_equipment_and_components
2022-09-30,300001,True,False,0.007665153807362582,0.008387495087463835,0.008876218262609285,0.008875431141229633,0.0012102773338670512,0.19408456358738368,power_equipment_and_energy_services
2022-09-30,300014,True,False,0.06838124054462935,0.06067945025954098,0.062075188699143545,0.0620696840228585,-0.006311556521770852,-0.4189897918083963,battery_cells_and_systems
2022-09-30,300035,True,False,0.00978315683308119,0.007051154865061488,0.007818290585682857,0.0078175972787485,-0.0019655595543326895,-0.46678677205614705,battery_materials
2022-09-30,300037,True,False,0.01724659606656581,0.01833207396081837,0.01705217163226372,0.01705065948728664,-0.0001959365792791705,0.1413819439854867,battery_materials
2022-09-30,300068,True,False,0.007866868381240545,0.00848950135834872,0.009206058945914579,0.009205242575067864,0.0013383741938273186,0.3065928898146658,battery_cells_and_systems
2022-09-30,300073,True,False,0.019667170953101363,0.017541548779898407,0.017934351332158337,0.017932760957637784,-0.0017344099954635789,-0.08974840905348673,battery_materials
2022-09-30,300207,True,False,0.02339889056984367,0.020142061187535826,0.022781308391576393,0.022779288200729237,-0.0006196023691144338,-0.21897854206807627,battery_cells_and_systems
2022-09-30,300274,True,False,0.06293494704992436,0.06284486482961268,0.05427480621665652,0.054269993259258936,-0.008664953790665425,-0.6480082294521508,power_equipment_and_energy_services
2022-09-30,300376,True,False,0.005748865355521936,0.006857256697068348,0.00767534667771922,0.0076746660467018725,0.0019258006911799363,0.6007129631754669,power_equipment_and_energy_services
2022-09-30,300390,True,False,0.021381744831064045,0.032140350739981415,0.03554563925357299,0.035542487153006945,0.0141607423219429,1.6260025192968643,battery_materials
2022-09-30,300409,True,False,0.00746343923348462,0.00629735736637085,0.0063655937613284535,0.006365029276004244,-0.001098409957480376,-0.28082259235453,battery_materials
2022-09-30,300438,True,False,0.011497730711043872,0.012483145895998197,0.012076098158634382,0.012075027279712502,0.0005772965686686293,-0.0023309105226453353,battery_cells_and_systems
2022-09-30,300450,True,False,0.042561775088250126,0.04161591359173857,0.04503409541007667,0.04503010189636825,0.002468326808118128,0.2152705582978706,industrial_equipment_and_components
2022-09-30,300457,True,False,0.006757438224911751,0.007267267123526201,0.00746953959597011,0.007468877215422652,0.0007114389905109007,0.3402024995437889,industrial_equipment_and_components
2022-09-30,300568,True,False,0.020877458396369137,0.021814680315545412,0.020406903374359714,0.020405093739956498,-0.00047236465641263894,0.10864035389873494,battery_materials
2022-09-30,300750,True,False,0.09853756933938478,0.09756505851594541,0.1000994145170619,0.10009053794520145,0.0015529686058166764,-0.09762378610908906,battery_cells_and_systems
2022-09-30,300763,True,False,0.02047402924861321,0.026073994424045573,0.024917887895245405,0.024915678237740612,0.004441648989127401,0.3361922813423977,power_equipment_and_energy_services
2022-09-30,300769,True,False,0.025819465456379226,0.0320689548445408,0.03169698652830026,0.03169417571686809,0.005874710260488865,0.7597538358629005,battery_materials
2022-09-30,300827,True,False,0.003429147755925366,0.002831117802478069,0.0030936638629159075,0.003093389524352353,-0.00033575823157301317,-0.5191916504430375,power_equipment_and_energy_services
2022-09-30,300919,True,False,0.01270801815431165,0.009353753826734295,0.008959783485639871,0.00895898895390012,-0.0037490292004115303,-0.8247604904717274,battery_materials
2022-09-30,300953,True,False,0.0036308623298033286,0.003445827501352613,0.0032987414999519327,0.003298448975603867,-0.0003324133541994616,-0.22013650334398133,industrial_equipment_and_components
2022-09-30,600110,True,False,0.009984871406959153,0.008248496372143692,0.008364072742298771,0.008363331036734346,-0.0016215403702248068,-0.33229913929092325,battery_materials
2022-09-30,600549,True,False,0.011296016137165913,0.009404843562068875,0.009362075485402514,0.00936124527938972,-0.0019347708577761927,-0.3627491209906576,battery_materials
2022-09-30,600699,True,False,0.009278870398386284,0.007140652166976781,0.007722591342410134,0.007721906521851188,-0.001556963876535096,-0.47059563583944447,industrial_equipment_and_components
2022-09-30,600884,True,False,0.02007060010085729,0.018074290389198534,0.019005842591645044,0.019004157199893783,-0.001066442900963506,0.018032242399340412,battery_materials
2022-09-30,601311,True,False,0.004841149773071104,0.004505631814297246,0.00531623943339707,0.005315768002254486,0.0004746182291833819,0.12491331038318994,battery_cells_and_systems
2022-09-30,603026,True,False,0.013313161875945537,0.012484475444385558,0.011319375439625641,0.011318371665028257,-0.00199479021091728,-0.28976100497077073,battery_materials
2022-09-30,603063,True,False,0.007261724659606657,0.007592401051384643,0.008567410859054245,0.008566651121961722,0.0013049264623550645,0.2473908399728246,power_equipment_and_energy_services
2022-09-30,603659,True,False,0.03610690872415532,0.03471200190912905,0.034386010519655306,0.03438296125213617,-0.0017239474720191494,0.034247134837860585,battery_materials
2022-09-30,603906,True,False,0.006051437216338881,0.005802068431469951,0.005880854039677994,0.005880332539889651,-0.00017110467644923,0.09207744827519335,battery_materials
2022-09-30,688005,True,False,0.021886031265758953,0.014205852644913053,0.01661939403939388,0.016617920272077865,-0.005268110993681088,-0.6127352905533676,battery_materials
2022-09-30,688006,True,False,0.005143721633888049,0.004620715296443915,0.0054987654040606505,0.005498277786960307,0.0003545561530722578,0.24465169428394457,industrial_equipment_and_components
2022-09-30,688063,True,False,0.01432173474533535,0.01855793212864048,0.01710673157133311,0.01710521458811375,0.0027834798427783993,0.3651413632785022,battery_cells_and_systems
2022-09-30,688116,True,False,0.021482602118003027,0.020551262170900888,0.019495072135753754,0.019493343360320124,-0.0019892587576829032,-0.10360220061475325,battery_materials
2022-09-30,688339,True,False,0.004034291477559254,0.0035376589947278985,0.004018444330753472,0.004018087984914276,-1.6203492644977988e-05,-0.15380033964657164,battery_cells_and_systems
2022-09-30,688388,True,False,0.009178013111447303,0.006983790805704265,0.007518345480860608,0.007517678772326352,-0.0016603343391209512,-0.396124959929564,battery_materials
2022-09-30,688390,True,False,0.010590015128593042,0.009536002099988632,0.009118039385652662,0.009117230820165804,-0.0014727843084272382,-0.6526234450125472,power_equipment_and_energy_services
2022-09-30,688819,True,False,0.002622289460413515,0.002619596975381169,0.002906784668907839,0.002906526902335268,0.0002842374419217532,0.15172999301037093,battery_cells_and_systems
2022-10-31,000009,True,False,0.021699266503667484,0.016860217360879698,0.015417233588095025,0.015415009645595622,-0.006284256858071862,-0.8087247907936445,battery_materials
2022-10-31,000049,True,False,0.004991850040749797,0.006863354078611873,0.005062424678332481,0.005061694421420446,6.984438067064898e-05,-0.1022838065394146,battery_cells_and_systems
2022-10-31,002050,True,False,0.030766096169519155,0.026577239901631255,0.02971264449520564,0.02970835843360549,-0.0010577377359136664,-0.037014304426442435,industrial_equipment_and_components
2022-10-31,002074,True,False,0.028422982885085577,0.028417104336580942,0.029051186210160198,0.02904699556419887,0.0006240126791132936,-0.07993444030548191,battery_cells_and_systems
2022-10-31,002335,True,False,0.005399348003259984,0.006199410006207327,0.00569957922639742,0.005698757059670953,0.0002994090564109684,0.04793833578958251,power_equipment_and_energy_services
2022-10-31,002340,True,False,0.02709861450692747,0.024035310048807292,0.024540537769005926,0.024536997785999843,-0.002561616720927626,-0.11547832778886552,battery_materials
2022-10-31,002407,True,False,0.0228198859005705,0.023886432449989572,0.024038108174776574,0.024034640667453058,0.001214754766882556,0.31641971673714864,battery_materials
2022-10-31,002518,True,False,0.004380603096984515,0.006219476522946831,0.005382747141911855,0.00538197067834827,0.0010013675813637544,0.4819335092106258,power_equipment_and_energy_services
2022-10-31,002709,True,False,0.05073349633251835,0.05831276326106328,0.055269262062050586,0.05526128944750155,0.004527793114983199,0.4124839378771015,battery_materials
2022-10-31,002759,True,False,0.004074979625101875,0.004503126134811915,0.003986444142634792,0.0039858690963724625,-8.911052872941257e-05,0.10506493758070498,battery_materials
2022-10-31,002812,True,False,0.08323145884270579,0.07795535050028789,0.08818130569432568,0.0881685855034908,0.00493712666078501,0.332881237553701,battery_materials
2022-10-31,002850,True,False,0.014058679706601468,0.013387651756009438,0.0119456923375533,0.011943969166355144,-0.002114710540246324,-0.4028103730611622,industrial_equipment_and_components
2022-10-31,300001,True,False,0.0077424612876935625,0.009624331490219178,0.008424653815781244,0.00842343855588675,0.0006809772681931874,0.13459149681702215,power_equipment_and_energy_services
2022-10-31,300014,True,False,0.06907090464547677,0.06391353099549854,0.06270730869186353,0.06269826313592601,-0.006372641509550761,-0.4185539119496457,battery_cells_and_systems
2022-10-31,300035,True,False,0.009881825590872046,0.007428460775262734,0.008641156205660956,0.00863990971520468,-0.0012419158756673664,-0.21549155287247299,battery_materials
2022-10-31,300037,True,False,0.017420537897310514,0.015448249868671243,0.0165709051801382,0.016568514820021186,-0.0008520230772893281,0.024964120365489575,battery_materials
2022-10-31,300068,True,False,0.007946210268948657,0.008945775182140223,0.008842475610896228,0.008841200080030162,0.0008949898110815046,0.16295276882768317,battery_cells_and_systems
2022-10-31,300073,True,False,0.01986552567237164,0.016811717674762344,0.01879626041799536,0.018793549049439223,-0.0010719766229324162,0.009745481672088385,battery_materials
2022-10-31,300207,True,False,0.023634881825590873,0.02391714847612179,0.021961104589168327,0.02195793669049503,-0.0016769451350958434,-0.35225441252225576,battery_cells_and_systems
2022-10-31,300274,True,False,0.06356968215158926,0.06737958642258766,0.0577575290273067,0.05774919747919009,-0.005820484672399165,-0.3806247880142517,power_equipment_and_energy_services
2022-10-31,300376,True,False,0.005806845965770171,0.008608494127574876,0.007322585504070724,0.007321529217998716,0.0015146832522285446,0.5559719645886047,power_equipment_and_energy_services
2022-10-31,300390,True,False,0.021597392013039937,0.03479900175414866,0.036983881462053725,0.036978546521429886,0.01538115450838995,1.7047098512281553,battery_materials
2022-10-31,300409,True,False,0.007538712306438469,0.005735986655918075,0.0056903328043523375,0.005689511971426182,-0.0018492003350122866,-0.6358394754269979,battery_materials
2022-10-31,300438,True,False,0.011613691931540342,0.010610051419824669,0.013145069730841712,0.013143173548944684,0.0015294816174043421,0.211496361056703,battery_cells_and_systems
2022-10-31,300450,True,False,0.04299103504482477,0.05001465206209004,0.04609770316856081,0.04609105355528126,0.0031000185104564856,0.26187750559152895,industrial_equipment_and_components
2022-10-31,300457,True,False,0.006825590872045641,0.006589542368118766,0.006915026355705782,0.006914028860214191,8.843798816854983e-05,0.09972420611378247,industrial_equipment_and_components
2022-10-31,300568,True,False,0.0210880195599022,0.019770046484746878,0.022871972182032116,0.02286867289032131,0.0017806533304191088,0.3998456758394731,battery_materials
2022-10-31,300750,True,False,0.09953137734311329,0.09766369995626244,0.09948892571508616,0.09947457439525609,-5.680294785720408e-05,-0.1436140044695977,battery_cells_and_systems
2022-10-31,300763,True,False,0.020680521597392015,0.02209794258569652,0.025268356524014404,0.025264711552843495,0.004584189955451481,0.4657853785505578,power_equipment_and_energy_services
2022-10-31,300769,True,False,0.026079869600652,0.030440687594121257,0.030993656392457415,0.03098918554434649,0.0049093159436944915,0.6610218502844222,battery_materials
2022-10-31,300827,True,False,0.0034637326813365937,0.004327277689931711,0.0028909256190835717,0.0028905086018340014,-0.0005732240795025922,-0.6231594613101579,power_equipment_and_energy_services
2022-10-31,300919,True,False,0.012836185819070907,0.008130351161373332,0.009976243866084268,0.00997480478866539,-0.0028613810304055163,-0.5523506073138936,battery_materials
2022-10-31,300953,True,False,0.0036674816625916875,0.0032994866615779373,0.00334259921270546,0.0033421170413479896,-0.00032536462124369784,-0.20248831907881149,industrial_equipment_and_components
2022-10-31,600110,False,True,0.0,0.009981208308067358,0.0,0.0,0.0,-0.33229913929092325,battery_materials
2022-10-31,600549,True,False,0.01140994295028525,0.008713828833933896,0.009761179204980205,0.009759771150730122,-0.0016501717995551293,-0.27809461985813433,battery_materials
2022-10-31,600699,True,False,0.009372453137734311,0.00940584374963107,0.00938286020026139,0.009381506718688573,9.053580954262314e-06,0.0657010855120905,industrial_equipment_and_components
2022-10-31,600884,True,False,0.02027302363488183,0.017192082509850493,0.017705108533384386,0.017702554563951485,-0.0025704690709303438,-0.21914019441696575,battery_materials
2022-10-31,601311,True,False,0.004889975550122249,0.005642658062996389,0.005231014655300331,0.005230260079212447,0.0003402845290901976,0.05022761987315642,battery_cells_and_systems
2022-10-31,603026,True,False,0.013447432762836187,0.011888276924131904,0.011619658780531046,0.011617982639812096,-0.0018294501230240907,-0.2495742725732963,battery_materials
2022-10-31,603063,True,False,0.007334963325183375,0.009777498603174672,0.007890592672332226,0.00788945445098472,0.0005544911258013457,0.10195173946443513,power_equipment_and_energy_services
2022-10-31,603659,True,False,0.03647106764466178,0.032262117773940516,0.03446547004396929,0.034460498385263175,-0.0020105692593986035,0.006221454794972159,battery_materials
2022-10-31,603906,True,False,0.006112469437652812,0.006414402095260854,0.006028417085785457,0.006027547484057975,-8.492195359483673e-05,0.12826413882386445,battery_materials
2022-10-31,688005,True,False,0.02210676446617767,0.01622318234081543,0.016685242165296377,0.016682835312020645,-0.005423929154157025,-0.6360576755841341,battery_materials
2022-10-31,688006,True,False,0.0051955990220048905,0.005774892446980492,0.005480409845329547,0.005479619293879475,0.00028402027187458476,0.2150101993490142,industrial_equipment_and_components
2022-10-31,688063,True,False,0.014466177669111655,0.013839486786751011,0.018591467838855735,0.0185887860117162,0.004122608342604545,0.5744317468207442,battery_cells_and_systems
2022-10-31,688116,True,False,0.021699266503667484,0.016933820909548432,0.021162523799997553,0.021159471096942595,-0.000539795406724889,0.09626356404400899,battery_materials
2022-10-31,688339,True,False,0.004074979625101875,0.004207503669020957,0.004417750172812891,0.004417112910472347,0.0003421332853704717,0.08836146732555406,battery_cells_and_systems
2022-10-31,688388,True,False,0.009270578647106766,0.007847111302967363,0.007371416662811702,0.007370353332824286,-0.0019002253142824796,-0.48713445017272783,battery_materials
2022-10-31,688390,True,False,0.010696821515892421,0.011320993311766411,0.008438010094203698,0.008436792907660362,-0.002260028608232059,-0.7843881750964206,power_equipment_and_energy_services
2022-10-31,688819,True,False,0.0026487367563162185,0.00380163460668639,0.0027930406478397373,0.002792637750538883,0.00014390099422266446,0.009170611882558827,battery_cells_and_systems
2022-11-30,000009,True,False,0.021482602118003027,0.017242832172705204,0.016319373865208667,0.016317172222900134,-0.005165429895102894,-0.6457788992484287,battery_materials
2022-11-30,000049,True,False,0.004942007060010086,0.0050193984043866,0.005308778264426756,0.005308062058588828,0.0003660549985787416,0.06187709590170025,battery_cells_and_systems
2022-11-30,002050,True,False,0.030458900655572368,0.03035943334390047,0.028948721355239307,0.02894481589108118,-0.001514084764491188,-0.048429001934124166,industrial_equipment_and_components
2022-11-30,002074,True,False,0.0281391830559758,0.03053219638100966,0.027542035384648948,0.02753831969611415,-0.0006008633598616475,-0.2039509423986549,battery_cells_and_systems
2022-11-30,002335,True,False,0.005345436207766011,0.006294866625098051,0.005507749010134996,0.00550700596120765,0.00016156975344163837,-0.017465441824754485,power_equipment_and_energy_services
2022-11-30,002340,True,False,0.026828038325769042,0.026531231773510324,0.026564477593900227,0.02656089378742224,-0.0002671445383468016,0.1114147257034519,battery_materials
2022-11-30,002407,True,False,0.022592032274331826,0.02901722346186186,0.02222713624399396,0.022224137587062848,-0.0003678946872689784,0.09309832046204787,battery_materials
2022-11-30,002518,True,False,0.0043368633383761976,0.005434609266576479,0.005465820811809185,0.005465083419403719,0.0011282200810275216,0.5581062464881723,power_equipment_and_energy_services
2022-11-30,002709,True,False,0.05022692889561271,0.05770449844044698,0.05797082654907496,0.05796300572056491,0.007736076824952198,0.549303956330377,battery_materials
2022-11-30,002759,True,False,0.004034291477559254,0.004255722805488933,0.004093820106863267,0.0040932678107013405,5.897633314208648e-05,0.18147331357114854,battery_materials
2022-11-30,002812,True,False,0.08240040342914776,0.07314360369524742,0.07972657462586913,0.07971581873527796,-0.0026845846938697987,0.04537267665433846,battery_materials
2022-11-30,002850,True,False,0.013918305597579426,0.012390363211441291,0.011257481337878824,0.011255962594120287,-0.0026623430034591385,-0.509342682022016,industrial_equipment_and_components
2022-11-30,300001,True,False,0.007665153807362582,0.008790023010404262,0.008012593242926405,0.008011512266141977,0.0003463584587793944,0.023726046858519922,power_equipment_and_energy_services
2022-11-30,300014,True,False,0.06838124054462935,0.06182098242741918,0.0625613481477619,0.06255290801322617,-0.005828332531403177,-0.39681167809330953,battery_cells_and_systems
2022-11-30,300035,True,False,0.00978315683308119,0.008940705348592475,0.008454947908751932,0.008453807254019336,-0.0013293495790618545,-0.2772645397035349,battery_materials
2022-11-30,300037,True,False,0.01724659606656581,0.017973122166694062,0.016999069018897868,0.016996775679100226,-0.0002498203874655852,0.09831883066202962,battery_materials
2022-11-30,300068,True,False,0.007866868381240545,0.01000962692553934,0.008802868472926485,0.008801680880324798,0.0009348124990842532,0.1785267412500393,battery_cells_and_systems
2022-11-30,300073,True,False,0.019667170953101363,0.019270832198547985,0.018202965376288436,0.018200509619159255,-0.0014666613339421077,-0.08142421919512427,battery_materials
2022-11-30,300207,True,False,0.02339889056984367,0.0225113888494858,0.020776529392054623,0.020773726436101054,-0.002625164133742617,-0.4822796050315595,battery_cells_and_systems
2022-11-30,300274,True,False,0.06293494704992436,0.05007133919375085,0.059199943628897585,0.05919195698053517,-0.0037429900693891904,-0.27773366105179786,power_equipment_and_energy_services
2022-11-30,300376,True,False,0.005748865355521936,0.007830028001543414,0.006723611740181803,0.006722704659542828,0.0009738393040208916,0.3445634313684589,power_equipment_and_energy_services
2022-11-30,300390,True,False,0.021381744831064045,0.035940054001461774,0.039581285194164574,0.03957594529369845,0.018194200462634404,1.8991048686809757,battery_materials
2022-11-30,300409,True,False,0.00746343923348462,0.006407585109392539,0.005207548485540235,0.005206845936584362,-0.002256593296900258,-0.8886837717232628,battery_materials
2022-11-30,300438,True,False,0.011497730711043872,0.015715630311639747,0.011937760544301885,0.011936150024259844,0.0004384193132159712,-0.03536103485751674,battery_cells_and_systems
2022-11-30,300450,True,False,0.042561775088250126,0.039746074100432946,0.046327396814604425,0.046321146798046574,0.0037593717097964482,0.3390829340470445,industrial_equipment_and_components
2022-11-30,300457,True,False,0.006757438224911751,0.006879581889054811,0.006762790715121032,0.006761878348857158,4.440123945407409e-06,0.09912526902948299,industrial_equipment_and_components
2022-11-30,300568,True,False,0.020877458396369137,0.027920393907415842,0.022976396340294296,0.022973296600886504,0.0020958382045173675,0.41332919402183177,battery_materials
2022-11-30,300750,True,False,0.09853756933938478,0.10138063461938425,0.10191410729370574,0.10190035808909118,0.0033627887497063996,-0.04640206840767336,battery_cells_and_systems
2022-11-30,300763,True,False,0.02047402924861321,0.02639607682037728,0.022520871040386328,0.022517832755773383,0.002043803507160172,0.16931285523121328,power_equipment_and_energy_services
2022-11-30,300769,True,False,0.025819465456379226,0.026817306386962846,0.029613717452989154,0.029609722274387573,0.0037902568180083474,0.5313623006741409,battery_materials
2022-11-30,300827,True,False,0.003429147755925366,0.0024906033109735573,0.003037106763860332,0.0030366970286093303,-0.0003924507273160359,-0.44980624987843865,power_equipment_and_energy_services
2022-11-30,300919,True,False,0.01270801815431165,0.010337316954950646,0.009218509654035539,0.009217265987394675,-0.0034907521669169748,-0.7775770197176004,battery_materials
2022-11-30,300953,True,False,0.0036308623298033286,0.0032919580274376864,0.003063731487283364,0.0030633181600981355,-0.0005675441697051932,-0.388384268883118,industrial_equipment_and_components
2022-11-30,600110,True,False,0.009984871406959153,0.0,0.00944869221897283,0.009447417498464469,-0.0005374539084946842,-0.018076969888856487,battery_materials
2022-11-30,600549,True,False,0.011296016137165913,0.010319714718091264,0.009974732904402529,0.009973387215887758,-0.0013226289212781555,-0.21579176315932858,battery_materials
2022-11-30,600699,True,False,0.009278870398386284,0.009012932461632716,0.010130995053527657,0.010129628283728667,0.0008507578853423833,0.34789084506497436,industrial_equipment_and_components
2022-11-30,600884,True,False,0.02007060010085729,0.018717762732233727,0.017565696462296502,0.017563326678943923,-0.002507273421913366,-0.24125805984952897,battery_materials
2022-11-30,601311,True,False,0.004841149773071104,0.005422925404815287,0.00535105038173251,0.005350328472974684,0.0005091786999035803,0.14344976766998502,battery_cells_and_systems
2022-11-30,603026,True,False,0.013313161875945537,0.011947653174042186,0.01198914914255075,0.011987531689686836,-0.0013256301862587007,-0.15966671918689673,battery_materials
2022-11-30,603063,True,False,0.007261724659606657,0.007611070879186066,0.00728736304663562,0.0072863799104605645,2.4655250853907254e-05,-0.09286103743792438,power_equipment_and_energy_services
2022-11-30,603659,True,False,0.03610690872415532,0.0378249492973462,0.03390200818368006,0.03389743447293737,-0.002209474251217952,-0.040406191543594885,battery_materials
2022-11-30,603906,True,False,0.006051437216338881,0.005865829516042531,0.00685225514255923,0.006851330706673679,0.0007998934903347982,0.49471377723258175,battery_materials
2022-11-30,688005,True,False,0.021886031265758953,0.016238046884497117,0.016430437398932875,0.016428220773073085,-0.005457810492685868,-0.6795578045783979,battery_materials
2022-11-30,688006,True,False,0.005143721633888049,0.004954923830888761,0.0052587571647366976,0.005258047707231782,0.00011432607334373266,0.16005690469775669,industrial_equipment_and_components
2022-11-30,688063,True,False,0.01432173474533535,0.019508372770849214,0.016915373751359302,0.016913091702867533,0.0025913569575321833,0.3328897004671477,battery_cells_and_systems
2022-11-30,688116,True,False,0.021482602118003027,0.021385364678687718,0.021212731146841444,0.021209869343027266,-0.00027273277497576187,0.10350265654289875,battery_materials
2022-11-30,688339,True,False,0.004034291477559254,0.004352083166082524,0.0042721417345626175,0.004271565381078191,0.00023727390351893727,0.021003941377550874,battery_cells_and_systems
2022-11-30,688388,True,False,0.009178013111447303,0.007261093823899672,0.007348637385303527,0.007347645982624037,-0.0018303671288232666,-0.49550866274126765,battery_materials
2022-11-30,688390,True,False,0.010590015128593042,0.008547019702472267,0.010031123266857157,0.01002976997073386,-0.0005602451578591815,-0.2578421897534483,power_equipment_and_energy_services
2022-11-30,688819,True,False,0.002622289460413515,0.0025630138160982483,0.003200961751026551,0.003200529910143606,0.0005782404497300911,0.42705808212228974,battery_cells_and_systems
2022-12-30,000009,True,False,0.021482602118003027,0.015588761930611355,0.01779041174523987,0.01778822501765389,-0.0036943771003491374,-0.4344855678367412,battery_materials
2022-12-30,000049,True,False,0.004942007060010086,0.004783014959457301,0.005290333857571314,0.005289683590497621,0.00034767653048753486,0.03883262603170404,battery_cells_and_systems
2022-12-30,002050,True,False,0.030458900655572368,0.028900496188427167,0.03062319018466051,0.030619426102316254,0.00016052544674388658,0.08391370442822937,industrial_equipment_and_components
2022-12-30,002074,True,False,0.0281391830559758,0.025682887618050005,0.027652386643741898,0.02764898772090876,-0.0004901953350670389,-0.20562679736721956,battery_cells_and_systems
2022-12-30,002335,True,False,0.005345436207766011,0.0059449689720109875,0.005674268792064365,0.005673571333215434,0.0003281351254494228,0.037515467188966534,power_equipment_and_energy_services
2022-12-30,002340,True,False,0.026828038325769042,0.02506603411742893,0.027870089110744723,0.027866663428778804,0.0010386251030097618,0.21320085963686314,battery_materials
2022-12-30,002407,True,False,0.022592032274331826,0.020119477085797234,0.024510636047747805,0.024507623296566836,0.0019155910222350102,0.33721047623512496,battery_materials
2022-12-30,002518,True,False,0.0043368633383761976,0.006370674046129702,0.0055669897580710274,0.0055663054855398944,0.0012294421471636969,0.5803856370291727,power_equipment_and_energy_services
2022-12-30,002709,True,False,0.05022692889561271,0.05853357004948421,0.05625575188281128,0.056248837146588564,0.006021908250975851,0.4282022437784765,battery_materials
2022-12-30,002759,True,False,0.004034291477559254,0.003709288766191987,0.004157180371292382,0.004156669386997698,0.00012237790943844373,0.19005761654369766,battery_materials
2022-12-30,002812,True,False,0.08240040342914776,0.08707584323687734,0.07579819079733209,0.0757888739812203,-0.00661152944792745,-0.13429171374404925,battery_materials
2022-12-30,002850,True,False,0.013918305597579426,0.01437245360420536,0.011421639410337485,0.011420235507250064,-0.002498070090329362,-0.4962991209783355,industrial_equipment_and_components
2022-12-30,300001,True,False,0.007665153807362582,0.00793338252887339,0.008422379166235632,0.008421343920445593,0.0007561901130830103,0.13611322453490016,power_equipment_and_energy_services
2022-12-30,300014,True,False,0.06838124054462935,0.06861700970838146,0.06131816828516075,0.06131063129658338,-0.007070609248045971,-0.4672592672073005,battery_cells_and_systems
2022-12-30,300035,True,False,0.00978315683308119,0.008933444774000236,0.008707515787227556,0.0087064454935632,-0.0010767113395179911,-0.22846248969708005,battery_materials
2022-12-30,300037,True,False,0.01724659606656581,0.019241142224760973,0.016689271433959638,0.01668722005421885,-0.0005593760123469606,0.010471709026081286,battery_materials
2022-12-30,300068,True,False,0.007866868381240545,0.009210695481792935,0.00932146508355687,0.009320319325654705,0.00145345094441416,0.32897528494133377,battery_cells_and_systems
2022-12-30,300073,True,False,0.019667170953101363,0.017340262290969615,0.01794622157480582,0.017944015695687137,-0.0017231552574142259,-0.15730683490167854,battery_materials
2022-12-30,300207,True,False,0.02339889056984367,0.018794084800022787,0.021693163314793817,0.02169049687630286,-0.0017083936935408106,-0.372028151734361,battery_cells_and_systems
2022-12-30,300274,True,False,0.06293494704992436,0.0595687366009602,0.057356698803935416,0.05734964874363827,-0.005585298306286089,-0.39822887642495,power_equipment_and_energy_services
2022-12-30,300376,True,False,0.005748865355521936,0.006312211052360022,0.007214596629451978,0.007213709839550922,0.001464844484028986,0.5158160995268517,power_equipment_and_energy_services
2022-12-30,300390,True,False,0.021381744831064045,0.037590850173503894,0.040489604457027005,0.04048462763376517,0.019102882802701122,1.928633020611976,battery_materials
2022-12-30,300409,True,False,0.00746343923348462,0.004866544629370707,0.005294354857517019,0.005293704096197794,-0.002169735137286826,-0.8767468306316969,battery_materials
2022-12-30,300438,True,False,0.011497730711043872,0.012642879745965634,0.012322961435441416,0.012321446745388277,0.0008237160343444044,0.04227491241518311,battery_cells_and_systems
2022-12-30,300450,True,False,0.042561775088250126,0.044104168113671266,0.04406709193212613,0.04406167537814517,0.001499900289895044,0.16784919424570632,industrial_equipment_and_components
2022-12-30,300457,True,False,0.006757438224911751,0.006168808373382698,0.006881316225180469,0.006880470400798611,0.00012303217588686011,0.12044733964395918,industrial_equipment_and_components
2022-12-30,300568,True,False,0.020877458396369137,0.022107119503017896,0.025257236022748764,0.025254131502429205,0.004376673106060068,0.6484470495943266,battery_materials
2022-12-30,300750,True,False,0.09853756933938478,0.10779117378350266,0.10153918722666679,0.10152670642830497,0.0029891370889201935,-0.07003281357281632,battery_cells_and_systems
2022-12-30,300763,True,False,0.02047402924861321,0.021226621540509246,0.023500485841820882,0.02349759725433848,0.0030235680057252683,0.2608449578122231,power_equipment_and_energy_services
2022-12-30,300769,True,False,0.025819465456379226,0.031111837982909833,0.026565359853108376,0.026562094543341856,0.0007426290869626297,0.18569494931873776,battery_materials
2022-12-30,300827,True,False,0.003429147755925366,0.003311789537008013,0.002799863187094513,0.002799519038900764,-0.0006296287170246022,-0.7123124318907257,power_equipment_and_energy_services
2022-12-30,300919,True,False,0.01270801815431165,0.008266390500620426,0.009504034941514809,0.00950286674284227,-0.0032051514114693792,-0.7257225629725428,battery_materials
2022-12-30,300953,True,False,0.0036308623298033286,0.003083384920709488,0.0031356987946483295,0.0031353133668598245,-0.0004955489629435042,-0.35036470109003565,industrial_equipment_and_components
2022-12-30,600110,True,False,0.009984871406959153,0.0084325914869998,0.009492944390441932,0.009491777554976405,-0.0004930938519827482,-0.04002414973020042,battery_materials
2022-12-30,600549,True,False,0.011296016137165913,0.009383412224719131,0.01079353186161142,0.010792205163038623,-0.0005038109741272896,-0.02568356423480883,battery_materials
2022-12-30,600699,True,False,0.009278870398386284,0.009861227223969073,0.010511149155430072,0.010509857166231193,0.001230986767844909,0.4248205254822024,industrial_equipment_and_components
2022-12-30,600884,True,False,0.02007060010085729,0.01718041429203346,0.017664583302470147,0.017662412041222493,-0.0024081880596347957,-0.26051589222264077,battery_materials
2022-12-30,601311,True,False,0.004841149773071104,0.005043991460008935,0.00547199153825402,0.005471318942531209,0.0006301691694601047,0.19420567231461913,battery_cells_and_systems
2022-12-30,603026,True,False,0.013313161875945537,0.011357097198355712,0.012148433938254167,0.012146940700435975,-0.001166221175509562,-0.1572545265235239,battery_materials
2022-12-30,603063,True,False,0.007261724659606657,0.0074996037281030185,0.007387439558564526,0.007386531523489017,0.00012480686388235962,-0.08401228196859142,power_equipment_and_energy_services
2022-12-30,603659,True,False,0.03610690872415532,0.03280720872458915,0.03458371107272263,0.034579460178695495,-0.0015274485454598238,-0.018821778966627463,battery_materials
2022-12-30,603906,True,False,0.006051437216338881,0.006016364187532498,0.006998205115919632,0.006997344924014103,0.0009459077076752224,0.5196334649661227,battery_materials
2022-12-30,688005,True,False,0.021886031265758953,0.015140671276577991,0.016375230421727296,0.01637321764267515,-0.005512813623083802,-0.7244712278976063,battery_materials
2022-12-30,688006,True,False,0.005143721633888049,0.005196051584158677,0.005109788226008307,0.005109160150895021,-3.456148299302818e-05,0.04963305826827477,industrial_equipment_and_components
2022-12-30,688063,True,False,0.01432173474533535,0.016848709499006787,0.01676161374105434,0.016759553469281104,0.0024378187239457536,0.29369908672536726,battery_cells_and_systems
2022-12-30,688116,True,False,0.021482602118003027,0.017344312960826728,0.019619446915719936,0.019617035370309604,-0.0018655667476934236,-0.1548809457038774,battery_materials
2022-12-30,688339,True,False,0.004034291477559254,0.003985056280682616,0.004128815255972204,0.004128307758206165,9.401628064691081e-05,-0.08959596858240419,battery_cells_and_systems
2022-12-30,688388,True,False,0.009178013111447303,0.00658555907953247,0.007369042499467652,0.00736813672568644,-0.0018098763857608635,-0.5228833046483339,battery_materials
2022-12-30,688390,True,False,0.010590015128593042,0.009756239907771174,0.00986346081445088,0.009862248436560755,-0.0007277666920322869,-0.3361217958078472,power_equipment_and_energy_services
2022-12-30,688819,True,False,0.002622289460413515,0.0031914800441679887,0.0030828687362939046,0.003082489802168819,0.0004602003417553042,0.3065554160358935,battery_cells_and_systems
2023-01-31,000009,True,False,0.021482602118003027,0.016431605660955334,0.019163245640837094,0.019161596426867985,-0.0023210056911350425,-0.20125142939564347,battery_materials
2023-01-31,000049,True,False,0.004942007060010086,0.005160121863474976,0.004982900451946225,0.004982471617019927,4.0464557009840633e-05,-0.07497797105377345,battery_cells_and_systems
2023-01-31,002050,True,False,0.030458900655572368,0.03289893597117684,0.03056241287330463,0.030559782632103065,0.00010088197653069716,0.05886569836574071,industrial_equipment_and_components
2023-01-31,002074,True,False,0.0281391830559758,0.027759949013730075,0.028292448935149733,0.028290014050011872,0.0001508309940360733,-0.08300276619662561,battery_cells_and_systems
2023-01-31,002335,True,False,0.005345436207766011,0.00512275728404001,0.005806469822840031,0.005805970110457144,0.00046053390269113273,0.05701647242432584,power_equipment_and_energy_services
2023-01-31,002340,True,False,0.026828038325769042,0.02669736556475428,0.027245433311277104,0.027243088533672438,0.00041505020790339603,0.16928463970112304,battery_materials
2023-01-31,002407,True,False,0.022592032274331826,0.024170472363745015,0.0237975080745038,0.023795460029851973,0.0012034277555201464,0.27369951744774834,battery_materials
2023-01-31,002518,True,False,0.0043368633383761976,0.005003986318674293,0.006074198717001866,0.0060736759635203865,0.001736812625144189,0.7832138935564559,power_equipment_and_energy_services
2023-01-31,002709,True,False,0.05022692889561271,0.056146006121086715,0.060746160767942384,0.060740932873942284,0.010514003978329571,0.6684680470839806,battery_materials
2023-01-31,002759,True,False,0.004034291477559254,0.0040573200238486345,0.004160934100353711,0.004160576004926065,0.00012628452736681076,0.21348613949684916,battery_materials
2023-01-31,002812,True,False,0.08240040342914776,0.080271496390973,0.07482509514896292,0.0748186556034667,-0.007581747825681051,-0.15035931137780567,battery_materials
2023-01-31,002850,True,False,0.013918305597579426,0.012904961438309442,0.01271713434097371,0.012716039887769112,-0.001202265709810314,-0.20869812840082733,industrial_equipment_and_components
2023-01-31,300001,True,False,0.007665153807362582,0.00839596085067866,0.008868658861280668,0.00886789561290639,0.0012027418055438072,0.23732897585021753,power_equipment_and_energy_services
2023-01-31,300014,True,False,0.06838124054462935,0.05478296556632066,0.06306131040174513,0.0630558832629413,-0.005325357281688051,-0.32992567747388096,battery_cells_and_systems
2023-01-31,300035,True,False,0.00978315683308119,0.007600187268383446,0.0090928728934401,0.009092090348913132,-0.0006910664841680587,-0.08388588525982157,battery_materials
2023-01-31,300037,True,False,0.01724659606656581,0.0167410875084336,0.017060792947914554,0.017059324673772424,-0.00018727139279338736,0.09422707128164669,battery_materials
2023-01-31,300068,True,False,0.007866868381240545,0.00924277265698224,0.009402507198241199,0.00940169800618122,0.0015348296249406753,0.4109526197718824,battery_cells_and_systems
2023-01-31,300073,True,False,0.019667170953101363,0.019093951182219,0.016650316607549006,0.01664888365953728,-0.003018287293564084,-0.3506009037939854,battery_materials
2023-01-31,300207,True,False,0.02339889056984367,0.021497916465851544,0.02146640207224774,0.02146455464562557,-0.0019343359242181002,-0.3448071041117877,battery_cells_and_systems
2023-01-31,300274,True,False,0.06293494704992436,0.05948420013108804,0.05662047022680308,0.056615597395123854,-0.006319349654800507,-0.48144253545500343,power_equipment_and_energy_services
2023-01-31,300376,True,False,0.005748865355521936,0.006990547944863254,0.0073257454870904095,0.007325115023857935,0.0015762496683359986,0.5131958606311258,power_equipment_and_energy_services
2023-01-31,300390,True,False,0.021381744831064045,0.04095310685093206,0.04015461646758831,0.04015116070880696,0.018769415877742918,1.9257461432499539,battery_materials
2023-01-31,300409,True,False,0.00746343923348462,0.005297419237816801,0.005666118023316537,0.005665630389792977,-0.0017978088436916432,-0.6620024325443186,battery_materials
2023-01-31,300438,True,False,0.011497730711043872,0.01071603918203193,0.011648079416153903,0.011647076967213552,0.00014934625616967907,-0.06140363505075774,battery_cells_and_systems
2023-01-31,300450,True,False,0.042561775088250126,0.04504513953344731,0.043034834850420464,0.04303113121628021,0.0004693561280300837,0.08075337667695581,industrial_equipment_and_components
2023-01-31,300457,True,False,0.006757438224911751,0.006995365564818334,0.00688700472324438,0.006886412018615542,0.00012897379370379117,0.10343639523841362,industrial_equipment_and_components
2023-01-31,300568,True,False,0.020877458396369137,0.024635504712715705,0.02492865303057338,0.024926507638108053,0.004049049241738916,0.6318830950452164,battery_materials
2023-01-31,300750,True,False,0.09853756933938478,0.10708605683123211,0.10268907822922388,0.10268024067292134,0.00414267133353656,0.019385655899648024,battery_cells_and_systems
2023-01-31,300763,True,False,0.02047402924861321,0.021316295152157487,0.023394726015826758,0.023392712635125393,0.0029186833865121817,0.20165580093893976,power_equipment_and_energy_services
2023-01-31,300769,True,False,0.025819465456379226,0.027717393631769466,0.026521788856231507,0.026519506356414556,0.00070004090003533,0.20185480623446694,battery_materials
2023-01-31,300827,True,False,0.003429147755925366,0.003038737142943072,0.0028660201524689623,0.0028657734990283194,-0.0005633742568970468,-0.6918893352020028,power_equipment_and_energy_services
2023-01-31,300919,True,False,0.01270801815431165,0.010025721657631808,0.0085960248964114,0.008595285111272513,-0.004112733043039137,-0.9917772039174761,battery_materials
2023-01-31,300953,True,False,0.0036308623298033286,0.0030346109891355787,0.0031385136501049064,0.003138243545517667,-0.0004926187842856618,-0.36717290028605876,industrial_equipment_and_components
2023-01-31,600110,True,False,0.009984871406959153,0.009159004307177658,0.009502631325946384,0.0095018135170731,-0.000483057889886054,-0.016260279095515237,battery_materials
2023-01-31,600549,True,False,0.011296016137165913,0.01090702965396641,0.010172284376547854,0.010171408936457696,-0.001124607200708217,-0.17420587659046055,battery_materials
2023-01-31,600699,True,False,0.009278870398386284,0.010635996739448312,0.010453970132668657,0.01045307045033412,0.001174200051947837,0.38986383301316296,industrial_equipment_and_components
2023-01-31,600884,True,False,0.02007060010085729,0.016915018990391273,0.01760166468206381,0.01760014985979324,-0.0024704502410640497,-0.2498609497852263,battery_materials
2023-01-31,601311,True,False,0.004841149773071104,0.00534100161922017,0.00540753797120793,0.005407072591421659,0.0005659228183505548,0.21759644727840835,battery_cells_and_systems
2023-01-31,603026,True,False,0.013313161875945537,0.012112396026492544,0.012030673794448974,0.012029638418936317,-0.0012835234570092204,-0.16423535466897937,battery_materials
2023-01-31,603063,True,False,0.007261724659606657,0.007482177685047215,0.007635350710739076,0.007634693602476353,0.00037296894286969594,-0.0360067155461469,power_equipment_and_energy_services
2023-01-31,603659,True,False,0.03610690872415532,0.03281277048390764,0.03631274689044686,0.036309621767983226,0.00020271304382790678,0.1414167364451932,battery_materials
2023-01-31,603906,True,False,0.006051437216338881,0.006824074659279034,0.006890491112947028,0.006889898108274936,0.0008384608919360555,0.4961651710700562,battery_materials
2023-01-31,688005,True,False,0.021886031265758953,0.01670394273690592,0.014937275623833627,0.014935990102368164,-0.006950041163390789,-0.9662215269660024,battery_materials
2023-01-31,688006,True,False,0.005143721633888049,0.0052456640132260415,0.0049560033576745675,0.004955576837547361,-0.00018814479634068817,-0.057048274607388094,industrial_equipment_and_components
2023-01-31,688063,True,False,0.01432173474533535,0.014520107359224004,0.014432198561290204,0.014430956507416956,0.00010922176208160578,-0.0765699122413932,battery_cells_and_systems
2023-01-31,688116,True,False,0.021482602118003027,0.019583252257455858,0.01843148811336756,0.018429901875407786,-0.003052700242595241,-0.31249040768162367,battery_materials
2023-01-31,688339,True,False,0.004034291477559254,0.004222421284446991,0.004121643957569062,0.004121289243502462,8.699776594320828e-05,-0.03731852805206698,battery_cells_and_systems
2023-01-31,688388,True,False,0.009178013111447303,0.007199648969657818,0.0073921717149081,0.007391535534947631,-0.0017864775764996725,-0.49307980597937406,battery_materials
2023-01-31,688390,True,False,0.010590015128593042,0.011065613348693265,0.009194542557638557,0.00919375126328739,-0.0013962638653056518,-0.5830724171979115,power_equipment_and_energy_services
2023-01-31,688819,True,False,0.002622289460413515,0.0029539217892391597,0.003078847923732328,0.003078582954055493,0.00045629349364197797,0.3600708712303458,battery_cells_and_systems
2023-02-28,000009,True,False,0.021482602118003027,0.021538056220768334,0.017340635782083204,0.017339000264573922,-0.004143601853429105,-0.48561078128419677,battery_materials
2023-02-28,000049,True,False,0.004942007060010086,0.005176067573998023,0.005058981671479549,0.005058504523282285,0.00011649746327219851,-0.05798920281611959,battery_cells_and_systems
2023-02-28,002050,True,False,0.030458900655572368,0.03358532125740122,0.030507337315698577,0.030504459953820475,4.555929824810734e-05,0.06729908162392628,industrial_equipment_and_components
2023-02-28,002074,True,False,0.0281391830559758,0.02834255148460198,0.029827313425556997,0.029824500201522112,0.0016853171455463133,0.041633184528171385,battery_cells_and_systems
2023-02-28,002335,True,False,0.005345436207766011,0.005640039657229783,0.0059461467908785174,0.0059455859678895885,0.0006001497601235773,0.13006524480730536,power_equipment_and_energy_services
2023-02-28,002340,True,False,0.026828038325769042,0.029614174334866815,0.027133013650401595,0.027130454544757345,0.000302416218988303,0.15865899860691313,battery_materials
2023-02-28,002407,True,False,0.022592032274331826,0.02592009250877036,0.02350076088756759,0.02349854436526725,0.0009065120909354241,0.2390357226147622,battery_materials
2023-02-28,002518,True,False,0.0043368633383761976,0.00577460514908479,0.0063794686174135215,0.006378866924790782,0.002042003586414584,0.9284457914837114,power_equipment_and_energy_services
2023-02-28,002709,True,False,0.05022692889561271,0.061215590639805195,0.05989876522166908,0.059893115747189855,0.009666186851577142,0.6295187709692805,battery_materials
2023-02-28,002759,True,False,0.004034291477559254,0.004963195849842955,0.003763113996964814,0.003762759071176117,-0.0002715324063831369,-0.07244826525262696,battery_materials
2023-02-28,002812,True,False,0.08240040342914776,0.0663067810382451,0.07410574866833507,0.07409875923317198,-0.008301644195975774,-0.17677208499735758,battery_materials
2023-02-28,002850,True,False,0.013918305597579426,0.011388896150437653,0.01317293762070736,0.01317169518816924,-0.0007466104094101863,-0.09449904794166872,industrial_equipment_and_components
2023-02-28,300001,True,False,0.007665153807362582,0.010024950026855892,0.008248082891293428,0.008247304956495867,0.0005821511491332851,0.035196553923908525,power_equipment_and_energy_services
2023-02-28,300014,True,False,0.06838124054462935,0.05724003031887818,0.06149747857678794,0.06149167831639075,-0.0068895622282386035,-0.4279778512810024,battery_cells_and_systems
2023-02-28,300035,True,False,0.00978315683308119,0.009504784293077875,0.008014450217066153,0.008013694317811824,-0.0017694625152693665,-0.4433972374232668,battery_materials
2023-02-28,300037,True,False,0.01724659606656581,0.017819549762645763,0.01866766443880851,0.01866590375987893,0.0014193076933131203,0.35258586333007036,battery_materials
2023-02-28,300068,True,False,0.007866868381240545,0.01137107354225141,0.009179789849232128,0.009178924038588353,0.0013120556573478076,0.316155286315453,battery_cells_and_systems
2023-02-28,300073,True,False,0.019667170953101363,0.016255720707103544,0.017597038053819056,0.017595378353205408,-0.002071792599895955,-0.19140916323167018,battery_materials
2023-02-28,300207,True,False,0.02339889056984367,0.021710951184940732,0.02179339767317307,0.021791342184324266,-0.001607548385519405,-0.32791840571267433,battery_cells_and_systems
2023-02-28,300274,True,False,0.06293494704992436,0.05726551203983967,0.05940865483392429,0.0594030515852081,-0.0035318954647162587,-0.3389688877499282,power_equipment_and_energy_services
2023-02-28,300376,True,False,0.005748865355521936,0.008303117027817589,0.0069426831203512444,0.00694202830700141,0.0011931629514794736,0.3648811039052001,power_equipment_and_energy_services
2023-02-28,300390,True,False,0.021381744831064045,0.04005450338310587,0.04053236116935839,0.04052853827686367,0.01914679344579962,1.9536862215658661,battery_materials
2023-02-28,300409,True,False,0.00746343923348462,0.00623276753841826,0.005577139876297959,0.0055766138569504535,-0.0018868253765341667,-0.7060378835398486,battery_materials
2023-02-28,300438,True,False,0.011497730711043872,0.011291268728144978,0.012021600190188345,0.0120204663483934,0.0005227356373495272,0.0024727540798195613,battery_cells_and_systems
2023-02-28,300450,True,False,0.042561775088250126,0.04461262010793049,0.04288905568441027,0.0428850105154551,0.00032323542720497783,0.08464525895294642,industrial_equipment_and_components
2023-02-28,300457,True,False,0.006757438224911751,0.007330562781873618,0.0064178944225712405,0.006417289105740143,-0.000340149119171608,-0.08453729576009995,industrial_equipment_and_components
2023-02-28,300568,True,False,0.020877458396369137,0.02504762779933672,0.026112899105765426,0.02611043621430964,0.005232977817940503,0.7656753529715336,battery_materials
2023-02-28,300750,True,False,0.09853756933938478,0.09801448275897356,0.10184571376669836,0.10183610798002456,0.003298538640639781,-0.03048208361691962,battery_cells_and_systems
2023-02-28,300763,True,False,0.02047402924861321,0.022301469959707606,0.02068903544420907,0.02068708411554129,0.00021305486692807865,-0.14437362903520512,power_equipment_and_energy_services
2023-02-28,300769,True,False,0.025819465456379226,0.024581820118467445,0.025509825443354454,0.025507419432023865,-0.00031204602435536133,0.0918914312146078,battery_materials
2023-02-28,300827,True,False,0.003429147755925366,0.0030675597927310957,0.003155267103365773,0.0031549695078993286,-0.00027417824802603756,-0.4120458121136621,power_equipment_and_energy_services
2023-02-28,300919,True,False,0.01270801815431165,0.008574368349634027,0.009809273939290356,0.009808348757567918,-0.002899669396743732,-0.6133654070571454,battery_materials
2023-02-28,300953,True,False,0.0036308623298033286,0.0032552318770142164,0.0031870112250584406,0.0031867106355802713,-0.00044415169422305735,-0.3097740209803292,industrial_equipment_and_components
2023-02-28,600110,True,False,0.009984871406959153,0.010191524951337303,0.009405916254927638,0.009405029116709691,-0.0005798422902494622,-0.044300611630262915,battery_materials
2023-02-28,600549,True,False,0.011296016137165913,0.011541248353000686,0.009543035709782334,0.00954213563886272,-0.0017538804983031932,-0.3554613483843284,battery_materials
2023-02-28,600699,True,False,0.009278870398386284,0.011341054216607572,0.01083048564374334,0.010829464144351568,0.0015505937459652838,0.5045451398380274,industrial_equipment_and_components
2023-02-28,600884,True,False,0.02007060010085729,0.01769642408910221,0.017512320851478524,0.017510669141140987,-0.0025599309597163014,-0.2632125340434682,battery_materials
2023-02-28,601311,True,False,0.004841149773071104,0.005964690127351258,0.0054753607138465785,0.0054748442940088255,0.0006336945209377215,0.2269028891645784,battery_cells_and_systems
2023-02-28,603026,True,False,0.013313161875945537,0.011851684477302362,0.012479335224499071,0.012478158210488723,-0.0008350036654568137,-0.05843449252845537,battery_materials
2023-02-28,603063,True,False,0.007261724659606657,0.007887454123857303,0.007478900738588283,0.007478195350777717,0.00021647069117105948,-0.09002560079139207,power_equipment_and_energy_services
2023-02-28,603659,True,False,0.03610690872415532,0.036369177508685596,0.03592635712779622,0.03592296865998768,-0.00018394006416763697,0.1120399357034097,battery_materials
2023-02-28,603906,True,False,0.006051437216338881,0.007167956613908202,0.006907945517583494,0.00690729398058167,0.0008558567642427892,0.5045813346350909,battery_materials
2023-02-28,688005,True,False,0.021886031265758953,0.015063670068148462,0.01651396696894275,0.016512409420392348,-0.005373621845366605,-0.6783288336704499,battery_materials
2023-02-28,688006,True,False,0.005143721633888049,0.005434271643898447,0.004745152016202098,0.004744704467490261,-0.00039901716639778855,-0.16767911573280048,industrial_equipment_and_components
2023-02-28,688063,True,False,0.01432173474533535,0.013869324188223868,0.01466827179413736,0.014666888326100103,0.0003451535807647531,-0.056518323019290384,battery_cells_and_systems
2023-02-28,688116,True,False,0.021482602118003027,0.01694601753468794,0.018404892549577733,0.018403156654516008,-0.0030794454634870197,-0.3154282315930734,battery_materials
2023-02-28,688339,True,False,0.004034291477559254,0.004654975871776851,0.003967059120806681,0.003966684959516751,-6.760651804250343e-05,-0.17284441362353503,battery_cells_and_systems
2023-02-28,688388,True,False,0.009178013111447303,0.00784696570487677,0.007624527746042582,0.007623808623123136,-0.0015542044883241676,-0.40346675697538525,battery_materials
2023-02-28,688390,True,False,0.010590015128593042,0.009662466807995004,0.009537943011665285,0.009537043421073905,-0.0010529717075191368,-0.473174764429938,power_equipment_and_energy_services
2023-02-28,688819,True,False,0.002622289460413515,0.003185749755439394,0.003247988336600307,0.0032476819959412206,0.0006253925355277057,0.48656616598151947,battery_cells_and_systems
2023-03-31,000009,True,False,0.021482602118003027,0.0163871794277192,0.019894561957374227,0.019892972687846885,-0.001589629430156142,-0.11888371119297145,battery_materials
2023-03-31,000049,True,False,0.004942007060010086,0.005196429166140873,0.004801230070281011,0.004800846525840033,-0.00014116053417005323,-0.11131220610642029,battery_cells_and_systems
2023-03-31,002050,True,False,0.030458900655572368,0.03270991062371057,0.029730682176571707,0.02972830715231576,-0.0007305935032566081,-0.014254303068953394,industrial_equipment_and_components
2023-03-31,002074,True,False,0.0281391830559758,0.03198994437047029,0.028581787053849506,0.028579503808644165,0.0004403207526683661,0.015847980291187086,battery_cells_and_systems
2023-03-31,002335,True,False,0.005345436207766011,0.006652007910979657,0.005545241692476592,0.005544798712949701,0.00019936250518368982,-0.08334549121650985,power_equipment_and_energy_services
2023-03-31,002340,True,False,0.026828038325769042,0.027329415018459032,0.028875224448204877,0.028872917761864715,0.002044879436095673,0.3106402114472168,battery_materials
2023-03-31,002407,True,False,0.022592032274331826,0.022748179342317137,0.02370706706740058,0.023705173237350264,0.0011131409630184379,0.23818166060394674,battery_materials
2023-03-31,002518,True,False,0.0043368633383761976,0.006313735695943015,0.005613242716967218,0.005612794305204308,0.0012759309668281104,0.5488835587672118,power_equipment_and_energy_services
2023-03-31,002709,True,False,0.05022692889561271,0.059432781780282926,0.06183199273540515,0.061827053310145146,0.011600124414532433,0.6944493604778619,battery_materials
2023-03-31,002759,True,False,0.004034291477559254,0.00347368652696027,0.0034398582966234173,0.00343958350484962,-0.0005947079727096341,-0.3548935301021554,battery_materials
2023-03-31,002812,True,False,0.08240040342914776,0.07141050365868389,0.06721289484026495,0.06720752556368362,-0.015192877865464138,-0.4815358210058977,battery_materials
2023-03-31,002850,True,False,0.013918305597579426,0.014777820608339551,0.012375245348813738,0.01237425675703834,-0.0015440488405410856,-0.28084891973385484,industrial_equipment_and_components
2023-03-31,300001,True,False,0.007665153807362582,0.008860231346256383,0.008911742090249957,0.008911030179117162,0.0012458763717545802,0.24233482052746402,power_equipment_and_energy_services
2023-03-31,300014,True,False,0.06838124054462935,0.06272553018913064,0.06007301485055853,0.060068215940578915,-0.008313024604050437,-0.3988505003695962,battery_cells_and_systems
2023-03-31,300035,True,False,0.00978315683308119,0.007542356725769,0.008015617947947425,0.00801497762335145,-0.0017681792097297405,-0.46880758743029627,battery_materials
2023-03-31,300037,True,False,0.01724659606656581,0.02086045641386291,0.018202402041222896,0.01820094794924789,0.0009543518826820793,0.2546470000990817,battery_materials
2023-03-31,300068,True,False,0.007866868381240545,0.008671402998354043,0.009069479636012607,0.009068755124075869,0.0012018867428353237,0.3776998287029304,battery_cells_and_systems
2023-03-31,300073,True,False,0.019667170953101363,0.01802226091973447,0.018136338454477312,0.018134889639966845,-0.0015322813131345182,-0.13098726465028152,battery_materials
2023-03-31,300207,True,False,0.02339889056984367,0.02161963830698269,0.02089831125615826,0.02089664180249935,-0.002502248767344322,-0.3516575452792581,battery_cells_and_systems
2023-03-31,300274,True,False,0.06293494704992436,0.05541368455652275,0.05845726457717676,0.05845259474079418,-0.004482352309130182,-0.3990674766491068,power_equipment_and_energy_services
2023-03-31,300376,True,False,0.005748865355521936,0.007511630392047953,0.007450030569077505,0.0074494354262145185,0.0017005700706925822,0.5524218631106673,power_equipment_and_energy_services
2023-03-31,300390,True,False,0.021381744831064045,0.038389100787018064,0.03979803393992905,0.03979485468910039,0.018413109858036347,1.8756219393642821,battery_materials
2023-03-31,300409,True,False,0.00746343923348462,0.005530360483262799,0.005854563319713777,0.005854095630146155,-0.0016093436033384652,-0.5931635443176468,battery_materials
2023-03-31,300438,True,False,0.011497730711043872,0.01087053425016553,0.011197394188680869,0.01119649968909813,-0.00030123102194574286,-0.10436709324133672,battery_cells_and_systems
2023-03-31,300450,True,False,0.042561775088250126,0.042460629778753096,0.043855994803747335,0.043852491384256016,0.0012907162960058907,0.14047010246675518,industrial_equipment_and_components
2023-03-31,300457,True,False,0.006757438224911751,0.006666741792370661,0.006471523720527873,0.006471006745312913,-0.00028643147959883826,-0.06863601224475163,industrial_equipment_and_components
2023-03-31,300568,True,False,0.020877458396369137,0.025153007342032754,0.025856134786784557,0.025854069279275547,0.0049766108829064105,0.7116158368998566,battery_materials
2023-03-31,300750,True,False,0.09853756933938478,0.10892738570343112,0.10774558424343457,0.10773697702835186,0.009199407688967084,0.22649991671838932,battery_cells_and_systems
2023-03-31,300763,True,False,0.02047402924861321,0.018517171435825226,0.020918628378083705,0.02091695730139922,0.00044292805278601036,-0.12681463652965194,power_equipment_and_energy_services
2023-03-31,300769,True,False,0.025819465456379226,0.022702251189103552,0.02517870414542447,0.025176692754205005,-0.0006427727021742213,0.028735885851985693,battery_materials
2023-03-31,300827,True,False,0.003429147755925366,0.0028193998971830546,0.0032404025819034155,0.003240143723573649,-0.00018900403235171722,-0.3499490415757338,power_equipment_and_energy_services
2023-03-31,300919,True,False,0.01270801815431165,0.010619581427136074,0.009658487069919204,0.009657715505347273,-0.0030503026489643766,-0.6834527089492848,battery_materials
2023-03-31,300953,True,False,0.0036308623298033286,0.002946158550223355,0.0032031430727946816,0.0032028871909266514,-0.00042797513887667723,-0.3032227760865074,industrial_equipment_and_components
2023-03-31,600110,True,False,0.009984871406959153,0.00966079486535044,0.009781098578416015,0.009780317219070286,-0.0002045541878888668,0.0416239930492642,battery_materials
2023-03-31,600549,True,False,0.011296016137165913,0.009051138047100412,0.010384473760257125,0.010383644200514117,-0.0009123719366517964,-0.13985899266222696,battery_materials
2023-03-31,600699,True,False,0.009278870398386284,0.011155982088086481,0.011169043365999458,0.011168151131211421,0.0018892807328251375,0.58461662295869,industrial_equipment_and_components
2023-03-31,600884,True,False,0.02007060010085729,0.01796358891948422,0.017597883377917675,0.017596477577686533,-0.0024741225231707555,-0.2751135761453948,battery_materials
2023-03-31,601311,True,False,0.004841149773071104,0.006403681335843248,0.005349220454437953,0.005348793133993227,0.0005076433609221232,0.2563963033830194,battery_cells_and_systems
2023-03-31,603026,True,False,0.013313161875945537,0.01177300143090164,0.012852324824578714,0.012851298121490558,-0.00046186375445497925,-0.00011647580589045636,battery_materials
2023-03-31,603063,True,False,0.007261724659606657,0.007263890304710722,0.007732740711338609,0.007732122984283263,0.0004703983246766054,-0.008634227965553978,power_equipment_and_energy_services
2023-03-31,603659,True,False,0.03610690872415532,0.03793217929926679,0.037150520566227745,0.037147552810999594,0.0010406440868442751,0.18194639455544487,battery_materials
2023-03-31,603906,True,False,0.006051437216338881,0.006947179108840772,0.007023526838027848,0.007022965766253458,0.0009715285499145776,0.5261639117576364,battery_materials
2023-03-31,688005,True,False,0.021886031265758953,0.01666020427039582,0.015953713444997127,0.01595243898865673,-0.0059335922771022245,-0.8027694075806859,battery_materials
2023-03-31,688006,True,False,0.005143721633888049,0.004500707372793738,0.004944241439936523,0.004943846471086586,-0.00019987516280146281,-0.05812471429137711,industrial_equipment_and_components
2023-03-31,688063,True,False,0.01432173474533535,0.014295006126954862,0.014080649074717396,0.014079524247412954,-0.00024221049792239567,-0.07724780751070393,battery_cells_and_systems
2023-03-31,688116,True,False,0.021482602118003027,0.01836545710915452,0.017641108176207322,0.01763969892297958,-0.003842903195023447,-0.46235386982922266,battery_materials
2023-03-31,688339,True,False,0.004034291477559254,0.004454771171276661,0.003657050381835367,0.003656758239754318,-0.0003775332378049361,-0.30923903420396914,battery_cells_and_systems
2023-03-31,688388,True,False,0.009178013111447303,0.007555809018390042,0.007834457784090513,0.007833831931405435,-0.0013441811800418684,-0.3516897044346242,battery_materials
2023-03-31,688390,True,False,0.010590015128593042,0.007560267656039209,0.00991688923441567,0.009916097027484952,-0.0006739181011080897,-0.37582936846878456,power_equipment_and_energy_services
2023-03-31,688819,True,False,0.002622289460413515,0.0032052332602377715,0.0031292339085412417,0.0031289839308787323,0.0005066944704652174,0.47623015761575654,battery_cells_and_systems
2023-04-28,000009,True,False,0.018987981012018984,0.01960021132350994,0.021038899552062753,0.021028014654757888,0.002040033642738904,0.3189932561917796,battery_materials
2023-04-28,000049,False,True,0.0,0.004292222957096076,0.0,0.0,0.0,-0.11131220610642029,battery_cells_and_systems
2023-04-28,002050,True,False,0.034743965256034744,0.028291170880803695,0.03759600614403101,0.03757655509503778,0.002832589839003037,0.39264414950519,industrial_equipment_and_components
2023-04-28,002074,True,False,0.02343197656802343,0.027681053114250904,0.023154569519139294,0.02314259003747817,-0.0002893865305452596,0.08493782880008506,battery_cells_and_systems
2023-04-28,002335,True,False,0.01222098777901222,0.005211158190306163,0.012512947100841531,0.012506473276303474,0.00028548549729125357,-0.018014912017136092,power_equipment_and_energy_services
2023-04-28,002340,True,False,0.02908797091202909,0.028528742245588816,0.035375395509963596,0.0353570933384887,0.006269122426459613,0.5850598370168353,battery_materials
2023-04-28,002407,True,False,0.019492980507019492,0.02172615510001353,0.023121427339573033,0.023109465004684256,0.0036164844976647632,0.5136711397095337,battery_materials
2023-04-28,002518,True,False,0.0102009897990102,0.005892998218101762,0.01215007922846604,0.012143793140910911,0.0019428033419007108,0.4140966747171542,power_equipment_and_energy_services
2023-04-28,002709,True,False,0.03868296131703868,0.06602746964540204,0.037042149981886,0.037022985481503914,-0.0016599758355347674,-0.09788324133046192,battery_materials
2023-04-28,002759,False,True,0.0,0.0031253260375791337,0.0,0.0,0.0,-0.3548935301021554,battery_materials
2023-04-28,002812,True,False,0.05352994647005353,0.06453676840810264,0.04590197504771563,0.04587822673886286,-0.007651719731190672,-0.4132770878463933,battery_materials
2023-04-28,002850,True,False,0.012725987274012727,0.01376676544728393,0.011928038716164888,0.011921867505729067,-0.0008041197682836596,-0.01776541755795974,industrial_equipment_and_components
2023-04-28,300001,True,False,0.008483991516008484,0.009795854782374474,0.007543032935177933,0.007539130395567274,-0.0009448611204412099,-0.42133711538751284,power_equipment_and_energy_services
2023-04-28,300014,True,False,0.08201191798808201,0.05931190699325074,0.07288086456822761,0.07284315818893948,-0.009168759799142528,-0.21827603628348027,battery_cells_and_systems
2023-04-28,300035,True,False,0.011311988688011313,0.006100205201340027,0.006667886570617102,0.006664436805557763,-0.00464755188245355,-1.484180723911119,battery_materials
2023-04-28,300037,True,False,0.01727098272901727,0.019093913955919875,0.018879990777744975,0.018870222835261862,0.0015992401062445913,0.2804453820081599,battery_materials
2023-04-28,300068,False,True,0.0,0.008265952941819019,0.0,0.0,0.0,0.3776998287029304,battery_cells_and_systems
2023-04-28,300073,True,False,0.017371982628017372,0.017712836168479452,0.017581721533078944,0.01757262527626871,0.0002006426482513389,0.06023884203828661,battery_materials
2023-04-28,300207,True,False,0.021007978992021007,0.018304979857347015,0.017026083039347172,0.01701727425327313,-0.0039907047387478765,-0.4814703215763826,battery_cells_and_systems
2023-04-28,300274,True,False,0.08857691142308857,0.06598255381104362,0.08088760754097583,0.08084575871237427,-0.007731152710714298,-0.34492144242389355,power_equipment_and_energy_services
2023-04-28,300376,True,False,0.0060599939400060605,0.008816588578518776,0.006067337158755657,0.006064198099998159,4.204159992098402e-06,-0.0820081209493167,power_equipment_and_energy_services
2023-04-28,300390,True,False,0.017472982527017473,0.03966753896040112,0.016845676616623412,0.016836961167436104,-0.0006360213595813687,-0.0785094085457849,battery_materials
2023-04-28,300409,False,True,0.0,0.005242589210599574,0.0,0.0,0.0,-0.5931635443176468,battery_materials
2023-04-28,300438,True,False,0.01918998081001919,0.01075709714021828,0.017193755818636504,0.01718486028368195,-0.0020051205263372403,-0.19486612736788902,battery_cells_and_systems
2023-04-28,300450,True,False,0.03363296636703364,0.04350532672204244,0.03320361487368625,0.03318643631654946,-0.0004465300504841799,0.13053529103641098,industrial_equipment_and_components
2023-04-28,300457,True,False,0.005251994748005252,0.006569250361186915,0.004846514332484141,0.00484400689093925,-0.0004079878570660018,-0.06231839382659832,industrial_equipment_and_components
2023-04-28,300568,True,False,0.016462983537016463,0.024308954298384658,0.020915165712105898,0.020904344830988658,0.004441361293972195,0.7098242840233264,battery_materials
2023-04-28,300750,True,False,0.10433289566710434,0.11713317932380513,0.11946716636123636,0.11940535762290728,0.015072461955802946,0.5059919076833838,battery_cells_and_systems
2023-04-28,300763,True,False,0.025754974245025753,0.018709254362744867,0.025289416917119074,0.02527633292927258,-0.000478641315753172,-0.13758640493049978,power_equipment_and_energy_services
2023-04-28,300769,True,False,0.021209978790021213,0.022840157106918283,0.017708387921677542,0.017699226131466742,-0.0035107526585544703,-0.4895616785713468,battery_materials
2023-04-28,300827,False,True,0.0,0.003216552668839676,0.0,0.0,0.0,-0.3499490415757338,power_equipment_and_energy_services
2023-04-28,300919,True,False,0.009998990001009999,0.008761454502092174,0.009625864756489416,0.009620884621996848,-0.00037810537901315083,-0.08270525694695696,battery_materials
2023-04-28,300953,False,True,0.0,0.0034977150062103267,0.0,0.0,0.0,-0.3032227760865074,industrial_equipment_and_components
2023-04-28,600110,True,False,0.008483991516008484,0.009140298026145317,0.009520437007191155,0.009515511417862483,0.0010315199018539993,0.35525782915894155,battery_materials
2023-04-28,600549,True,False,0.012725987274012727,0.010452674479457235,0.013833210993847466,0.013826054104263392,0.0011000668302506653,0.26430646024854143,battery_materials
2023-04-28,600699,True,False,0.010301989698010303,0.011856576498181788,0.010320393117078075,0.01031505365438673,1.3063956376426628e-05,0.17234237052122967,industrial_equipment_and_components
2023-04-28,600884,True,False,0.015654984345015655,0.01625537067058149,0.016375121571654896,0.016366649573572437,0.0007116652285567814,0.1544448442330293,battery_materials
2023-04-28,601311,True,False,0.004443995556004444,0.005433374203278414,0.005308314127634451,0.0053055677646890766,0.0008615722086846326,0.6267013762829561,battery_cells_and_systems
2023-04-28,603026,True,False,0.009998990001009999,0.010736363992769168,0.010631450947336692,0.010625950552628449,0.0006269605516184499,0.201183199074832,battery_materials
2023-04-28,603063,True,False,0.006564993435006565,0.00841403977397112,0.006576651479802734,0.006573248917050325,8.25548204375949e-06,-0.08039902650230396,power_equipment_and_energy_services
2023-04-28,603659,True,False,0.027471972528027473,0.04080719418490377,0.030062969781371216,0.03004741610006105,0.002575443572033577,0.2834538761409061,battery_materials
2023-04-28,603906,True,False,0.00504999495000505,0.006279258595069387,0.005651587500081014,0.005648663537760857,0.0005986685877558068,0.3475137431349544,battery_materials
2023-04-28,605117,True,False,0.024239975760024242,0.0,0.028500702909495582,0.028485957498333818,0.004245981738309576,0.37716774741094394,power_equipment_and_energy_services
2023-04-28,688005,True,False,0.014240985759014241,0.016278680182478248,0.01202036757040097,0.012014148591777742,-0.0022268371672364996,-0.45838606898836076,battery_materials
2023-04-28,688006,True,False,0.00403999596000404,0.005763017470594889,0.003706060458067935,0.003704143053243987,-0.0003358529067600531,-0.07924958101619844,industrial_equipment_and_components
2023-04-28,688063,True,False,0.02232097767902232,0.014581896957298168,0.02223223524248773,0.022220732948992142,-0.000100244730030178,0.10758217363851363,battery_cells_and_systems
2023-04-28,688116,True,False,0.01090798909201091,0.014735301238305257,0.008847926831841662,0.00884334917916134,-0.0020646399128495686,-0.5720709033617203,battery_materials
2023-04-28,688339,False,True,0.0,0.0033498529973118433,0.0,0.0,0.0,-0.30923903420396914,battery_cells_and_systems
2023-04-28,688388,True,False,0.006160993839006161,0.007121187911303366,0.0053939791646833235,0.0053911884812102235,-0.0007698053577959371,-0.3539117414741647,battery_materials
2023-04-28,688390,True,False,0.018179981820018183,0.00933782608553005,0.02075502444656584,0.020744286417749187,0.0025643045977310035,0.2930026000825653,power_equipment_and_energy_services
2023-04-28,688499,True,False,0.00414099585900414,0.0,0.0032372675205925416,0.003235592655211735,-0.0009054032037924052,-0.5361884186620736,industrial_equipment_and_components
2023-04-28,688567,True,False,0.014947985052014948,0.0,0.014464513791111333,0.014457030284343718,-0.0004909547676712304,0.025023790474805116,battery_cells_and_systems
2023-04-28,688707,True,False,0.007574992425007575,0.0,0.007725905401284872,0.0077219082489303975,0.0001469158239228224,0.08231145769949633,battery_materials
2023-04-28,688772,True,False,0.001615998384001616,0.0,0.001137814594390887,0.0011372259231544816,-0.00047877246084713446,-0.8835710344619668,battery_cells_and_systems
2023-04-28,688779,True,False,0.008584991415008585,0.0,0.006970104173166178,0.006966498049759325,-0.00161849336524926,-0.5694224956214711,battery_materials
2023-04-28,688819,True,False,0.003837996162003838,0.003183183211245451,0.0042763857960858445,0.004274173321991789,0.0004361771599879511,0.4279464428099752,battery_cells_and_systems
2023-05-31,000009,True,False,0.018987981012018984,0.02490257183180394,0.021093761681947855,0.02109097432219492,0.0021029933101759345,0.38175772334274966,battery_materials
2023-05-31,002050,True,False,0.034743965256034744,0.043732715517691964,0.035628204158741454,0.03562349619703036,0.0008795309409956181,0.22132996613380307,industrial_equipment_and_components
2023-05-31,002074,True,False,0.02343197656802343,0.023404973564987278,0.022872573174022824,0.022869550759582354,-0.0005624258084410763,0.014359098060527292,battery_cells_and_systems
2023-05-31,002335,True,False,0.01222098777901222,0.011720735341021506,0.012393552484498756,0.012391914782797558,0.0001709270037853379,0.012418707405860235,power_equipment_and_energy_services
2023-05-31,002340,True,False,0.02908797091202909,0.03506154356175637,0.035031877169381144,0.035027248007168915,0.005939277095139826,0.6125109531405607,battery_materials
2023-05-31,002407,True,False,0.019492980507019492,0.02376109782111382,0.017616807294804065,0.017614479384762738,-0.0018785011222567545,-0.20788591189467795,battery_materials
2023-05-31,002518,True,False,0.0102009897990102,0.010615686784259677,0.012574053536880292,0.012572391983512598,0.0023714021845023976,0.5699379319712745,power_equipment_and_energy_services
2023-05-31,002709,True,False,0.03868296131703868,0.03755269982469032,0.0392212268445229,0.03921604409566968,0.0005330827786309972,0.12074760063228833,battery_materials
2023-05-31,002812,True,False,0.05352994647005353,0.04187929285438156,0.048199702886030156,0.04819333370854756,-0.005336612761505974,-0.2184213340947132,battery_materials
2023-05-31,002850,True,False,0.012725987274012727,0.0115866862850055,0.012217187209551235,0.012215572813009003,-0.0005104144610037237,0.03294403216696337,industrial_equipment_and_components
2023-05-31,300001,True,False,0.008483991516008484,0.009337860375802505,0.0066014666680911036,0.006600594340870456,-0.0018833971751380275,-0.7444820940845452,power_equipment_and_energy_services
2023-05-31,300014,True,False,0.08201191798808201,0.07433271808767392,0.07208833557652025,0.07207880972104355,-0.009933108267038457,-0.2851038521608465,battery_cells_and_systems
2023-05-31,300035,True,False,0.011311988688011313,0.0071161700392191815,0.007000753588266469,0.006999828498702721,-0.004312160189308592,-1.2897488334814775,battery_materials
2023-05-31,300037,True,False,0.01727098272901727,0.019217306876847005,0.020647761167174285,0.020645032742565468,0.0033740500135481973,0.5914974865433467,battery_materials
2023-05-31,300073,True,False,0.017371982628017372,0.016832020372498965,0.01940105098108683,0.019398487298540074,0.0020265046705227018,0.3968932976283113,battery_materials
2023-05-31,300207,True,False,0.021007978992021007,0.01683414402301745,0.01645129437909891,0.01644912048159654,-0.0045588585104244655,-0.6151787109481028,battery_cells_and_systems
2023-05-31,300274,True,False,0.08857691142308857,0.08254835171526095,0.08429328773472143,0.08428214909945964,-0.004294762323628937,-0.1692714597410887,power_equipment_and_energy_services
2023-05-31,300376,True,False,0.0060599939400060605,0.005087804272930179,0.005840902837983971,0.005840131012752564,-0.00021986292725349656,-0.13285496710412975,power_equipment_and_energy_services
2023-05-31,300390,True,False,0.017472982527017473,0.01663867806514921,0.01758759954103886,0.01758527549055177,0.00011229296353429744,0.09994543010621623,battery_materials
2023-05-31,300438,True,False,0.01918998081001919,0.016149382183756725,0.017697451587771116,0.0176951130212779,-0.001494867788741288,-0.14794088674819106,battery_cells_and_systems
2023-05-31,300450,True,False,0.03363296636703364,0.030513937201848036,0.034133805395286945,0.03412929490555979,0.0004963285385261515,0.1917576597519425,industrial_equipment_and_components
2023-05-31,300457,True,False,0.005251994748005252,0.00479327548006545,0.005557666922812576,0.005556932524778956,0.0003049377767737043,0.3111563055746592,industrial_equipment_and_components
2023-05-31,300568,True,False,0.016462983537016463,0.020642638747827072,0.021440051169315924,0.02143721805037624,0.004974234513359776,0.8359781039708499,battery_materials
2023-05-31,300750,True,False,0.10433289566710434,0.11956501904337645,0.1193694226105065,0.11935364896475603,0.015020753297651693,0.4680658063039066,battery_cells_and_systems
2023-05-31,300763,True,False,0.025754974245025753,0.023170201341691975,0.024050759104044406,0.024047581002434794,-0.0017073932425909592,-0.2232501249116211,power_equipment_and_energy_services
2023-05-31,300769,True,False,0.021209978790021213,0.02006914997855124,0.01031182525851671,0.010310462639220147,-0.010899516150801066,-1.9792911897473915,battery_materials
2023-05-31,300919,True,False,0.009998990001009999,0.00935049083069579,0.010119295993035975,0.010117958814831142,0.00011896881382114297,0.11543629475220536,battery_materials
2023-05-31,600110,True,False,0.008483991516008484,0.009172812105917093,0.010189598459620275,0.010188251991547242,0.0017042604755387585,0.6046612540854461,battery_materials
2023-05-31,600549,True,False,0.012725987274012727,0.013355967197085383,0.015960787785269895,0.0159586787040084,0.003232691429995674,0.7283840040128258,battery_materials
2023-05-31,600699,True,False,0.010301989698010303,0.011168178096569073,0.010659320828798386,0.010657912290941563,0.0003559225929312595,0.24694740535266593,industrial_equipment_and_components
2023-05-31,600884,True,False,0.015654984345015655,0.016654474136988784,0.01684615945580847,0.016843933380271698,0.0011889490352560428,0.2907913269393534,battery_materials
2023-05-31,601311,True,False,0.004443995556004444,0.005347348418058917,0.005814993775896994,0.0058142253743260035,0.0013702298183215595,0.8516664276142963,battery_cells_and_systems
2023-05-31,603026,True,False,0.009998990001009999,0.01080964827328973,0.00817537534527667,0.008174295039518683,-0.0018246949614913154,-0.4940523314547582,battery_materials
2023-05-31,603063,True,False,0.006564993435006565,0.00685978509023454,0.00671080963863013,0.00670992286267341,0.00014492942766684488,0.03512334114435568,power_equipment_and_energy_services
2023-05-31,603659,True,False,0.027471972528027473,0.0312747023892341,0.03231216314454197,0.03230789336921989,0.004835920841192415,0.5449207157869488,battery_materials
2023-05-31,603906,True,False,0.00504999495000505,0.00583946871820632,0.0038562927485438544,0.003855783172520151,-0.0011942117774848987,-0.6892663551622142,battery_materials
2023-05-31,605117,True,False,0.024239975760024242,0.02935946033845316,0.026574262030688637,0.026570750469803235,0.0023307747097789933,0.23504588412519276,power_equipment_and_energy_services
2023-05-31,688005,True,False,0.014240985759014241,0.010922587458335721,0.013844131942844763,0.013842302559505098,-0.00039868319950914395,0.0005126762438889465,battery_materials
2023-05-31,688006,True,False,0.00403999596000404,0.0032269722314479184,0.0039733464375322726,0.0039728213938671625,-6.717456613687754e-05,0.10199474604000608,industrial_equipment_and_components
2023-05-31,688063,True,False,0.02232097767902232,0.01895190500917801,0.023342253623198094,0.023339169144513203,0.0010181914654908836,0.21122289005358763,battery_cells_and_systems
2023-05-31,688116,True,False,0.01090798909201091,0.007683413359392127,0.008902977987467102,0.008901801535258259,-0.0020061875567526505,-0.49905862894270303,battery_materials
2023-05-31,688388,True,False,0.006160993839006161,0.005188050240847867,0.006240763463571582,0.006239938800186822,7.894496118066117e-05,0.11802022674309533,battery_materials
2023-05-31,688390,True,False,0.018179981820018183,0.019478886984712687,0.021243705681661285,0.021240898508094377,0.0030609166880761936,0.41733278119470146,power_equipment_and_energy_services
2023-05-31,688499,True,False,0.00414099585900414,0.003074355317583664,0.002668364209381984,0.0026680116079296893,-0.0014729842510744508,-1.10613011502004,industrial_equipment_and_components
2023-05-31,688567,True,False,0.014947985052014948,0.014849191794020833,0.013887302838817023,0.013885467750813594,-0.0010625173012013545,-0.12689290224948535,battery_cells_and_systems
2023-05-31,688707,True,False,0.007574992425007575,0.006853522060071504,0.006509443627914989,0.006508583460750116,-0.001066408964257459,-0.3518810130802785,battery_materials
2023-05-31,688772,True,False,0.001615998384001616,0.0012453128616176532,0.001150314637875088,0.0011501626336582406,-0.0004658357503433755,-0.8877258682064813,battery_cells_and_systems
2023-05-31,688779,True,False,0.008584991415008585,0.0074841067293514646,0.007228194726416997,0.0072272395824568725,-0.0013577518325517124,-0.41024720295080286,battery_materials
2023-05-31,688819,True,False,0.003837996162003838,0.0047826991664794375,0.004467760654590389,0.004467170278325495,0.0006291741163216569,0.5175279982807889,battery_cells_and_systems
2023-06-30,000009,True,False,0.018949702650942445,0.02028211955633293,0.022604143409056008,0.022602774726729447,0.003653072075787002,0.5982123022298015,battery_materials
2023-06-30,002050,True,False,0.03467392399959682,0.040281840137726566,0.03594349601791699,0.03594131963693832,0.0012673956373415035,0.22021569619921388,industrial_equipment_and_components
2023-06-30,002074,True,False,0.02338473944158855,0.0228650491547168,0.02323273485166719,0.02323132810808864,-0.00015341133349990738,0.0017948889849475347,battery_cells_and_systems
2023-06-30,002335,True,False,0.012196351174276787,0.011409580015835169,0.011786002467249812,0.011785288824047951,-0.00041106235022883575,-0.06526593485251303,power_equipment_and_energy_services
2023-06-30,002340,True,False,0.02902933172059268,0.03495376302399243,0.0353221075722938,0.035319968816425185,0.006290637095832503,0.6549479897597339,battery_materials
2023-06-30,002407,True,False,0.019453684104424954,0.016848249038085246,0.01763345968345871,0.01763239197634908,-0.001821292128075875,-0.18632237263808737,battery_materials
2023-06-30,002518,True,False,0.010180425360346738,0.012510499975098848,0.011354316327431368,0.011353628822852834,0.0011732034625060953,0.34432679425093493,power_equipment_and_energy_services
2023-06-30,002709,True,False,0.03860497933676041,0.03805170828121468,0.03849037162674948,0.038488041032290095,-0.000116938304470314,0.08586760114510687,battery_materials
2023-06-30,002812,True,False,0.05342203406914626,0.04919432389163799,0.048062709350982044,0.04805979915086231,-0.005362234918283949,-0.20769002894844446,battery_materials
2023-06-30,002850,True,False,0.0127003326277593,0.012242370101715591,0.01240895811634051,0.012408206753134325,-0.00029212587462497386,0.05115673968906606,industrial_equipment_and_components
2023-06-30,300001,True,False,0.008466888418506199,0.00603281800365639,0.007057285830769724,0.0070568585116621025,-0.0014100299068440965,-0.4877824198707773,power_equipment_and_energy_services
2023-06-30,300014,True,False,0.08184658804555991,0.0658051057200746,0.07089424513288578,0.07088995248181679,-0.010956635563743128,-0.3900314368921467,battery_cells_and_systems
2023-06-30,300035,True,False,0.011289184558008267,0.006535908077501136,0.00734366739001121,0.007343222730481893,-0.003945961827526374,-1.1342501375217413,battery_materials
2023-06-30,300037,True,False,0.017236165709101907,0.02194584793318861,0.020765934849861604,0.02076467747118066,0.0035285117620787523,0.6266671997776667,battery_materials
2023-06-30,300073,True,False,0.01733696199979841,0.019443674530471466,0.018757705361336762,0.01875656958107956,0.0014196075812811515,0.31940553985903664,battery_materials
2023-06-30,300207,True,False,0.02096562846487249,0.016324841768562776,0.016683535883984378,0.016682525694821454,-0.004283102770051037,-0.6323300771464542,battery_cells_and_systems
2023-06-30,300274,True,False,0.08839834694083258,0.08614852053702846,0.08704411438480368,0.08703884385812041,-0.0013595030827121685,-0.011590802843004455,power_equipment_and_energy_services
2023-06-30,300376,True,False,0.0060477774417901425,0.005353779262133118,0.005418125947667433,0.005417797879795385,-0.0006299795619947573,-0.2816026049470163,power_equipment_and_energy_services
2023-06-30,300390,True,False,0.01743775829049491,0.018123496648081026,0.016463512142072662,0.016462515275361356,-0.0009752430151335548,-0.06990067092918956,battery_materials
2023-06-30,300438,True,False,0.019151295232335448,0.01746271758619903,0.017758544197886604,0.01775746891690164,-0.0013938263154338083,-0.1952988299412396,battery_cells_and_systems
2023-06-30,300450,True,False,0.03356516480193529,0.0358920250287615,0.032714997842649335,0.0327130169474413,-0.0008521478544939939,0.04416920117387685,industrial_equipment_and_components
2023-06-30,300457,True,False,0.005241407116218123,0.0054233070883940625,0.005937933968304615,0.00593757442602373,0.0006961673098056075,0.4739650245543565,industrial_equipment_and_components
2023-06-30,300568,True,False,0.016429795383529885,0.02193822579017771,0.020431270281521523,0.02043003316680156,0.0040002377832716735,0.7171427176118662,battery_materials
2023-06-30,300750,True,False,0.10412256828948695,0.11892749416374103,0.11889328427975782,0.11888608528380401,0.014763516994317064,0.3994424643209192,battery_cells_and_systems
2023-06-30,300763,True,False,0.025703054127608104,0.024159269287452732,0.023825738348094466,0.023824295698116348,-0.0018787584294917559,-0.18417967898614263,power_equipment_and_energy_services
2023-06-30,300769,True,False,0.0211672210462655,0.009955864335054415,0.01029793375429271,0.010297310213746422,-0.010869910832519076,-1.9643067118709303,battery_materials
2023-06-30,300919,True,False,0.009978832778953733,0.010241716219822337,0.009791248741488949,0.009790655880752536,-0.00018817689820119742,0.040142014687492004,battery_materials
2023-06-30,301238,True,False,0.0020159258139300475,0.0,0.0026300003851789443,0.0026298411384877113,0.0006139153245576638,0.8541057492342485,battery_materials
2023-06-30,600110,True,False,0.008466888418506199,0.010684453845783013,0.009977123464322104,0.009976519348859358,0.0015096309303531587,0.5633174454428306,battery_materials
2023-06-30,600549,True,False,0.0127003326277593,0.016501857158766797,0.01601083466886314,0.016009865211801737,0.003309532584042438,0.7561929449969855,battery_materials
2023-06-30,600699,True,False,0.010281221651043242,0.011425550108340652,0.010947045921487947,0.010946383077158494,0.0006651614261152516,0.2967605943736518,industrial_equipment_and_components
2023-06-30,600884,True,False,0.015623425057957867,0.016978267900258713,0.017349612774106595,0.01734856225394545,0.001725137195987582,0.393792099139865,battery_materials
2023-06-30,601311,True,False,0.004435036790646105,0.005655357252429076,0.006227388890152296,0.006227011821357414,0.0017919750307113088,0.9902268392692619,battery_cells_and_systems
2023-06-30,603026,True,False,0.009978832778953733,0.007384966893473654,0.00826009224315296,0.008259592094040275,-0.001719240684913458,-0.4457322482641084,battery_materials
2023-06-30,603063,True,False,0.006551758895272655,0.007085419328027915,0.006688393429860242,0.0066879884472110475,0.00013622955193839242,0.09149178700127704,power_equipment_and_energy_services
2023-06-30,603659,True,False,0.027416591069448645,0.033485905698669244,0.03333858733616812,0.03333656868257643,0.0059199776131277845,0.6531333389871402,battery_materials
2023-06-30,603906,True,False,0.005039814534825118,0.0035348766353463356,0.003941607815489745,0.003941369150884868,-0.0010984453839402502,-0.6078773305845896,battery_materials
2023-06-30,605117,True,False,0.02419110976716057,0.02826044376566866,0.0274825674307286,0.027480903359516067,0.003289793592355497,0.3970004073039277,power_equipment_and_energy_services
2023-06-30,688005,True,False,0.014212276988206833,0.01251347316476164,0.013346766915534604,0.013345958767945754,-0.0008663182202610798,-0.08515981487937761,battery_materials
2023-06-30,688006,True,False,0.004031851627860095,0.003983767175300204,0.004138766554458135,0.004138515951879026,0.00010666432401893085,0.19224918587975504,industrial_equipment_and_components
2023-06-30,688063,True,False,0.02227598024392702,0.0225529562481978,0.022702080680040145,0.02270070606760557,0.0004247258236785498,0.07456458613939287,battery_cells_and_systems
2023-06-30,688116,True,False,0.010885999395222256,0.008758378345354667,0.00880879648961242,0.008808263116422584,-0.0020777362787996728,-0.5105800995983726,battery_materials
2023-06-30,688388,True,False,0.006148573732486644,0.0065640842904794855,0.005897708960781089,0.005897351854126979,-0.00025122187835966564,-0.024655591977002664,battery_materials
2023-06-30,688390,True,False,0.01814333232537043,0.0206375464554932,0.019222500284558894,0.019221336360939416,0.0010780040355689857,0.19760245294331463,power_equipment_and_energy_services
2023-06-30,688499,True,False,0.004132647918556597,0.0026102301579083785,0.0025353513218119546,0.0025351978061275513,-0.0015974501124290455,-1.27851644186992,industrial_equipment_and_components
2023-06-30,688567,True,False,0.014917851023082351,0.013705167706477495,0.014073887888979234,0.014073035714169018,-0.0008448153089133329,-0.1459645583262233,battery_cells_and_systems
2023-06-30,688707,True,False,0.0075597218022376775,0.0066083241834135765,0.00618905389584732,0.006188679148238791,-0.0013710426539988866,-0.4772232314686883,battery_materials
2023-06-30,688772,True,False,0.001612740651144038,0.0012018862838622725,0.0012061430624973697,0.00120607003045793,-0.000406670620686108,-0.8095271029865204,battery_cells_and_systems
2023-06-30,688779,True,False,0.008567684709202703,0.007003117836654561,0.0072374694645738645,0.007237031235335713,-0.0013306534738669893,-0.3877182934377244,battery_materials
2023-06-30,688819,True,False,0.00383025904646709,0.004509854408675939,0.004870842361259195,0.004870547431443245,0.001040288384976155,0.7071232265780618,battery_cells_and_systems
2023-07-31,000009,True,False,0.018949702650942445,0.02210436789158891,0.023508536664790677,0.023506165157124705,0.00455646250618226,0.7769228684903291,battery_materials
2023-07-31,002050,True,False,0.03467392399959682,0.03389389090153477,0.03766497914089935,0.03766117955149721,0.0029872555519003946,0.562889343984226,industrial_equipment_and_components
2023-07-31,002074,True,False,0.02338473944158855,0.023734791693748945,0.02366079121969626,0.023658404352807836,0.0002736649112192874,0.12224278498275712,battery_cells_and_systems
2023-07-31,002335,True,False,0.012196351174276787,0.011813670604082708,0.010995055457233812,0.010993946291713371,-0.0012024048825634154,-0.18167693812130176,power_equipment_and_energy_services
2023-07-31,002340,True,False,0.02902933172059268,0.03713259218269186,0.03528840634529256,0.0352848465011661,0.006255514780573422,0.7188434853540153,battery_materials
2023-07-31,002407,True,False,0.019453684104424954,0.017830319838811077,0.016496041066834177,0.016494376969727415,-0.002959307134697539,-0.3101983318459861,battery_materials
2023-07-31,002518,True,False,0.010180425360346738,0.00975505677051513,0.011448857479769673,0.011447702535348119,0.0012672771750013804,0.45008005382952826,power_equipment_and_energy_services
2023-07-31,002709,True,False,0.03860497933676041,0.03525242145825553,0.03884518886964374,0.03884127022236663,0.0002362908856062204,0.1787141360319448,battery_materials
2023-07-31,002812,True,False,0.05342203406914626,0.04932063013110437,0.05310116259460283,0.05309580582501905,-0.00032622824412720935,0.1437784230761108,battery_materials
2023-07-31,002850,True,False,0.0127003326277593,0.01222268611947714,0.011805961042841418,0.011804770074321494,-0.000895562553437805,0.11784118794364938,industrial_equipment_and_components
2023-07-31,300001,True,False,0.008466888418506199,0.006885937729201341,0.006927428710610713,0.006926729881477835,-0.0015401585370283643,-0.45877278140310696,power_equipment_and_energy_services
2023-07-31,300014,True,False,0.08184658804555991,0.07111186777580172,0.07414601216300232,0.07413853241899472,-0.007708055626565194,-0.19360463603965178,battery_cells_and_systems
2023-07-31,300035,True,False,0.011289184558008267,0.007517896556465411,0.00736132682294234,0.007360584222786437,-0.00392860033522183,-1.0607398439986484,battery_materials
2023-07-31,300037,True,False,0.017236165709101907,0.01998882547298875,0.020734961646731043,0.020732869933359006,0.003496704224257099,0.6890256986150383,battery_materials
2023-07-31,300073,True,False,0.01733696199979841,0.01884832343098582,0.018806453986918367,0.01880455681864985,0.0014675948188514407,0.3934477149735617,battery_materials
2023-07-31,300207,True,False,0.02096562846487249,0.01721926654528188,0.01708669331517802,0.017084969633914447,-0.003880658830958044,-0.4958159515242887,battery_cells_and_systems
2023-07-31,300274,True,False,0.08839834694083258,0.08526068451152077,0.09202708904449852,0.09201780548294564,0.003619458542113055,0.22952677855022988,power_equipment_and_energy_services
2023-07-31,300376,True,False,0.0060477774417901425,0.005455183599389456,0.005338707888008645,0.005338169326767538,-0.0007096081150226047,-0.24172293339211032,power_equipment_and_energy_services
2023-07-31,300390,True,False,0.01743775829049491,0.015148347331093607,0.016768862700694977,0.016767171081730713,-0.0006705872087641972,0.049236915689044036,battery_materials
2023-07-31,300438,True,False,0.019151295232335448,0.017770808195527316,0.01654485415339861,0.016543185132097255,-0.002608110100238193,-0.3292749118230045,battery_cells_and_systems
2023-07-31,300450,True,False,0.03356516480193529,0.03072039146087503,0.03432626075381494,0.03432279796956415,0.0007576331676288628,0.3905434957089895,industrial_equipment_and_components
2023-07-31,300457,True,False,0.005241407116218123,0.008591834283266351,0.004247328021968419,0.004246899557572374,-0.000994507558645749,-0.2743781489517875,industrial_equipment_and_components
2023-07-31,300568,True,False,0.016429795383529885,0.020677688107849493,0.02055501844229416,0.020552944881336063,0.004123149497806178,0.8010180563408545,battery_materials
2023-07-31,300750,True,False,0.10412256828948695,0.12658598674091084,0.1181419191431275,0.11813000115474244,0.014007432865255492,0.4496181576900174,battery_cells_and_systems
2023-07-31,300763,True,False,0.025703054127608104,0.022256010905348664,0.02147340255174861,0.021471236345510764,-0.004231817782097341,-0.39911649727709453,power_equipment_and_energy_services
2023-07-31,300769,True,False,0.0211672210462655,0.010559645422643357,0.009293221554860998,0.009292284067918564,-0.011874936978346934,-2.1909690376499498,battery_materials
2023-07-31,300919,True,False,0.009978832778953733,0.010299965874810796,0.009679843186188319,0.00967886669740687,-0.0002999660815468635,0.07407679538938533,battery_materials
2023-07-31,301238,True,False,0.0020159258139300475,0.0027171608233424534,0.002313008256304509,0.0023127749233289394,0.0002968491093988919,0.5537714143075779,battery_materials
2023-07-31,600110,True,False,0.008466888418506199,0.010098124100985036,0.009251066017133096,0.009250132782781214,0.0007832443642750153,0.41406681034885473,battery_materials
2023-07-31,600549,True,False,0.0127003326277593,0.016430200289565714,0.01574936552524481,0.01574777675170225,0.0030474441239429512,0.7757703936239693,battery_materials
2023-07-31,600699,True,False,0.010281221651043242,0.012093547783280494,0.010422067623570681,0.010421016260246071,0.00013979460920282918,0.3653561113007614,industrial_equipment_and_components
2023-07-31,600884,True,False,0.015623425057957867,0.018163478850592746,0.016927568693133697,0.016925861064135156,0.0013024360061772884,0.3900558798736021,battery_materials
2023-07-31,601311,True,False,0.004435036790646105,0.006526626535191078,0.005741384824020887,0.005740805641304515,0.0013057688506584097,0.8263307375138704,battery_cells_and_systems
2023-07-31,603026,True,False,0.009978832778953733,0.008570232847719536,0.00774089818760332,0.007740117296829251,-0.0022387154821244823,-0.5645763155592787,battery_materials
2023-07-31,603063,True,False,0.006551758895272655,0.006507352796817027,0.0064203112462504755,0.006419663574404477,-0.000132095320868178,0.05667867677252743,power_equipment_and_energy_services
2023-07-31,603659,True,False,0.027416591069448645,0.0352036191048674,0.0330392601798968,0.03303592722642922,0.005619336156980577,0.6939877206885727,battery_materials
2023-07-31,603906,True,False,0.005039814534825118,0.003557869857691271,0.003473633279334867,0.003473282864161512,-0.0015665316706636062,-0.9023459599713188,battery_materials
2023-07-31,605117,True,False,0.02419110976716057,0.02357704301294026,0.027276140519546334,0.02727338894137443,0.003082279174213859,0.45752006837009207,power_equipment_and_energy_services
2023-07-31,688005,True,False,0.014212276988206833,0.01270525790634066,0.01240509771229182,0.012403846303718784,-0.0018084306844880493,-0.22757666074075095,battery_materials
2023-07-31,688006,True,False,0.004031851627860095,0.004227961979012772,0.0038918858230991673,0.00389149321520544,-0.00014035841265465495,0.22553210214377184,industrial_equipment_and_components
2023-07-31,688063,True,False,0.02227598024392702,0.021022357620041187,0.022041795345381508,0.022039571800488912,-0.0002364084434381096,0.0585164279267224,battery_cells_and_systems
2023-07-31,688116,True,False,0.010885999395222256,0.00850850756116372,0.008774706319032082,0.008773821139167467,-0.0021121782560547895,-0.45502129868393393,battery_materials
2023-07-31,688388,True,False,0.006148573732486644,0.005544342076664128,0.005571862864805291,0.005571300783222501,-0.0005772729492641432,-0.12040909689932272,battery_materials
2023-07-31,688390,True,False,0.01814333232537043,0.01953441759265224,0.017972051553497428,0.017970238558556905,-0.00017309376681352504,0.08748357267123641,power_equipment_and_energy_services
2023-07-31,688499,True,False,0.004132647918556597,0.0021363659517962623,0.0022680673367755045,0.0022678385373758312,-0.0018648093811807656,-1.3877840921296098,industrial_equipment_and_components
2023-07-31,688567,True,False,0.014917851023082351,0.014713661579797985,0.013563732836005619,0.013562364545973005,-0.0013554864771093463,-0.183170634814611,battery_cells_and_systems
2023-07-31,688707,True,False,0.0075597218022376775,0.006446198531460708,0.005870149279895589,0.005869557107604469,-0.0016901646946332087,-0.5617354383151275,battery_materials
2023-07-31,688772,True,False,0.001612740651144038,0.0013651919096746875,0.0012035038874127616,0.0012033824796562633,-0.0004093581714877748,-0.7475482523462339,battery_cells_and_systems
2023-07-31,688779,True,False,0.008567684709202703,0.007356130858390773,0.0073960783802863184,0.0073953322744428505,-0.001172352434759852,-0.25914432913854435,battery_materials
2023-07-31,688819,True,False,0.00383025904646709,0.005035258894240668,0.004412000341886474,0.004411555265581546,0.0005812962191144556,0.4927062784344226,battery_cells_and_systems
2023-08-31,000009,True,False,0.02095900214701973,0.02467977482848323,0.024381808205199577,0.02437544329008146,0.0034164411430617284,0.6058247232054079,battery_materials
2023-08-31,002050,True,False,0.05480012268684184,0.04543030949686756,0.05459783327361209,0.054583580410514525,-0.00021654227632731532,0.18203980921094315,industrial_equipment_and_components
2023-08-31,002074,True,False,0.024741846436969635,0.023535101287989836,0.026729633291495282,0.02672265547239315,0.001980809035423515,0.33799891417492,battery_cells_and_systems
2023-08-31,002335,True,False,0.009814947346897045,0.011247743508003706,0.008610540106510491,0.008608292309446474,-0.0012066550374505713,-0.1725102579537483,power_equipment_and_energy_services
2023-08-31,002340,True,False,0.02985379818014518,0.035490360155588714,0.03516771380380393,0.03515853320852668,0.0053047350283815,0.6416742324029184,battery_materials
2023-08-31,002407,True,False,0.01789183110111441,0.015611483756762946,0.014909531186527561,0.014905639026452536,-0.0029861920746618725,-0.3473541289736898,battery_materials
2023-08-31,002518,True,False,0.007770166649626827,0.011686975749459648,0.007957393727572204,0.0079553164355514,0.00018514978592457185,0.26957354103421755,power_equipment_and_energy_services
2023-08-31,002709,True,False,0.039873223596769244,0.03917428097217851,0.037894663121017295,0.03788477065069003,-0.0019884529460792166,0.028213976262764874,battery_materials
2023-08-31,002812,True,False,0.04365606788671914,0.041402586965839865,0.04191330854849764,0.04190236700351519,-0.0017537008832039513,0.05723066604280887,battery_materials
2023-08-31,002850,True,False,0.015744811368980677,0.012221847243557252,0.01678584031211333,0.01678145833814841,0.0010366469691677344,0.37553424573392735,industrial_equipment_and_components
2023-08-31,300001,True,False,0.01267764032307535,0.007489856708165286,0.012212212512707465,0.012209024492549419,-0.00046861583052593137,0.09467847328311263,power_equipment_and_energy_services
2023-08-31,300014,True,False,0.06226357223187813,0.06994387397084623,0.057069201045433664,0.05705430302731065,-0.0052092692045674835,-0.13168327933394805,battery_cells_and_systems
2023-08-31,300035,True,False,0.007258971475309273,0.007299920123463174,0.004302446567054245,0.004301323405598414,-0.002957648069710859,-1.320813439085483,battery_materials
2023-08-31,300037,True,False,0.02279930477456293,0.023081575911572335,0.026712738172543465,0.026705764763942683,0.003906459989379753,0.6262288819510821,battery_materials
2023-08-31,300068,True,False,0.013802269706573972,0.0,0.011157172165134288,0.011154259565166654,-0.0026480101414073174,-0.49065059649711634,battery_cells_and_systems
2023-08-31,300073,True,False,0.017073918822206317,0.01909889137469834,0.019330816777584393,0.019325770432911442,0.0022518516107051245,0.5283373648809893,battery_materials
2023-08-31,300207,True,False,0.020243328902975154,0.018620356141361216,0.017266897799801596,0.01726239024490969,-0.0029809386580654657,-0.337174997293329,battery_cells_and_systems
2023-08-31,300274,True,False,0.10172783968919333,0.09311730008141225,0.1097359968889301,0.10970735010852228,0.007979510419328956,0.4180493435428144,power_equipment_and_energy_services
2023-08-31,300376,True,False,0.006543298231264697,0.005642472468580244,0.006632050798636036,0.00663031948978326,8.702125851856295e-05,0.24003871039821376,power_equipment_and_energy_services
2023-08-31,300390,True,False,0.01748287496166036,0.015928065783882575,0.01675173356821624,0.016747360497878484,-0.0007355144637818771,0.051570104050658594,battery_materials
2023-08-31,300438,True,False,0.013086596462529394,0.014281898313985141,0.01181167467742475,0.011808591218392839,-0.0012780052441365552,-0.17564944877701832,battery_cells_and_systems
2023-08-31,300450,True,False,0.03332992536550455,0.034561197940269635,0.03193831734633836,0.03192997979084559,-0.001399945574658959,0.0707513551248761,industrial_equipment_and_components
2023-08-31,300457,False,True,0.0,0.00449380411874617,0.0,0.0,0.0,-0.2743781489517875,industrial_equipment_and_components
2023-08-31,300568,True,False,0.01830078724056845,0.019236816325965557,0.022704039399584004,0.02269811246904626,0.00439732522847781,0.7896239809355587,battery_materials
2023-08-31,300750,True,False,0.10377262038646357,0.1329483945897782,0.11577696694513138,0.11574674315856737,0.011974122772103801,0.4299608147727746,battery_cells_and_systems
2023-08-31,300763,True,False,0.017278396891933338,0.019279717879691932,0.012482885186562844,0.01247962650681387,-0.004798770385119468,-0.7273075408809185,power_equipment_and_energy_services
2023-08-31,300769,True,False,0.019323177589203558,0.008936042737132818,0.008390437277836112,0.008388246939013501,-0.010934930650190057,-2.209837238908957,battery_materials
2023-08-31,300919,True,False,0.013393313567119928,0.0097129065733325,0.013672463108237078,0.013668893887020707,0.0002755803199007787,0.23256525194198327,battery_materials
2023-08-31,301238,True,False,0.003680605255086392,0.0023546145927645055,0.004163341768156387,0.004162254920259832,0.00048164966517343956,0.5257441896611498,battery_materials
2023-08-31,600110,True,False,0.008485839893671404,0.009083029472911086,0.00895851332242146,0.00895617468632024,0.0004703347926488348,0.3285000713626284,battery_materials
2023-08-31,600549,True,False,0.01359779163684695,0.016214977266245927,0.01610174460598083,0.016097541216436948,0.0024997495795899983,0.6565424054656932,battery_materials
2023-08-31,600699,True,False,0.014108986811164502,0.011366305823456577,0.015587332472611794,0.015583263371285466,0.0014742765601209636,0.4773107834565067,industrial_equipment_and_components
2023-08-31,600884,True,False,0.014313464880891523,0.01684375958590958,0.015066031012448241,0.015062097997810683,0.0007486331169191604,0.32003293893062734,battery_materials
2023-08-31,601311,False,True,0.0,0.005766755916648477,0.0,0.0,0.0,0.8263307375138704,battery_cells_and_systems
2023-08-31,603026,True,False,0.00797464471935385,0.0072770625876438025,0.006027642979153462,0.006026069452054826,-0.0019485752672990242,-0.6261183753377496,battery_materials
2023-08-31,603063,False,True,0.0,0.006348932235105965,0.0,0.0,0.0,0.05667867677252743,power_equipment_and_energy_services
2023-08-31,603659,True,False,0.03220529598200593,0.031040896920110486,0.039510650227957765,0.039500335901274275,0.007295039919268345,0.7577399033049315,battery_materials
2023-08-31,603906,False,True,0.0,0.00329980434361833,0.0,0.0,0.0,-0.9023459599713188,battery_materials
2023-08-31,605117,True,False,0.02167467539106431,0.02271767792341015,0.021936380835074758,0.021930654303193325,0.00025597891212901513,0.235836467885519,power_equipment_and_energy_services
2023-08-31,688005,True,False,0.014211225846028012,0.014240283435810517,0.011204408413849277,0.011201483482773505,-0.0030097423632545073,-0.5055865157176617,battery_materials
2023-08-31,688006,True,False,0.006032103056947143,0.00397008297649658,0.006182696040439539,0.006181082036458895,0.00014897897951175222,0.2630596597013796,industrial_equipment_and_components
2023-08-31,688032,True,False,0.009610469277170023,0.0,0.00790927426950208,0.007907209539152813,-0.0017032597380172102,-0.35507485316896265,power_equipment_and_energy_services
2023-08-31,688063,True,False,0.014211225846028012,0.019470247795442024,0.013544106436313914,0.013540570722838837,-0.000670655123189175,-0.020165413504578733,battery_cells_and_systems
2023-08-31,688116,True,False,0.008690317963398426,0.009138752888422369,0.006740881675082536,0.0067391219557326795,-0.001951196007665747,-0.5521405268575823,battery_materials
2023-08-31,688248,True,False,0.002658214906451283,0.0,0.0023110558038665443,0.002310452498570192,-0.00034776240788109104,-0.19831287250423496,power_equipment_and_energy_services
2023-08-31,688388,False,True,0.0,0.005360511094242626,0.0,0.0,0.0,-0.12040909689932272,battery_materials
2023-08-31,688390,True,False,0.014108986811164502,0.01700102589457293,0.01407684538847825,0.014073170602536435,-3.5816208628067225e-05,0.19502898836398663,power_equipment_and_energy_services
2023-08-31,688499,True,False,0.0025559758715877723,0.002312865153884247,0.001479905715911353,0.0014795193838483117,-0.0010764564877394605,-1.3686958532276323,industrial_equipment_and_components
2023-08-31,688567,True,False,0.015131377159799612,0.01410153539223836,0.013435029812366396,0.013431522573541226,-0.0016998545862583862,-0.2225207932673963,battery_cells_and_systems
2023-08-31,688707,True,False,0.00685001533585523,0.004910576470552888,0.005121412310699002,0.005120075356754974,-0.0017299399791002564,-0.6572886658408568,battery_materials
2023-08-31,688772,True,False,0.010837337695532155,0.001219949545870875,0.010468497485938557,0.010465764665741159,-0.0003715730297909961,0.0182741397829895,battery_cells_and_systems
2023-08-31,688779,True,False,0.008997035067988959,0.007040863802813793,0.007846181871674655,0.007844133611709922,-0.0011529014562790367,-0.2174241239648028,battery_materials
2023-08-31,688819,True,False,0.00460075656885799,0.004765933874213197,0.00543175173856779,0.005430333769954973,0.0008295772010969826,0.5916106599427027,battery_cells_and_systems
2023-09-28,000009,True,False,0.021336386344712733,0.02575571331387364,0.025982866859645112,0.02598044415508883,0.004644057810376096,0.6714707646210897,battery_materials
2023-09-28,002050,True,False,0.05578684429641964,0.05900279356488739,0.0557040481664812,0.05569885418800203,-8.799010841761129e-05,0.22019384703115213,industrial_equipment_and_components
2023-09-28,002074,True,False,0.02518734388009991,0.027669672926393073,0.027885862846285105,0.02788326270183844,0.00269591882173853,0.43697595556883484,battery_cells_and_systems
2023-09-28,002335,True,False,0.009991673605328889,0.00889862828194232,0.009068917921721367,0.009068072314156652,-0.000923601291172237,-0.1035165934388633,power_equipment_and_energy_services
2023-09-28,002340,True,False,0.030391340549542043,0.03697296560171366,0.03552617071074765,0.03552285816574971,0.005131517616207667,0.5545790005087918,battery_materials
2023-09-28,002407,True,False,0.01821398834304746,0.015768570913896097,0.015407605958146399,0.015406169316171598,-0.0028078190268758605,-0.3695508644047407,battery_materials
2023-09-28,002518,True,False,0.007910074937552039,0.008153523771215454,0.007991760170470317,0.007991014999666715,8.094006211467608e-05,0.20269668204612187,power_equipment_and_energy_services
2023-09-28,002709,True,False,0.040591174021648614,0.033717113325370585,0.03716486211099009,0.03716139677049259,-0.0034297772511560215,-0.14342811791794843,battery_materials
2023-09-28,002812,True,False,0.04444213155703579,0.0410049888334464,0.040763097079638544,0.04075929623111954,-0.0036828353259162477,-0.13835329425185666,battery_materials
2023-09-28,002850,True,False,0.016028309741881762,0.01499284243606779,0.016724600082869003,0.01672304064121687,0.0006947308993351074,0.34593698767358716,industrial_equipment_and_components
2023-09-28,300001,True,False,0.012905911740216483,0.012777861492981712,0.012654318638001354,0.012653138719111475,-0.0002527730211050079,0.11709349820688308,power_equipment_and_energy_services
2023-09-28,300014,True,False,0.06338467943380514,0.056330169289580206,0.059544611256486364,0.05953905917473294,-0.003845620259072202,-0.03238931767477932,battery_cells_and_systems
2023-09-28,300035,True,False,0.007389675270607824,0.004684892726398012,0.00465757537221322,0.004657141088762651,-0.0027325341818451735,-1.2103106218946869,battery_materials
2023-09-28,300037,True,False,0.0232098251457119,0.026364994988204677,0.027254253406472646,0.02725171215479851,0.004041887009086611,0.5674992584672982,battery_materials
2023-09-28,300068,True,False,0.014050791007493754,0.011219584147304892,0.011692559067609937,0.0116914688254792,-0.0023593221820145532,-0.3787580734698224,battery_cells_and_systems
2023-09-28,300073,True,False,0.017381348875936717,0.019844021858430625,0.01999356494856817,0.019991700700825267,0.00261035182488855,0.5085809822896257,battery_materials
2023-09-28,300207,True,False,0.020607826810990836,0.019908702896797786,0.018074041655888003,0.01807235638908097,-0.002535470421909866,-0.22866780563525224,battery_cells_and_systems
2023-09-28,300274,True,False,0.10355953372189838,0.10641550621325395,0.11183895559575226,0.1118285274644473,0.008268993742548914,0.39309885878555356,power_equipment_and_energy_services
2023-09-28,300376,True,False,0.006661115736885927,0.007202200912756288,0.0071276677482993624,0.007127003147536762,0.0004658874106508353,0.3667656496746665,power_equipment_and_energy_services
2023-09-28,300390,True,False,0.017797668609492088,0.017231627921442123,0.016009224419938378,0.01600773168162146,-0.0017899369278706265,-0.194044286875594,battery_materials
2023-09-28,300438,True,False,0.013322231473771854,0.011770132429876973,0.01027582326982033,0.010274865127518719,-0.003047366346253135,-0.595658848584035,battery_cells_and_systems
2023-09-28,300450,True,False,0.033930058284762685,0.03183670459490392,0.03290565352357177,0.03290258532185448,-0.001027472962908206,0.1368452195999284,industrial_equipment_and_components
2023-09-28,300568,True,False,0.018630308076602826,0.022824409228174046,0.023616407090746996,0.023614205040550965,0.004983896963948138,0.7861251077831927,battery_materials
2023-09-28,300750,True,False,0.10564113238967525,0.107388204574968,0.11910334297884476,0.11909223749871195,0.013451105109036701,0.4888665680466102,battery_cells_and_systems
2023-09-28,300763,True,False,0.0175895087427144,0.014113811813709706,0.012132238520311268,0.012131107281418354,-0.005458401461296046,-0.8879239885866819,power_equipment_and_energy_services
2023-09-28,300769,True,False,0.019671107410491252,0.007401625927727652,0.009485373964734518,0.009484489525813804,-0.010186617884677448,-1.9755293662811004,battery_materials
2023-09-28,300919,True,False,0.013634471273938383,0.013636696871417312,0.014550598748820833,0.01454924201624487,0.0009147707423064876,0.29434435660415303,battery_materials
2023-09-28,301238,False,True,0.0,0.004392000179495067,0.0,0.0,0.0,0.5257441896611498,battery_materials
2023-09-28,600110,True,False,0.008638634471273936,0.009602192308991358,0.009430080854239018,0.009429201570979973,0.0007905670997060375,0.35900064263968057,battery_materials
2023-09-28,600549,True,False,0.013842631140716068,0.017200247232381338,0.0167386090993397,0.016737048351453416,0.0028944172107373475,0.6513034950643187,battery_materials
2023-09-28,600699,True,False,0.01436303080766028,0.015990734241848298,0.014443546210498674,0.014442199459757039,7.916865209675952e-05,0.2404094150747963,industrial_equipment_and_components
2023-09-28,600884,True,False,0.014571190674437963,0.016628485972555698,0.014764434404094789,0.014763057732971662,0.0001918670585336988,0.1461820362498302,battery_materials
2023-09-28,603026,True,False,0.008118234804329725,0.0067987027251282224,0.006438688764060386,0.006438088405343642,-0.0016801463989860824,-0.5537226384643019,battery_materials
2023-09-28,603659,True,False,0.03278517901748542,0.0382223532753886,0.03771653242069956,0.03771301564114493,0.004927836623659511,0.5088928288732738,battery_materials
2023-09-28,605117,True,False,0.022064945878434633,0.019909002267416567,0.021025124765046414,0.02102316433220273,-0.001041781546231902,0.03542053022272812,power_equipment_and_energy_services
2023-09-28,688005,True,False,0.014467110741049121,0.009976222870134714,0.012344752555761479,0.012343601501552389,-0.0021235092394967323,-0.3447449954040316,battery_materials
2023-09-28,688006,True,False,0.006140716069941714,0.006376702635916022,0.006471111217245506,0.006470507835381799,0.00032979176544008486,0.3741725681916103,industrial_equipment_and_components
2023-09-28,688032,True,False,0.009783513738551203,0.008795015246307549,0.008231831224414813,0.008231063668812821,-0.001552450069738382,-0.32006633073495944,power_equipment_and_energy_services
2023-09-28,688063,True,False,0.014467110741049121,0.013822515063659141,0.01377951383507825,0.01377822900030109,-0.0006888817407480312,0.007050525597342927,battery_cells_and_systems
2023-09-28,688116,True,False,0.008846794338051623,0.00710772395975421,0.007344426267616991,0.007343741455772403,-0.0015030528822792197,-0.4232221867768607,battery_materials
2023-09-28,688248,True,False,0.0027060782681099078,0.0022901256129328955,0.0024572189554813483,0.0024569898385177974,-0.0002490884295921103,-0.102292211136746,power_equipment_and_energy_services
2023-09-28,688390,True,False,0.01436303080766028,0.0145278811914471,0.015007353637853405,0.0150059543163608,0.000642923508700521,0.2987239049612883,power_equipment_and_energy_services
2023-09-28,688499,False,True,0.0,0.0015286772978876637,0.0,0.0,0.0,-1.3686958532276323,industrial_equipment_and_components
2023-09-28,688567,True,False,0.015403830141548707,0.014454440901506284,0.011695112247980538,0.011694021767785166,-0.003709808373763541,-0.6408179308370024,battery_cells_and_systems
2023-09-28,688707,False,True,0.0,0.005582423895823051,0.0,0.0,0.0,-0.6572886658408568,battery_materials
2023-09-28,688772,True,False,0.011032472939217317,0.010439805011175743,0.011046551659658765,0.01104552165280149,1.3048713584174268e-05,0.14982672133730307,battery_cells_and_systems
2023-09-28,688779,True,False,0.00915903413821815,0.007704279999554603,0.00792910976785525,0.007928370438724804,-0.0012306636994933468,-0.30346719740349193,battery_materials
2023-09-28,688819,False,True,0.0,0.005762507253961674,0.0,0.0,0.0,0.5916106599427027,battery_cells_and_systems
2023-10-31,000009,True,False,0.021281013183847185,0.026438434094199176,0.026536062920195887,0.02653346572675924,0.005252452542912053,0.7093519770321717,battery_materials
2023-10-31,002050,True,False,0.055642063739229725,0.051569597522458085,0.059612208666487004,0.059606374174853545,0.00396431043562382,0.47018997747520364,industrial_equipment_and_components
2023-10-31,002074,True,False,0.025121976538980583,0.028079179635157013,0.026352866922966477,0.02635028765967429,0.0012283111206937078,0.3005068031042703,battery_cells_and_systems
2023-10-31,002335,True,False,0.009965742759265024,0.008564760545585626,0.009200971232581474,0.009200070695747208,-0.0007656720635178162,-0.03202709981953655,power_equipment_and_energy_services
2023-10-31,002340,True,False,0.03031246755943112,0.035086879296155,0.03630439686616976,0.03630084360578046,0.005988376046349341,0.594182294164052,battery_materials
2023-10-31,002407,True,False,0.01816671857157687,0.015765079768861323,0.01683794164243104,0.01683629364394491,-0.001330424927631961,-0.13820130425762733,battery_materials
2023-10-31,002518,True,False,0.007889546351084811,0.007462742924673537,0.008275690334385535,0.008274880358592033,0.0003853340075072216,0.33262078753563074,power_equipment_and_energy_services
2023-10-31,002709,True,False,0.040485829959514164,0.039246725203276885,0.036286182965061524,0.03628263148734151,-0.004203198472172653,-0.23408204522013928,battery_materials
2023-10-31,002812,True,False,0.044326793314647554,0.04679841967000434,0.036390583763648746,0.0363870220677939,-0.007939771246853654,-0.4848347232934309,battery_materials
2023-10-31,002850,True,False,0.015986712342987645,0.01621124447552719,0.015319094364049648,0.015317595021383128,-0.0006691173216045176,0.151395950283874,industrial_equipment_and_components
2023-10-31,300001,True,False,0.012872417730717324,0.012817756180087549,0.012432817634587222,0.012431600783675436,-0.00044081694704188774,0.09682309080989925,power_equipment_and_energy_services
2023-10-31,300014,True,False,0.06322018062908749,0.06287740228203803,0.05940218299243172,0.05939636905687336,-0.0038238115722141336,0.007285450781592012,battery_cells_and_systems
2023-10-31,300035,True,False,0.007370497249039758,0.00481206939913315,0.005322052585830174,0.005321531694690935,-0.0020489655543488227,-0.8515354986865864,battery_materials
2023-10-31,300037,True,False,0.02314958995120938,0.028190777347308314,0.026448918839640765,0.0264463301753531,0.0032967402241437203,0.45949312721123436,battery_materials
2023-10-31,300068,True,False,0.014014325755216443,0.01122236101120024,0.012656293341878214,0.012655054618481352,-0.0013592711367350907,-0.169511214413754,battery_cells_and_systems
2023-10-31,300073,True,False,0.017336240008304783,0.02147675776337729,0.021412273299112494,0.021410177592004646,0.0040739375836998624,0.6821401088707963,battery_materials
2023-10-31,300207,True,False,0.020554344440984113,0.01767301110451896,0.017933730313650614,0.017931975065827856,-0.002622369375156256,-0.24404326211038302,battery_cells_and_systems
2023-10-31,300274,True,False,0.10329077130696561,0.10791747392566407,0.11334665264470858,0.11333555894240616,0.010044787635440547,0.46154795728874204,power_equipment_and_energy_services
2023-10-31,300376,True,False,0.006643828506176684,0.007612736835816655,0.006647231840437348,0.006646581248563196,2.7527423865124703e-06,0.19755775553200966,power_equipment_and_energy_services
2023-10-31,300390,True,False,0.017751479289940825,0.01738450925482618,0.01533550686674287,0.01533400591771732,-0.0024174733722235053,-0.33917520726825,battery_materials
2023-10-31,300438,True,False,0.013287657012353368,0.009891935499676301,0.00991703646367976,0.009916065842601119,-0.003371591169752249,-0.7368864965059764,battery_cells_and_systems
2023-10-31,300450,True,False,0.033842001453337475,0.034729725197827556,0.03141534470508799,0.031412269956308435,-0.0024297314970290404,0.06068709456622218,industrial_equipment_and_components
2023-10-31,300568,True,False,0.01858195785321291,0.028486917649635304,0.02200903627158166,0.02200688215683135,0.0034249243036184387,0.562417576672896,battery_materials
2023-10-31,300750,True,False,0.10536696771514584,0.11175263274688928,0.12,0.11998825510727287,0.014621287392127036,0.6400033415270611,battery_cells_and_systems
2023-10-31,300763,True,False,0.017543859649122803,0.010625318932171364,0.012218695351197203,0.012217499457312493,-0.005326360191810309,-0.8374236671536524,power_equipment_and_energy_services
2023-10-31,300769,True,False,0.019620056057303017,0.009997735858796892,0.009607271875053365,0.009606331571906926,-0.010013724485396091,-1.9612616264396046,battery_materials
2023-10-31,300919,True,False,0.013599086473580399,0.01604044586364424,0.014604172001933423,0.014602742631653997,0.001003656158073598,0.2825414252719649,battery_materials
2023-10-31,600110,True,False,0.008616215093947886,0.009455781992532913,0.009248546470432424,0.009247641277214282,0.000631426183266396,0.28115840403888803,battery_materials
2023-10-31,600549,True,False,0.013806706114398421,0.01698013347374665,0.017748608088035675,0.01774687095888526,0.003940164844486839,0.7963894380159733,battery_materials
2023-10-31,600699,True,False,0.014325755216443473,0.01605101437219643,0.01435571069153092,0.014354305639180139,2.8550422736665568e-05,0.2792425932909864,industrial_equipment_and_components
2023-10-31,600884,True,False,0.014533374857261493,0.015263218514114076,0.0161304449193525,0.01612886616647568,0.0015954913092141865,0.3767010896648155,battery_materials
2023-10-31,603026,True,False,0.008097165991902832,0.006597233930598115,0.006525330117261194,0.006524691456409225,-0.0015724745354936077,-0.5378145419644657,battery_materials
2023-10-31,603659,True,False,0.03270009342883836,0.033042159936558436,0.0377305988031863,0.037726905954557355,0.005026812525718995,0.4876507515285452,battery_materials
2023-10-31,605117,True,False,0.022007681926710262,0.019261629686669345,0.020372608075751874,0.020370614124948363,-0.001637067801761899,-0.02446763700377083,power_equipment_and_energy_services
2023-10-31,688005,True,False,0.014429565036852483,0.013355942797673803,0.012876914781998625,0.012875654465475535,-0.0015539105713769479,-0.24644762259102826,battery_materials
2023-10-31,688006,True,False,0.0061247794041316295,0.006235548592054055,0.0063338322781817434,0.006333212360009586,0.00020843295587795636,0.36916728394850695,industrial_equipment_and_components
2023-10-31,688032,True,False,0.009758123118447003,0.006978794254541554,0.008477840468692807,0.00847701070763562,-0.0012811124108113824,-0.2057402585834116,power_equipment_and_energy_services
2023-10-31,688063,True,False,0.014429565036852483,0.012323151326272689,0.012773594415431197,0.012772344211296622,-0.0016572208255558607,-0.22582830339492488,battery_cells_and_systems
2023-10-31,688116,True,False,0.008823834734765909,0.008433664524843024,0.0072813677490520205,0.007280655091692693,-0.0015431796430732158,-0.47014457076342314,battery_materials
2023-10-31,688248,True,False,0.0026990553306342775,0.0023834514768079243,0.0025024850058298007,0.002502240077346928,-0.00019681525328734935,-0.019974321446006117,power_equipment_and_energy_services
2023-10-31,688390,True,False,0.014325755216443473,0.01357407355702664,0.01352178930739544,0.013520465874354655,-0.000805289342088818,0.031083392840097757,power_equipment_and_energy_services
2023-10-31,688499,True,False,0.002595245510225267,0.0,0.0014803669610179337,0.0014802220714249842,-0.0011150234388002827,-1.3306828995647932,industrial_equipment_and_components
2023-10-31,688567,True,False,0.01536385342053358,0.010485503702159234,0.011107677197142014,0.011106590043165948,-0.004257263377367633,-0.8165018003220499,battery_cells_and_systems
2023-10-31,688772,True,False,0.011003840963355131,0.01273619080960463,0.012219329865329023,0.01221813390934181,0.0012142929459866784,0.4181337638078908,battery_cells_and_systems
2023-10-31,688779,True,False,0.00913526419599294,0.008109871423012399,0.007487738098847887,0.007487005243175055,-0.0016482589528178842,-0.48939445184656394,battery_materials
2023-11-30,000009,True,False,0.021023484770792734,0.0313720530561717,0.025342787188747683,0.025340337535189997,0.004316852764397264,0.5655239892700299,battery_materials
2023-11-30,002050,True,False,0.05496872115680443,0.06735415326853093,0.0581939918374088,0.058188366760810926,0.0032196456040064977,0.3446362542444862,industrial_equipment_and_components
2023-11-30,002074,True,False,0.024817967387960205,0.026793014348289287,0.026087205094095574,0.026084683484523082,0.0012667160965628768,0.32932348386732213,battery_cells_and_systems
2023-11-30,002335,True,False,0.009845144087785867,0.009632873249130952,0.008997216456420112,0.008996346778466478,-0.0008487973093193896,-0.056351643382289984,power_equipment_and_energy_services
2023-11-30,002340,True,False,0.02994564660034868,0.03650336876518474,0.03566936495230474,0.03566591712369359,0.005720270523344909,0.531393112608597,battery_materials
2023-11-30,002407,True,False,0.017946877243359655,0.016480215870838068,0.017620491876394404,0.017618788665919104,-0.0003280885774405509,-0.020784327910442824,battery_materials
2023-11-30,002518,True,False,0.007794072402830478,0.00840730881770357,0.007294266827649585,0.007293561758134066,-0.0005005106446964117,0.011614371222297644,power_equipment_and_energy_services
2023-11-30,002709,True,False,0.03999589785663009,0.032987393030344446,0.034478128209232926,0.03447479552649361,-0.005521102330136481,-0.3924939661626124,battery_materials
2023-11-30,002812,True,False,0.043790380473797554,0.03340415545944114,0.03614797511545784,0.03614448102401536,-0.007645899449782195,-0.5163270507103301,battery_materials
2023-11-30,002850,True,False,0.015793251974156496,0.015514056225508492,0.014313543049872746,0.014312159491647913,-0.0014810924825085833,-0.09934846448604032,industrial_equipment_and_components
2023-11-30,300001,True,False,0.012716644446723411,0.013809823505582101,0.013435085801102276,0.013433787155239635,0.0007171427085162236,0.3579956162336847,power_equipment_and_energy_services
2023-11-30,300014,True,False,0.06245513280689159,0.05640259552816123,0.059084757654314445,0.05907904647559859,-0.0033760863312930003,0.028315481459428166,battery_cells_and_systems
2023-11-30,300035,True,False,0.007281304481591631,0.005856695182037248,0.006046256281991769,0.006045671846148089,-0.001235632635443542,-0.499405512956275,battery_materials
2023-11-30,300037,True,False,0.022869449287252586,0.027931565618110995,0.026735245048237773,0.026732660798618336,0.00386321151136575,0.4778861040615168,battery_materials
2023-11-30,300068,True,False,0.013844733873448877,0.012965502878364971,0.011904929743200883,0.011903779003415152,-0.0019409548700337256,-0.24447520633478836,battery_cells_and_systems
2023-11-30,300073,True,False,0.0171264485693775,0.020790476177548808,0.0219715307439844,0.021969406958701674,0.004842958389324175,0.7434372603345667,battery_materials
2023-11-30,300207,True,False,0.02030560968105835,0.017699713282766198,0.01798027670381417,0.017978538716257094,-0.0023270709648012568,-0.16067378886179778,battery_cells_and_systems
2023-11-30,300274,True,False,0.1020408163265306,0.11707659777446161,0.11227635020246725,0.11226549748296688,0.01022468115643628,0.4740921119544412,power_equipment_and_energy_services
2023-11-30,300376,True,False,0.006563429391857245,0.006933540032026873,0.007468770114486586,0.007468048177347383,0.0009046187854901376,0.5701636566953678,power_equipment_and_energy_services
2023-11-30,300390,True,False,0.017536662906368575,0.014200321629520493,0.01542462328943318,0.015423132333326598,-0.0021135305730419773,-0.3349990554352138,battery_materials
2023-11-30,300438,True,False,0.01312685878371449,0.009238308358373765,0.009338326830366466,0.00933742418041828,-0.003789434603296211,-0.7861358682918567,battery_cells_and_systems
2023-11-30,300450,True,False,0.03343246846477284,0.030673896315089228,0.03127949639183723,0.03127647289134188,-0.0021559955734309563,-0.008457220687281136,industrial_equipment_and_components
2023-11-30,300568,True,False,0.018357091580350732,0.02239410272562752,0.021185729958944487,0.021183682129777965,0.0028265905494272332,0.44111769491469077,battery_materials
2023-11-30,300750,True,False,0.104091888011486,0.11280073772263596,0.11781744472252062,0.11780605639650611,0.013714168385020112,0.5407084483685648,battery_cells_and_systems
2023-11-30,300763,True,False,0.017331555737873035,0.012700103486399607,0.011585071852109146,0.01158395203003641,-0.005747603707836625,-0.9499197498824281,power_equipment_and_energy_services
2023-11-30,300769,True,False,0.019382627422828428,0.008246919864946566,0.009591924802408159,0.009590997639482382,-0.009791629783346046,-1.9782248966219587,battery_materials
2023-11-30,300919,True,False,0.013434519536457799,0.013790197488341637,0.014994491723515704,0.014993042344261458,0.0015585228078036587,0.34552774460070734,battery_materials
2023-11-30,600110,True,False,0.008511947492564865,0.009613091177398472,0.009087664667763477,0.009086786247015253,0.0005748387544503887,0.2186469215055845,battery_materials
2023-11-30,600549,True,False,0.013639626704953339,0.018804535850051686,0.017766625150824583,0.017764907814993104,0.004125281110039765,0.7869196984883149,battery_materials
2023-11-30,600699,True,False,0.014152394626192184,0.015641884460588173,0.014647449835742904,0.014646034001827957,0.0004936393756357731,0.2799636063873093,industrial_equipment_and_components
2023-11-30,600884,True,False,0.014357501794687722,0.016081145946165436,0.01625247477955598,0.016250903802679274,0.0018934020079915525,0.38586258711717236,battery_materials
2023-11-30,603026,True,False,0.007999179571326018,0.006385382501612615,0.006624144612294507,0.0066235043173145085,-0.0013756752540115096,-0.5072540695369608,battery_materials
2023-11-30,603659,True,False,0.03230437903804738,0.036185004985845766,0.03310935839287538,0.033106158016493116,0.0008017789784457371,0.10197804922878932,battery_materials
2023-11-30,605117,True,False,0.021741359860527124,0.019414231390700566,0.019099992188050897,0.019098145967922593,-0.0026432138926045304,-0.1691087587990594,power_equipment_and_energy_services
2023-11-30,688005,True,False,0.014254948210439954,0.01186523266230771,0.012887459923419593,0.01288621421150102,-0.0013687339989389338,-0.256486862032051,battery_materials
2023-11-30,688006,True,False,0.006050661470618397,0.006425598878218349,0.006866718925841103,0.006866055183438934,0.0008153937128205372,0.5432108200397149,industrial_equipment_and_components
2023-11-30,688032,True,False,0.009640036919290327,0.008831918094551739,0.008373583166060398,0.008372773768986567,-0.0012672631503037601,-0.20143766041983185,power_equipment_and_energy_services
2023-11-30,688063,True,False,0.014254948210439954,0.011944280402704057,0.013274788065597024,0.013273504914238407,-0.0009814432962015462,-0.016718164267929436,battery_cells_and_systems
2023-11-30,688116,True,False,0.008717054661060404,0.007442734804889423,0.007543041997119955,0.007542312880802702,-0.0011747417802577022,-0.3816485080773909,battery_materials
2023-11-30,688248,True,False,0.0026663931904420055,0.0025704849619830293,0.0023833389496533326,0.002383108574253275,-0.00028328461618873065,-0.11967661588345586,power_equipment_and_energy_services
2023-11-30,688390,True,False,0.014152394626192184,0.013074861878114024,0.013578171432052456,0.013576858955421229,-0.0005755356707709547,0.08262867226125015,power_equipment_and_energy_services
2023-11-30,688499,True,False,0.0025638396061942363,0.0014876604445877312,0.001660137258035837,0.001659976787874836,-0.0009038628183194004,-1.0600049954981643,industrial_equipment_and_components
2023-11-30,688567,True,False,0.01517793046866988,0.012348826842337441,0.010536412232129885,0.010535393774313173,-0.004642536694356707,-0.8560562474884805,battery_cells_and_systems
2023-11-30,688772,True,False,0.010870679930263562,0.013074199176354806,0.01203759103106179,0.0120364274681326,0.0011657475378690375,0.47814721820719863,battery_cells_and_systems
2023-11-30,688778,True,False,0.00748641165008717,0.0,0.008465284953127851,0.008464466692087825,0.000978055042000655,0.38275253775776436,battery_materials
2023-11-30,688779,True,False,0.009024715413803713,0.00684923588045083,0.008041551598492269,0.00804077429584849,-0.0009839411179552223,-0.2979028139887906,battery_materials
2023-11-30,688819,True,False,0.004614911291149625,0.0,0.005498928367981718,0.005498396837280704,0.0008834855461310786,0.6875646433423449,battery_cells_and_systems
2023-12-29,000009,True,False,0.021182062409588753,0.02522895412678143,0.027331666570866386,0.027329625652020684,0.00614756324243193,0.7761871872857692,battery_materials
2023-12-29,002050,True,False,0.0553833436660467,0.05864331503752384,0.059282943617948836,0.05927851682324369,0.0038951731571969933,0.4637825537197192,industrial_equipment_and_components
2023-12-29,002074,True,False,0.025005166356685263,0.025100571149145937,0.025091573350782194,0.025089699704885515,8.45333482002511e-05,0.24117060369246268,battery_cells_and_systems
2023-12-29,002335,True,False,0.009919404835709855,0.00880101528956497,0.008959718002272096,0.00895904895937727,-0.0009603558763325859,0.012672965653454327,power_equipment_and_energy_services
2023-12-29,002340,True,False,0.030171523041950813,0.0342294742949244,0.03517191835853155,0.035169291989926056,0.004997768947975243,0.48607095831104935,battery_materials
2023-12-29,002407,True,False,0.018082248398429427,0.017734640950477446,0.016997474808285926,0.01699620556747415,-0.0010860428309552757,-0.1288220664762677,battery_materials
2023-12-29,002518,True,False,0.007852862161603637,0.007856847858316994,0.006866523073722225,0.00686601033454076,-0.000986851827062877,-0.08009333974890848,power_equipment_and_energy_services
2023-12-29,002709,True,False,0.040297582145071294,0.035419882397698645,0.03458872523226331,0.0345861424120393,-0.005711439733031995,-0.3885260879658347,battery_materials
2023-12-29,002812,True,False,0.04412068609216779,0.03458457880850265,0.03905904543940583,0.03905612881001824,-0.005064557282149551,-0.3002147730775725,battery_materials
2023-12-29,002850,True,False,0.015912378590617896,0.013610064343937881,0.013163139200139524,0.013162156278048311,-0.002750222312569585,-0.2725485635486752,industrial_equipment_and_components
2023-12-29,300001,True,False,0.012812564579458565,0.01396386874081108,0.013728046527502922,0.013727021422473194,0.0009144568430146296,0.5005857783879983,power_equipment_and_energy_services
2023-12-29,300014,True,False,0.0629262244265344,0.0585827379621857,0.059650230537727854,0.05964577631685774,-0.003280448109676655,0.07995421605650602,battery_cells_and_systems
2023-12-29,300035,True,False,0.00733622649307708,0.005615209448086026,0.006399552683501947,0.00639907481408107,-0.0009371516789960102,-0.34233485024202315,battery_materials
2023-12-29,300037,True,False,0.023041950816284355,0.028080992639008335,0.02711232450298603,0.027110299962920557,0.004068349146636202,0.5127062014183709,battery_materials
2023-12-29,300068,True,False,0.013949163050216987,0.011621362322347003,0.011930945760627972,0.011930054849274771,-0.0020191082009422164,-0.21786128027673204,battery_cells_and_systems
2023-12-29,300073,True,False,0.017255631328786936,0.020317069837167384,0.021319618568621235,0.02131802658332436,0.004062395254537426,0.6521825203632134,battery_materials
2023-12-29,300207,True,False,0.020458772473651576,0.017295964835506578,0.01944429601223951,0.019442844061621355,-0.0010159284120302217,0.08530887096077377,battery_cells_and_systems
2023-12-29,300274,True,False,0.10281049803678444,0.11716848454892066,0.11723768163600128,0.1172289272267794,0.01441842918999496,0.6786207667947595,power_equipment_and_energy_services
2023-12-29,300376,True,False,0.006612936557139904,0.0073688522683323385,0.0073442486242777365,0.007343700212222952,0.0007307636550830474,0.6030704176898232,power_equipment_and_energy_services
2023-12-29,300390,True,False,0.017668939863608183,0.016082991361976766,0.0158862529772453,0.015885066713941347,-0.0017838731496668363,-0.25592941469354924,battery_materials
2023-12-29,300438,True,False,0.013225873114279809,0.009522712287243515,0.009025154948981332,0.009024481019758135,-0.0042013920945216734,-0.8648399053117122,battery_cells_and_systems
2023-12-29,300450,True,False,0.03368464558793138,0.030342635650751546,0.03210852809300645,0.0321061304748472,-0.0015785151130841835,0.13246363597294297,industrial_equipment_and_components
2023-12-29,300568,True,False,0.018495556933250668,0.021646491687097896,0.0209592240066587,0.02095765893285848,0.002462101999607811,0.4052114678131595,battery_materials
2023-12-29,300750,True,False,0.10487704071089067,0.11417322573170977,0.12,0.11999103932206807,0.015113998611177404,0.6231055868148071,battery_cells_and_systems
2023-12-29,300763,True,False,0.017462285596197558,0.012043899031488236,0.011827111458942208,0.011826228301136804,-0.0056360572950607535,-0.8098631180406932,power_equipment_and_energy_services
2023-12-29,300769,True,False,0.01952882827030378,0.008982721524263687,0.009804062279414336,0.00980333018737675,-0.00972549808292703,-1.920868782573482,battery_materials
2023-12-29,300919,True,False,0.013535854515395742,0.014851475787975662,0.014859879465643143,0.014858769844026487,0.001322915328630745,0.3145685036756559,battery_materials
2023-12-29,600110,True,False,0.008576152097540814,0.008611338987198784,0.008911220225354542,0.008910554803901042,0.00033440270636022826,0.1574361392412933,battery_materials
2023-12-29,600549,True,False,0.013742508782806365,0.0176012537060219,0.01784919508410056,0.017847862243363124,0.0041053534605567585,0.7949678098388926,battery_materials
2023-12-29,600699,True,False,0.014259144451332919,0.013264050174758823,0.015362416279984874,0.015361269132780365,0.0011021246814474465,0.4823047904485369,industrial_equipment_and_components
2023-12-29,600884,True,False,0.014465798718743539,0.01642409557325699,0.015764697358656612,0.015763520172192236,0.001297721453448697,0.29360610357933264,battery_materials
2023-12-29,603026,True,False,0.008059516429014259,0.006187195790405921,0.006632855186699314,0.006632359896040172,-0.0014271565329740873,-0.5086798459388159,battery_materials
2023-12-29,603659,True,False,0.03254804711717297,0.029931511753002994,0.032912238786061955,0.03290978115296379,0.0003617340357908172,0.07972681651358848,battery_materials
2023-12-29,605117,True,False,0.021905352345525934,0.02519424670843441,0.017587349561251856,0.01758603627312607,-0.004319316072399864,-0.32387208921676613,power_equipment_and_energy_services
2023-12-29,688005,True,False,0.014362471585038228,0.013030299722291618,0.013090773534907287,0.013089796016527903,-0.0012726755685103248,-0.21694956658054676,battery_materials
2023-12-29,688006,True,False,0.006096300888613349,0.006727918334982325,0.006485344487299126,0.006484860211605557,0.00038855932299220776,0.44612568873134634,industrial_equipment_and_components
2023-12-29,688032,True,False,0.009712750568299233,0.010027413024122356,0.007546809516416624,0.007546245978670872,-0.0021665045896283614,-0.4174974376075366,power_equipment_and_energy_services
2023-12-29,688063,True,False,0.014362471585038228,0.013684303692247561,0.012924797755853826,0.01292383263127028,-0.0014386389537679473,-0.07229356385075408,battery_cells_and_systems
2023-12-29,688116,True,False,0.008782806364951436,0.007600186401486778,0.008058910663699419,0.008058308886174924,-0.0007244974787765125,-0.19782585515340578,battery_materials
2023-12-29,688248,True,False,0.002686505476338086,0.002237100582034916,0.00231833993675563,0.002318166820943047,-0.00036833865539503876,-0.11778469130558153,power_equipment_and_energy_services
2023-12-29,688390,True,False,0.014259144451332919,0.016300838976793186,0.0126184762712476,0.012617534020398781,-0.0016416104309341373,-0.045839252606552805,power_equipment_and_energy_services
2023-12-29,688499,True,False,0.0025831783426327752,0.00153105406344589,0.001516619848796238,0.0015165065992794862,-0.001066671743353289,-1.252128105323868,industrial_equipment_and_components
2023-12-29,688567,True,False,0.015292415788386029,0.009090095307612914,0.010079090224083325,0.010078337595072118,-0.0052140781933139105,-0.963378965244245,battery_cells_and_systems
2023-12-29,688772,True,False,0.010952676172762967,0.012400093523143719,0.012431943502397782,0.012431015180382842,0.0014783390076198756,0.5908157598765567,battery_cells_and_systems
2023-12-29,688778,False,True,0.0,0.008345055509710103,0.0,0.0,0.0,0.38275253775776436,battery_materials
2023-12-29,688779,True,False,0.009092787766067369,0.007800370014951535,0.007637543436346493,0.0076369731232887915,-0.0014558146427785775,-0.4503589006459232,battery_materials
2023-12-29,688819,True,False,0.0046497210167389955,0.0051415382323509885,0.005121492602491198,0.0051211101687766835,0.000471389152037688,0.4980186772823355,battery_cells_and_systems
2024-01-31,000009,True,False,0.020875763747454174,0.03090603150157086,0.02770071038807757,0.027697063566482875,0.006821299819028702,0.8807181180935365,battery_materials
2024-01-31,001301,True,False,0.003971486761710795,0.0,0.003954572585393729,0.003954051962619072,-1.743479909172268e-05,0.06032611602276199,battery_materials
2024-01-31,002050,True,False,0.05458248472505092,0.052050293971037116,0.059244985022573735,0.05923718537094997,0.004654700645899047,0.5180348546039932,industrial_equipment_and_components
2024-01-31,002074,True,False,0.024643584521384928,0.026825790495813583,0.02548828211942027,0.02548492656584989,0.0008413420444649614,0.3199412864866372,battery_cells_and_systems
2024-01-31,002335,True,False,0.009775967413441954,0.008363390155515068,0.008678202117281049,0.008677059624744177,-0.0010989077886977769,-0.09353897410100184,power_equipment_and_energy_services
2024-01-31,002340,True,False,0.029735234215885947,0.035631771448310826,0.03326086219387817,0.033256483373667156,0.003521249157781209,0.3926595876797076,battery_materials
2024-01-31,002407,True,False,0.017820773930753566,0.016665175630770968,0.017183164501583987,0.01718090232366538,-0.0006398716070881855,-0.031578903099401645,battery_materials
2024-01-31,002518,True,False,0.007739307535641548,0.0061069913897111,0.006984432160929144,0.006983512654617777,-0.0007557948810237702,-0.046441350015300226,power_equipment_and_energy_services
2024-01-31,002709,True,False,0.03971486761710794,0.03166688723376073,0.03550183619061259,0.03549716234430838,-0.004217705272799563,-0.24788302536528356,battery_materials
2024-01-31,002812,True,False,0.04348268839103869,0.03590282405871931,0.03971311527427749,0.03970788700957431,-0.003774801381464382,-0.18656931164369364,battery_materials
2024-01-31,002850,True,False,0.015682281059063136,0.012950201264607138,0.012679257475651132,0.012677588240843826,-0.00300469281821931,-0.3234856842151408,industrial_equipment_and_components
2024-01-31,300001,True,False,0.012627291242362525,0.014154409712521007,0.013946001483178828,0.01394416548046785,0.0013168742381053245,0.5305898366782765,power_equipment_and_energy_services
2024-01-31,300014,True,False,0.0620162932790224,0.060429733423176306,0.060929005681422344,0.060920984327076204,-0.0010953089519461987,0.17311266207246198,battery_cells_and_systems
2024-01-31,300035,True,False,0.0072301425661914455,0.006015413918573529,0.006311421811988397,0.006310590908050024,-0.0009195516581414218,-0.31575896613792176,battery_materials
2024-01-31,300037,True,False,0.02270875763747454,0.02620313370187481,0.027389380013552178,0.027385774178860598,0.004677016541386057,0.6079623936877765,battery_materials
2024-01-31,300068,True,False,0.013747454175152751,0.01141278176299939,0.011524885714613011,0.011523368453809529,-0.002224085721343222,-0.2801935746781362,battery_cells_and_systems
2024-01-31,300073,True,False,0.0170061099796334,0.021815472999163237,0.01996834690535163,0.019965718055849773,0.0029596080762163725,0.531308040981659,battery_materials
2024-01-31,300207,True,False,0.02016293279022403,0.01889723183456242,0.02020367532593208,0.020201015495247648,3.808270502361766e-05,0.2294167390018961,battery_cells_and_systems
2024-01-31,300274,True,False,0.10132382892057026,0.1289718243614453,0.11343067325621883,0.11341574001360749,0.012091911093037228,0.5692693697394566,power_equipment_and_energy_services
2024-01-31,300376,True,False,0.006517311608961304,0.0077237085381822715,0.007637749700876947,0.007636744184767294,0.0011194325758059906,0.700043164363485,power_equipment_and_energy_services
2024-01-31,300390,True,False,0.017413441955193485,0.015159680378863569,0.01652558988773298,0.016523414280059986,-0.0008900276751334993,-0.07700060950775336,battery_materials
2024-01-31,300438,True,False,0.013034623217922607,0.007889893599046068,0.009261570058601676,0.009260350765189438,-0.003774272452733169,-0.7527380633425961,battery_cells_and_systems
2024-01-31,300450,True,False,0.03319755600814664,0.03061830437288775,0.031671372744961304,0.03166720318236013,-0.0015303528257865073,0.14937442312056834,industrial_equipment_and_components
2024-01-31,300568,True,False,0.018228105906313644,0.018177795708439762,0.021442289216630984,0.021439466321396188,0.0032113604150825446,0.5365215985706466,battery_materials
2024-01-31,300750,True,False,0.10336048879837068,0.13695991064178056,0.1151075897127792,0.11509243570271965,0.011731946904348978,0.5312049024861815,battery_cells_and_systems
2024-01-31,300763,True,False,0.01720977596741344,0.012416445101953144,0.01140092545401416,0.011399424512682233,-0.005810351454731208,-0.9297400291385325,power_equipment_and_energy_services
2024-01-31,300769,True,False,0.01924643584521385,0.008202583362004164,0.009302744240622187,0.009301519526594592,-0.009944916318619258,-2.004669457701358,battery_materials
2024-01-31,300919,True,False,0.013340122199592668,0.01619116488732146,0.014896702087891076,0.014894740924653644,0.0015546187250609755,0.38784511547995204,battery_materials
2024-01-31,301238,True,False,0.0036659877800407333,0.0,0.003912117041853377,0.003911602008386389,0.00024561422834565565,0.2581799794056131,battery_materials
2024-01-31,600110,True,False,0.008452138492871691,0.008409446703674677,0.008619378082140621,0.00861824333383697,0.00016610484096527857,0.12850167803385443,battery_materials
2024-01-31,600549,True,False,0.01354378818737271,0.019475415451035025,0.01801318817054632,0.018010816719320363,0.004467028531947652,0.8873094265792568,battery_materials
2024-01-31,600699,True,False,0.01405295315682281,0.01518244936935531,0.014563847471884817,0.014561930129234818,0.0005089769724120081,0.3858679909098132,industrial_equipment_and_components
2024-01-31,600884,True,False,0.01425661914460285,0.014199089992406546,0.015112421931750056,0.015110432368815504,0.0008538132242126538,0.23907968289256287,battery_materials
2024-01-31,603026,True,False,0.00794297352342159,0.006145925062052732,0.0061550394676364185,0.006154229151563931,-0.0017887443718576585,-0.6560982686227419,battery_materials
2024-01-31,603659,True,False,0.03207739307535642,0.03181554882182596,0.030681865310397374,0.03067782601727413,-0.0013995670580822898,-0.05456458222881125,battery_materials
2024-01-31,605117,True,False,0.021588594704684317,0.017410603288386305,0.017492442955479106,0.017490140060794447,-0.00409845464388987,-0.35434898599123676,power_equipment_and_energy_services
2024-01-31,688005,True,False,0.01415478615071283,0.011522548558981313,0.01310258113903379,0.01310085617331361,-0.001053929977399221,-0.14817550719578815,battery_materials
2024-01-31,688006,True,False,0.006008146639511202,0.006742728033820649,0.006389693948391063,0.006388852739860737,0.0003807061003495357,0.4597547218206119,industrial_equipment_and_components
2024-01-31,688032,True,False,0.009572301425661914,0.00642828129514192,0.008024175970003333,0.008023119580553493,-0.001549181845108421,-0.25725893967066127,power_equipment_and_energy_services
2024-01-31,688063,True,False,0.01415478615071283,0.011957306965548795,0.012459670695060735,0.012458030369035988,-0.0016967557816768425,-0.1407956980374605,battery_cells_and_systems
2024-01-31,688116,True,False,0.008655804480651732,0.0063447442355494075,0.008277286090764502,0.008276196379156447,-0.00037960810149528443,-0.05523670697851857,battery_materials
2024-01-31,688248,True,False,0.0026476578411405295,0.002380643465418293,0.0022782189031099937,0.0022779189736938554,-0.00036973886744667405,-0.18259260934924176,power_equipment_and_energy_services
2024-01-31,688390,True,False,0.01405295315682281,0.011090702189338206,0.013182167815609406,0.013180432372236964,-0.0008725207845858458,0.06401851748475801,power_equipment_and_energy_services
2024-01-31,688499,True,False,0.0025458248472505093,0.001307600563099176,0.001520089772383167,0.0015198896512985398,-0.0010259351959519694,-1.1895463062398468,industrial_equipment_and_components
2024-01-31,688567,True,False,0.015071283095723016,0.009168453696674957,0.009571895733298239,0.009570635585252455,-0.005500647510470561,-1.073378977688519,battery_cells_and_systems
2024-01-31,688707,True,False,0.006822810590631365,0.0,0.005072254349832331,0.005071586583322461,-0.0017512240073089044,-0.7745828431868931,battery_materials
2024-01-31,688772,True,False,0.010794297352342158,0.009317361030780624,0.012053479737037675,0.01205189288639087,0.0012575955340487117,0.5388932973788148,battery_cells_and_systems
2024-01-31,688779,True,False,0.008961303462321792,0.007227508300138036,0.007210668760000013,0.007209719469451945,-0.0017515839928698472,-0.5484910059763669,battery_materials
2024-01-31,688819,True,False,0.004582484725050917,0.005564776250593396,0.004968173327741078,0.0049675192635844564,0.0003850345385335392,0.45453742632071936,battery_cells_and_systems
2024-02-29,000009,True,False,0.02072172243000101,0.027248564443366687,0.026278576524913305,0.026276173085772382,0.005554450655771374,0.7167739150876917,battery_materials
2024-02-29,001301,True,False,0.003942181340341656,0.0038762862553906657,0.004279206020818662,0.004278814644549374,0.0003366333042077174,0.27237902882517595,battery_materials
2024-02-29,002050,True,False,0.05417972303649045,0.06276389289881397,0.053413305602411504,0.053408420420399866,-0.0007713026160905828,0.06870884111935709,industrial_equipment_and_components
2024-02-29,002074,True,False,0.02446174062468412,0.02408098596278384,0.028529057251143793,0.02852644798299009,0.004064707358305969,0.5083197501624983,battery_cells_and_systems
2024-02-29,002335,True,False,0.00970383099161023,0.009251247756042299,0.008745908533631696,0.008745108632660167,-0.0009587223589500628,-0.058230640877250994,power_equipment_and_energy_services
2024-02-29,002340,True,False,0.029515819266147783,0.035368387994178865,0.029904291359672493,0.029901556312579385,0.0003857370464316022,0.07535718443845957,battery_materials
2024-02-29,002407,True,False,0.017689275245122815,0.01670495966474037,0.016715641900734723,0.016714113087788106,-0.0009751621573347094,-0.12375494035255544,battery_materials
2024-02-29,002518,True,False,0.007682199535024766,0.007259479478118063,0.007051966115366682,0.007051321142403018,-0.0006308783926217473,-0.005844024074603139,power_equipment_and_energy_services
2024-02-29,002709,True,False,0.03942181340341656,0.03501975200979676,0.035237305015819086,0.03523408221118903,-0.004187731192227526,-0.2826131232514686,battery_materials
2024-02-29,002812,True,False,0.043161831598099665,0.03829082739618884,0.039865424222236226,0.039861778129729866,-0.0033000534683697985,-0.1889937224883999,battery_materials
2024-02-29,002850,True,False,0.015566562215708077,0.012210214980698084,0.013259243953008917,0.01325803126228857,-0.002308530953419508,-0.3489578984295517,industrial_equipment_and_components
2024-02-29,300001,True,False,0.01253411503082988,0.014665634077870741,0.013299708350366986,0.013298491958772037,0.000764376927942156,0.40812003754944826,power_equipment_and_energy_services
2024-02-29,300014,True,False,0.06155867785302739,0.059915090127921934,0.0643559774417893,0.0643500914427897,0.002791413589762315,0.19582305632814867,battery_cells_and_systems
2024-02-29,300035,True,False,0.007176791670878399,0.006270672965594421,0.006709844835299316,0.0067092311527548526,-0.00046756051812354635,-0.15422065066525614,battery_materials
2024-02-29,300037,True,False,0.02254119074092793,0.02674647195812269,0.026978134376402032,0.02697566695568585,0.0044344762147579195,0.5513764329306885,battery_materials
2024-02-29,300068,True,False,0.013646012331951887,0.011852083703116469,0.012604532612860372,0.012603379802052447,-0.0010426325298994402,-0.15797651380304553,battery_cells_and_systems
2024-02-29,300073,True,False,0.016880622662488628,0.01953091749674404,0.019804543858530373,0.01980273253454817,0.0029221098720595418,0.4944125992817316,battery_materials
2024-02-29,300207,True,False,0.020014151420196098,0.02197802366638486,0.02146957591724571,0.021467612309397713,0.0014534608892016153,0.26941813376730117,battery_cells_and_systems
2024-02-29,300274,True,False,0.10057616496512685,0.1126589289654936,0.11126955340172305,0.1112593766861165,0.010683211720989655,0.5274125761771258,power_equipment_and_energy_services
2024-02-29,300376,True,False,0.006469220661073487,0.007394110607717989,0.008041129724676925,0.00804039428278953,0.0015711736217160436,0.8601942150953976,power_equipment_and_energy_services
2024-02-29,300390,True,False,0.017284948953805723,0.01715210374320013,0.016056334409739848,0.016054865897069705,-0.0012300830567360185,-0.1726665557847199,battery_materials
2024-02-29,300438,True,False,0.012938441322146974,0.009357270392473594,0.010097869921886783,0.010096946370499316,-0.002841494951647658,-0.6393692656536762,battery_cells_and_systems
2024-02-29,300450,True,False,0.03295259274234307,0.032317889053106424,0.03368921093099155,0.03368612971507784,0.0007335369727347676,0.172578932188543,industrial_equipment_and_components
2024-02-29,300568,True,False,0.018093601536439907,0.021570600268228254,0.021134387914417397,0.02113245496287092,0.003038853426431013,0.4818356856881908,battery_materials
2024-02-29,300750,True,False,0.10259779642171234,0.11084272851604131,0.10159508225215438,0.10158579036387501,-0.001012006057837328,0.040793593215440155,battery_cells_and_systems
2024-02-29,300763,True,False,0.017082785808147174,0.011103919013403846,0.012184438175987649,0.012183323787025425,-0.004899462021121749,-0.726736184120352,power_equipment_and_energy_services
2024-02-29,300769,True,False,0.01910441726473264,0.008562925960266617,0.008542537137960642,0.008541755837341078,-0.010562661427391562,-2.2616061132451684,battery_materials
2024-02-29,300919,True,False,0.013241686040634793,0.01447776194172778,0.01672918896282049,0.0167276589108593,0.0034859728702245074,0.7059558159896651,battery_materials
2024-02-29,301238,True,False,0.003638936621853836,0.0038290218775385272,0.0041801494578382675,0.004179767141284236,0.0005408305194304001,0.434156816840811,battery_materials
2024-02-29,600110,True,False,0.008389770544829677,0.008423563996822,0.008793594894431059,0.008792790632064007,0.0004030200872343296,0.17231376787715208,battery_materials
2024-02-29,600549,True,False,0.013443849186293341,0.01769465881961953,0.017666635395087556,0.017665019604256694,0.004221170417963353,0.8184444273128294,battery_materials
2024-02-29,600699,True,False,0.013949257050439706,0.015009771037612009,0.01580412136894687,0.015802675923686546,0.0018534188732468402,0.46611268270271367,industrial_equipment_and_components
2024-02-29,600884,True,False,0.01415142019609825,0.015465325414320401,0.014932566565922272,0.014931200833081875,0.0007797806369836246,0.19151115366259489,battery_materials
2024-02-29,603026,True,False,0.007884362680683312,0.006013085477830024,0.0066390899180853264,0.006638482706787024,-0.0012458799738962884,-0.45316317181370036,battery_materials
2024-02-29,603659,True,False,0.03184069544122107,0.031218664177758485,0.032098828195300425,0.032095892435823906,0.0002551969946028368,0.06106773946682076,battery_materials
2024-02-29,605117,True,False,0.021429293439805923,0.01934423295777861,0.018474751712624096,0.01847306201145848,-0.0029562314283474445,-0.18514221349642535,power_equipment_and_energy_services
2024-02-29,688005,True,False,0.014050338623268977,0.012743924043756238,0.012692064585371234,0.01269090376888733,-0.0013594348543816467,-0.2524861364748007,battery_materials
2024-02-29,688006,True,False,0.00596381279692712,0.006454065502498501,0.007282163562828038,0.007281497536001169,0.0013176847390740489,0.6800369679844696,industrial_equipment_and_components
2024-02-29,688032,True,False,0.009501667845951682,0.008905654923542047,0.007853179106558294,0.007852460854638236,-0.0016492069913134465,-0.3056996526476884,power_equipment_and_energy_services
2024-02-29,688063,True,False,0.014050338623268977,0.011824673528685275,0.014025212464807712,0.014023929718591769,-2.640890467720848e-05,0.06374052950724773,battery_cells_and_systems
2024-02-29,688116,True,False,0.008591933690488225,0.00844235154004299,0.00794175546632827,0.007941029113212554,-0.0006509045772756707,-0.18682883200631625,battery_materials
2024-02-29,688248,True,False,0.002628120893561104,0.002693962285103178,0.002060402694845836,0.002060214250373657,-0.0005679066431874468,-0.4566103402427645,power_equipment_and_energy_services
2024-02-29,688390,True,False,0.013949257050439706,0.013672838138396108,0.012575618405789586,0.012574468239475625,-0.0013747888109640807,-0.057463773362885884,power_equipment_and_energy_services
2024-02-29,688499,True,False,0.002527039320731831,0.0014297133225302514,0.001690941744453365,0.0016907870908871876,-0.0008362522298446433,-1.0384795255655308,industrial_equipment_and_components
2024-02-29,688567,True,False,0.01496007277873244,0.009564792945554108,0.009723448287975608,0.00972255898119836,-0.00523751379753408,-1.162129822593339,battery_cells_and_systems
2024-02-29,688707,True,False,0.006772465379561306,0.004744033221460789,0.005322790431735584,0.005322303609214949,-0.0014501617703463572,-0.6501946094721857,battery_materials
2024-02-29,688772,True,False,0.010714646719902961,0.011819170099330058,0.011673511735431212,0.011672444075811582,0.0009577973559086201,0.31374212855569783,battery_cells_and_systems
2024-02-29,688778,True,False,0.007378954816536946,0.0,0.007820518900185577,0.007819803635368655,0.00044084881883170966,0.20405225633949609,battery_materials
2024-02-29,688779,True,False,0.008895178408976044,0.006987126030423325,0.0074903973931983135,0.007489712321301104,-0.0014054660876749404,-0.4531089681867353,battery_materials
2024-02-29,688819,True,False,0.004548670777317296,0.005247639361864452,0.005416280987645596,0.005415785614476825,0.0008671148371595288,0.567638410513723,battery_cells_and_systems
2024-03-29,000009,True,False,0.02072172243000101,0.022533537280996174,0.028923727173193362,0.028919520583340925,0.008197798153339916,0.9991012419466792,battery_materials
2024-03-29,001301,True,False,0.003942181340341656,0.004183595723482459,0.0041610165467140595,0.004160411379548832,0.0002182300392071755,0.20065973307904933,battery_materials
2024-03-29,002050,True,False,0.05417972303649045,0.04896296484198277,0.05653088274443145,0.05652266104339417,0.0023429380069037234,0.28739335167718716,industrial_equipment_and_components
2024-03-29,002074,True,False,0.02446174062468412,0.028101873341943032,0.028082151098324064,0.02807806690505473,0.0036163262803706117,0.4828043326025837,battery_cells_and_systems
2024-03-29,002335,True,False,0.00970383099161023,0.009697236020065924,0.007764857475555099,0.007763728175362676,-0.001940102816247554,-0.35375278679619265,power_equipment_and_energy_services
2024-03-29,002340,True,False,0.029515819266147783,0.03372849911112914,0.028766837867216916,0.02876265409492733,-0.0007531651712204546,-0.027135415481518335,battery_materials
2024-03-29,002407,True,False,0.017689275245122815,0.017259828521602166,0.015988714778088838,0.01598638942199153,-0.0017028858231312866,-0.24248480233834496,battery_materials
2024-03-29,002518,True,False,0.007682199535024766,0.006817777845464997,0.006965341070706676,0.006964328050050959,-0.0007178714849738069,0.0032567124586886514,power_equipment_and_energy_services
2024-03-29,002709,True,False,0.03942181340341656,0.03653433195279747,0.032730737819198795,0.03272597754785657,-0.006695835855559988,-0.4851398919210405,battery_materials
2024-03-29,002812,True,False,0.043161831598099665,0.03474705584879824,0.04332830066377144,0.043321999111111786,0.00016016751301212162,0.05730042680017372,battery_materials
2024-03-29,002850,True,False,0.015566562215708077,0.01435689628566909,0.013147600462487485,0.013145688310489985,-0.002420873905218092,-0.31651024767711106,industrial_equipment_and_components
2024-03-29,300001,True,False,0.01253411503082988,0.012448406941030929,0.013439493965242416,0.013437539361031226,0.0009034243302013453,0.48240780504336744,power_equipment_and_energy_services
2024-03-29,300014,True,False,0.06155867785302739,0.06332687336013382,0.0644851155380522,0.06447573699458058,0.0029170591415531855,0.221146351110883,battery_cells_and_systems
2024-03-29,300035,True,False,0.007176791670878399,0.0064448328214583355,0.007186928685754044,0.007185883437985712,9.091767107312701e-06,0.05033481376638249,battery_materials
2024-03-29,300037,True,False,0.02254119074092793,0.02196130209543796,0.026549611948748747,0.02654575064389198,0.004004559902964052,0.5139328752779896,battery_materials
2024-03-29,300068,True,False,0.013646012331951887,0.011903636469211798,0.012472432679940464,0.012470618722547198,-0.0011753936094046884,-0.1684825568506557,battery_cells_and_systems
2024-03-29,300073,True,False,0.016880622662488628,0.021456167633167666,0.018766097351211434,0.01876336805998922,0.0018827453975005931,0.34883212334152347,battery_materials
2024-03-29,300207,True,False,0.020014151420196098,0.020144463441087036,0.023153867242480256,0.02315049980569026,0.0031363483854941615,0.5047995647885013,battery_cells_and_systems
2024-03-29,300274,True,False,0.10057616496512685,0.12748998897610453,0.11282827194970593,0.11281186250630988,0.012235697541183033,0.6115737792348043,power_equipment_and_energy_services
2024-03-29,300376,True,False,0.006469220661073487,0.00785867752593017,0.0075120446351678695,0.00751095210340168,0.001041731442328193,0.7101463278721358,power_equipment_and_energy_services
2024-03-29,300390,True,False,0.017284948953805723,0.01339620391904008,0.017209738702443543,0.017207235763878427,-7.77131899272962e-05,0.0338429051670269,battery_materials
2024-03-29,300438,True,False,0.012938441322146974,0.011539352454673897,0.008716487118007476,0.008715219415334168,-0.004223221906812806,-1.0400825723507165,battery_cells_and_systems
2024-03-29,300450,True,False,0.03295259274234307,0.03453109039193649,0.03145199882315719,0.031447424528209096,-0.0015051682141339756,0.0328568669553527,industrial_equipment_and_components
2024-03-29,300568,True,False,0.018093601536439907,0.018386861409469196,0.02293395029456203,0.02293061484190727,0.004837013305467364,0.7236162815454263,battery_materials
2024-03-29,300750,True,False,0.10259779642171234,0.11374078394808079,0.10207403369545079,0.10205918831982651,-0.0005386081018858291,0.07382725529003166,battery_cells_and_systems
2024-03-29,300763,True,False,0.017082785808147174,0.010726247704360425,0.012026202028226175,0.012024452969430525,-0.005058332838716649,-0.7196695107914758,power_equipment_and_energy_services
2024-03-29,300769,True,False,0.01910441726473264,0.007330664663902416,0.008512220491012025,0.008510982496332961,-0.01059343476839968,-2.2634600947112844,battery_materials
2024-03-29,300919,True,False,0.013241686040634793,0.018122083247125637,0.016010538642435422,0.01600821011233341,0.002766524071698615,0.5888085527394501,battery_materials
2024-03-29,301238,True,False,0.003638936621853836,0.004452495006209449,0.003941444319771048,0.0039408710866057585,0.0003019344647519225,0.27446126398880777,battery_materials
2024-03-29,600110,True,False,0.008389770544829677,0.008179415082575784,0.00883924663590471,0.008837961079414043,0.0004481905345843657,0.1954119689467037,battery_materials
2024-03-29,600549,True,False,0.013443849186293341,0.019773696339017797,0.01711846333568086,0.017115973671962006,0.0036721244856686656,0.7366903603618769,battery_materials
2024-03-29,600699,True,False,0.013949257050439706,0.015770562535764705,0.01494304583125881,0.01494087255446838,0.0009916155040286742,0.3626488364537741,industrial_equipment_and_components
2024-03-29,600884,True,False,0.01415142019609825,0.014739240405249746,0.014962646984896374,0.014960470857366358,0.0008090506612681084,0.20556462249470703,battery_materials
2024-03-29,603026,True,False,0.007884362680683312,0.005857261918790617,0.006606443733801347,0.006605482910218519,-0.0012788797704647937,-0.45894338444033256,battery_materials
2024-03-29,603659,True,False,0.03184069544122107,0.031756457305061075,0.03014097717996006,0.030136593556508336,-0.0017041018847127332,-0.11043965340894588,battery_materials
2024-03-29,605117,True,False,0.021429293439805923,0.01912761336774041,0.018585219852733224,0.018582516867852693,-0.00284677657195323,-0.12369436295277089,power_equipment_and_energy_services
2024-03-29,688005,True,False,0.014050338623268977,0.011238219227444238,0.012574690013825812,0.012572861184398229,-0.0014774774388707484,-0.2707277781226137,battery_materials
2024-03-29,688006,True,False,0.00596381279692712,0.006620204287544926,0.007489616790799755,0.007488527520879521,0.0015247147239524006,0.8168998217856616,industrial_equipment_and_components
2024-03-29,688032,True,False,0.009501667845951682,0.007007990722693045,0.007877639931455079,0.007876494228482625,-0.0016251736174690574,-0.25239945704030675,power_equipment_and_energy_services
2024-03-29,688063,True,False,0.014050338623268977,0.013980556201168124,0.012955097610097098,0.012953213455201791,-0.001097125168067186,-0.1434272123267083,battery_cells_and_systems
2024-03-29,688116,True,False,0.008591933690488225,0.007781847851609607,0.008096003117155795,0.008094825656023142,-0.0004971080344650831,-0.1235646080769579,battery_materials
2024-03-29,688248,True,False,0.002628120893561104,0.0020286729469397996,0.00213567083969842,0.0021353602334190625,-0.0004927606601420414,-0.3096831876536239,power_equipment_and_energy_services
2024-03-29,688390,True,False,0.013949257050439706,0.011218737920526916,0.012421914473079903,0.012420107862920108,-0.0015291491875195976,-0.048185319374627666,power_equipment_and_energy_services
2024-03-29,688499,True,False,0.002527039320731831,0.0014750725658751564,0.0015758425105055682,0.0015756133241675132,-0.0009514259965643177,-1.1832886291948659,industrial_equipment_and_components
2024-03-29,688567,True,False,0.01496007277873244,0.008203237847402975,0.009540832904382393,0.009539445311053255,-0.005420627467679184,-1.196704072266058,battery_cells_and_systems
2024-03-29,688707,True,False,0.006772465379561306,0.004462495884995924,0.005278397551426049,0.005277629875343226,-0.0014948355042180804,-0.6658197591080725,battery_materials
2024-03-29,688772,True,False,0.010714646719902961,0.01031502868544823,0.01212606707238976,0.012124303489488042,0.0014096567695850801,0.44200972882588707,battery_cells_and_systems
2024-03-29,688778,True,False,0.007378954816536946,0.006855065294563119,0.007852047234459474,0.007850905253620713,0.00047195043708376724,0.22385141981577936,battery_materials
2024-03-29,688779,True,False,0.008895178408976044,0.006335902129251223,0.0073350266716163005,0.0073339598848713074,-0.0015612185241047367,-0.5046932016624608,battery_materials
2024-03-29,688819,True,False,0.004548670777317296,0.005088992698044507,0.005884463913815991,0.005883608093055456,0.00133493731573816,0.8241091811762498,battery_cells_and_systems
2024-04-30,000009,True,False,0.026464646464646465,0.028613213673184774,0.03524173259095771,0.0352331563907874,0.008768509926140932,0.9601410163564519,battery_materials
2024-04-30,001301,True,False,0.002929292929292929,0.005170337132116422,0.0030834408220217317,0.0030826904558008106,0.00015339752650788156,0.2883233931991717,battery_materials
2024-04-30,002050,True,False,0.07090909090909091,0.05202749429802737,0.07508407604293012,0.0750658040676779,0.004156713158586997,0.21274280082418282,industrial_equipment_and_components
2024-04-30,002074,True,False,0.024949494949494954,0.025932278074009024,0.024694552603241986,0.02468854309659542,-0.00026095185289953457,0.2623113558139726,battery_cells_and_systems
2024-04-30,002335,True,False,0.009696969696969697,0.007097371342564102,0.008588667424048695,0.008586577341478698,-0.0011103923554909995,-0.0818739843240985,power_equipment_and_energy_services
2024-04-30,002340,True,False,0.030606060606060602,0.031779287508122915,0.033692259299840856,0.03368406016947177,0.00307799956341117,0.41628058646193783,battery_materials
2024-04-30,002407,True,False,0.01707070707070707,0.01554396904800596,0.01693186869081454,0.016927748260731394,-0.0001429588099756754,0.11846213365637552,battery_materials
2024-04-30,002518,True,False,0.007171717171717171,0.006431532011531095,0.006955943041909252,0.006954250288587696,-0.0002174668831294753,0.17761495757966186,power_equipment_and_energy_services
2024-04-30,002709,True,False,0.03161616161616162,0.031270100937483815,0.02751030248384551,0.02750360775451464,-0.004112553861646977,-0.2556563602332237,battery_materials
2024-04-30,002812,True,False,0.036464646464646464,0.04325146507005123,0.028852381917438163,0.028845360588334215,-0.007619285876312248,-0.5272071785428216,battery_materials
2024-04-30,002850,True,False,0.012222222222222221,0.015230466775816081,0.011522493989801855,0.011519689950168934,-0.0007025322720532867,-0.11915581956977375,industrial_equipment_and_components
2024-04-30,300001,True,False,0.01616161616161616,0.01345875384598356,0.019418303538506147,0.019413578025715753,0.0032519618640995916,0.7894028327835654,power_equipment_and_energy_services
2024-04-30,300014,True,False,0.05707070707070707,0.06068323466759766,0.05841568006383474,0.05840146440165015,0.0013307573309430804,0.3582092889244602,battery_cells_and_systems
2024-04-30,300035,False,True,0.0,0.007820191789523772,0.0,0.0,0.0,0.05033481376638249,battery_materials
2024-04-30,300037,True,False,0.02686868686868687,0.025902709796594373,0.028927728764026942,0.028920689099001605,0.0020520022303147332,0.3527634094415406,battery_materials
2024-04-30,300068,True,False,0.01202020202020202,0.011394509993732236,0.009792668080666402,0.009790285000281675,-0.0022299170199203446,-0.29392830927559277,battery_cells_and_systems
2024-04-30,300073,True,False,0.016969696969696968,0.021091143989743006,0.01507536182487292,0.0150716931822965,-0.0018980037874004683,-0.19639811789519168,battery_materials
2024-04-30,300207,True,False,0.02404040404040404,0.02532748343701588,0.029481151697550792,0.029473977355098786,0.0054335733146947465,0.8745574119935218,battery_cells_and_systems
2024-04-30,300274,True,False,0.0990909090909091,0.11197820012683245,0.11267833953693634,0.1126509188648047,0.013560009773895598,0.632038432320365,power_equipment_and_energy_services
2024-04-30,300376,True,False,0.00808080808080808,0.006951276376906537,0.010421903734299473,0.010419367527194716,0.0023385594463866347,0.9918051116091107,power_equipment_and_energy_services
2024-04-30,300390,True,False,0.016262626262626263,0.01833960067834727,0.01866558604786532,0.01866104371153638,0.0023984174489101173,0.5355429693626074,battery_materials
2024-04-30,300438,True,False,0.010707070707070707,0.007701665972099061,0.006751421293512903,0.006749778311281599,-0.0039572923957891075,-1.0259183290248515,battery_cells_and_systems
2024-04-30,300450,True,False,0.030606060606060602,0.028925366897748425,0.02699619275406263,0.026989623135151363,-0.003616437470909239,-0.3092916394727699,industrial_equipment_and_components
2024-04-30,300568,True,False,0.021515151515151515,0.02114781019473497,0.020392518026523674,0.020387555435194746,-0.0011275960799567684,-0.011317718210841182,battery_materials
2024-04-30,300750,True,False,0.09717171717171717,0.11106610299541039,0.10510487667713576,0.10507929903395567,0.0079075818622385,0.5158824592116542,battery_cells_and_systems
2024-04-30,300763,True,False,0.017474747474747473,0.010777939146831146,0.01097215685561244,0.010969486742466016,-0.0065052607322814565,-1.0648057755779603,power_equipment_and_energy_services
2024-04-30,300769,True,False,0.01505050505050505,0.008022626571541418,0.009662255107152167,0.009659903763225425,-0.0053906012872796255,-1.1244466938575832,battery_materials
2024-04-30,300919,True,False,0.016565656565656565,0.015689872480428045,0.020735523356350285,0.02073047729346216,0.004164820727805597,0.7832708570243128,battery_materials
2024-04-30,301238,True,False,0.004242424242424242,0.0043091332110488535,0.0035668792689287796,0.003566011256253332,-0.0006764129861709101,-0.3537590427935207,battery_materials
2024-04-30,301358,True,False,0.005454545454545455,0.0,0.005400782178168271,0.0053994678787388445,-5.5077575806610456e-05,0.1134932528320488,battery_materials
2024-04-30,600110,False,True,0.0,0.008176005373236796,0.0,0.0,0.0,0.1954119689467037,battery_materials
2024-04-30,600549,True,False,0.01585858585858586,0.016766099798821675,0.020824174641302658,0.020819107004811047,0.004960521146225187,0.9200904086060959,battery_materials
2024-04-30,600699,True,False,0.01919191919191919,0.015196728967158459,0.01901372910767642,0.019009102049503537,-0.00018281714241565397,0.0226346154906103,industrial_equipment_and_components
2024-04-30,600884,True,False,0.01686868686868687,0.01506715490096807,0.017037406624236653,0.01703326051112444,0.0001645736424375696,0.17022970900825862,battery_materials
2024-04-30,603026,True,False,0.00808080808080808,0.00809144289467266,0.007346829086676023,0.007345041209854081,-0.0007357668709539996,-0.1302712489907103,battery_materials
2024-04-30,603659,True,False,0.02191919191919192,0.028844242136279313,0.023121026687505725,0.023115400103951595,0.0011962081847596735,0.29430854383341964,battery_materials
2024-04-30,605117,True,False,0.01575757575757576,0.019237553919205345,0.014484225912981458,0.01448070112541827,-0.0012768746321574886,0.02415110291539657,power_equipment_and_energy_services
2024-04-30,688005,True,False,0.013131313131313133,0.01341642940894141,0.009978878103684509,0.009976449708432615,-0.003154863422880518,-0.6425739621247253,battery_materials
2024-04-30,688006,True,False,0.006060606060606061,0.007423337053548058,0.006373407095427954,0.006371856104287656,0.00031125004368159556,0.19307004272774947,industrial_equipment_and_components
2024-04-30,688032,True,False,0.012424242424242424,0.00825437869821313,0.01051121190029085,0.010508653959728286,-0.0019155884645141383,-0.21283761085365172,power_equipment_and_energy_services
2024-04-30,688063,True,False,0.012424242424242424,0.011648889011203572,0.010063034346292242,0.0100605854713213,-0.0023636569529211244,-0.31057422019532777,battery_cells_and_systems
2024-04-30,688116,True,False,0.01090909090909091,0.010953998816500643,0.010859275691654187,0.010856633048537935,-5.245786055297491e-05,0.12871795503866107,battery_materials
2024-04-30,688248,True,False,0.0025252525252525255,0.0022094118755120956,0.002507038780970815,0.002506428684223589,-1.882384102893644e-05,0.24421476380605095,power_equipment_and_energy_services
2024-04-30,688348,True,False,0.006363636363636364,0.0,0.0051488470736486824,0.005147594083517281,-0.001216042280119083,-0.340323434000718,power_equipment_and_energy_services
2024-04-30,688390,True,False,0.01767676767676768,0.011473031220902303,0.01073760462503836,0.010734991591006155,-0.006941776085761525,-1.159386396257716,power_equipment_and_energy_services
2024-04-30,688499,False,True,0.0,0.0016391548123597765,0.0,0.0,0.0,-1.1832886291948659,industrial_equipment_and_components
2024-04-30,688567,True,False,0.014545454545454545,0.009951953937798902,0.00828956735335509,0.008287550057844314,-0.006257904487610232,-1.3148596758015239,battery_cells_and_systems
2024-04-30,688707,True,False,0.005858585858585858,0.0052331515635242925,0.00324756276128247,0.003246772455407623,-0.0026118134031782353,-1.5439294884927597,battery_materials
2024-04-30,688772,True,False,0.016060606060606063,0.011292021654357933,0.01572407331395974,0.015720246805149902,-0.0003403592554561616,0.2311522917448603,battery_cells_and_systems
2024-04-30,688778,True,False,0.0068686868686868695,0.008768374883302963,0.007259545277947815,0.007257778641949189,0.000389091773262319,0.29992109135621553,battery_materials
2024-04-30,688779,True,False,0.007676767676767677,0.007502431984351499,0.007839205999428256,0.007837298300944534,0.00016053062417685764,0.2016203072360063,battery_materials
2024-04-30,688819,True,False,0.004343434343434344,0.005919069046109143,0.005016307903783674,0.005015087167527654,0.0006716528240933101,0.7031677266088208,battery_cells_and_systems
2024-05-31,000009,True,False,0.026464646464646465,0.03401782975831252,0.035217736538819454,0.035214267755249086,0.008749621290602621,0.9118249973241896,battery_materials
2024-05-31,001301,True,False,0.002929292929292929,0.0034767935896195257,0.003076071052051336,0.003075768073331654,0.00014647514403872504,0.23511639446226384,battery_materials
2024-05-31,002050,True,False,0.07090909090909091,0.08091717512376746,0.0709552741267223,0.0709482853615911,3.9194452500196375e-05,-0.08860307775973862,industrial_equipment_and_components
2024-05-31,002074,True,False,0.024949494949494954,0.027409069117551144,0.022254631593813468,0.022252439615906196,-0.0026970553335887576,-0.20581028548371333,battery_cells_and_systems
2024-05-31,002335,True,False,0.009696969696969697,0.008118596800128814,0.009415042138865654,0.009414114800919058,-0.000282854896050639,0.06286596941556491,power_equipment_and_energy_services
2024-05-31,002340,True,False,0.030606060606060602,0.032572769031549334,0.03389848702957852,0.033895148185960934,0.003289087579900332,0.3873457018810763,battery_materials
2024-05-31,002407,True,False,0.01707070707070707,0.017050782849206685,0.01717910726009135,0.01717741519777066,0.00010670812706358931,0.1135104414529979,battery_materials
2024-05-31,002518,True,False,0.007171717171717171,0.006834855155032973,0.007630426746799274,0.007629675185184716,0.0004579580134675453,0.32430439942029593,power_equipment_and_energy_services
2024-05-31,002709,True,False,0.03161616161616162,0.02626955825041206,0.025856998963792253,0.025854452169421022,-0.005761709446740596,-0.4791098719094593,battery_materials
2024-05-31,002812,True,False,0.036464646464646464,0.02814362030656207,0.02895846119674414,0.02895560892273977,-0.007509037541906693,-0.5630917414581087,battery_materials
2024-05-31,002850,True,False,0.012222222222222221,0.011665404015907876,0.012741848381961966,0.01274059336904327,0.0005183711468210485,0.02849648296412849,industrial_equipment_and_components
2024-05-31,300001,True,False,0.01616161616161616,0.0221251782029829,0.01877345511878614,0.018771606020602235,0.0026099898589860733,0.575179250431551,power_equipment_and_energy_services
2024-05-31,300014,True,False,0.05707070707070707,0.06435428572270603,0.05418349735448547,0.05417816053151273,-0.002892546539194338,-0.0275564502643188,battery_cells_and_systems
2024-05-31,300037,True,False,0.02686868686868687,0.028162157262416547,0.029158943095883474,0.029156071075342665,0.002287384206655793,0.3291393454263093,battery_materials
2024-05-31,300068,True,False,0.01202020202020202,0.009601561032223123,0.010150080938255118,0.010149081202398793,-0.0018711208178032266,-0.36239207169527465,battery_cells_and_systems
2024-05-31,300073,True,False,0.016969696969696968,0.013878701599474309,0.016086961774663712,0.01608537728360366,-0.0008843196860933086,-0.05720412826331156,battery_materials
2024-05-31,300207,True,False,0.02404040404040404,0.031100691967777015,0.032332011908281305,0.03232882735519168,0.00828842331478764,0.9674049565574186,battery_cells_and_systems
2024-05-31,300274,True,False,0.0990909090909091,0.11036544303009327,0.10897770057514386,0.10896696677750543,0.009876057686596329,0.41889560713676915,power_equipment_and_energy_services
2024-05-31,300376,True,False,0.00808080808080808,0.009097041424225006,0.009402727833852764,0.009401801708808052,0.001320993627999971,0.5800452861720211,power_equipment_and_energy_services
2024-05-31,300390,True,False,0.016262626262626263,0.018328648631980457,0.019122255662519606,0.019120372209101257,0.002857745946474994,0.5582340792831975,battery_materials
2024-05-31,300438,True,False,0.010707070707070707,0.006528997371782588,0.007062912266639497,0.007062216602566866,-0.003644854104503841,-1.0679343914684014,battery_cells_and_systems
2024-05-31,300450,True,False,0.030606060606060602,0.024822207341293822,0.027590477229736544,0.027587759695802825,-0.003018300910257777,-0.38682722865688257,industrial_equipment_and_components
2024-05-31,300568,True,False,0.021515151515151515,0.019570214645153808,0.01988400604130722,0.019882047559012562,-0.001633103956138953,-0.12983730151879386,battery_materials
2024-05-31,300750,True,False,0.09717171717171717,0.10523297818323298,0.10176250407807791,0.10175248094380192,0.004580763772084745,0.2526624132427989,battery_cells_and_systems
2024-05-31,300763,True,False,0.017474747474747473,0.012105454006731037,0.01162183358369841,0.0116206888870383,-0.0058540585877091735,-1.0181811923708413,power_equipment_and_energy_services
2024-05-31,300769,True,False,0.01505050505050505,0.009342502177195674,0.00946698432051091,0.009466051866500538,-0.005584453184004513,-1.2291499337233447,battery_materials
2024-05-31,300919,True,False,0.016565656565656565,0.020536959036960234,0.020318886701603738,0.020316885385582736,0.003751228819926171,0.6789080667117348,battery_materials
2024-05-31,301238,True,False,0.004242424242424242,0.0033782370074519493,0.0037698656171989134,0.003769494302935119,-0.0004729299394891232,-0.24199098698993615,battery_materials
2024-05-31,301358,True,False,0.005454545454545455,0.005776849556273333,0.005346993071921591,0.005346466417924441,-0.00010807903662101402,0.03852494914529049,battery_materials
2024-05-31,600549,True,False,0.01585858585858586,0.02120383667129929,0.01980973731748774,0.019807786150317627,0.003949200291731767,0.7310320383367477,battery_materials
2024-05-31,600699,True,False,0.01919191919191919,0.017378854575638026,0.02070340562881955,0.020701366439469127,0.001509447247549936,0.12613350823091593,industrial_equipment_and_components
2024-05-31,600884,True,False,0.01686868686868687,0.01560273633298012,0.01740799366421651,0.01740627905764749,0.0005375921889606214,0.18534032137198986,battery_materials
2024-05-31,603026,True,False,0.00808080808080808,0.006973276620472786,0.008549735305957823,0.008548893196717566,0.00046808511590948516,0.2565917351858957,battery_materials
2024-05-31,603659,True,False,0.02191919191919192,0.02089703274215219,0.021156030368186356,0.021153946597400164,-0.0007652453217917576,-0.00582556211644009,battery_materials
2024-05-31,605117,True,False,0.01575757575757576,0.015345584535113647,0.015086328565977952,0.015084842632644074,-0.0006727331249316848,0.022787360501361126,power_equipment_and_energy_services
2024-05-31,688005,True,False,0.013131313131313133,0.009642923810333716,0.00969908147180975,0.009698126157307353,-0.00343318697400578,-0.7701995569525117,battery_materials
2024-05-31,688006,True,False,0.006060606060606061,0.006295682876085103,0.006998893622658629,0.006998204264125258,0.0009375982035191976,0.3208003152215764,industrial_equipment_and_components
2024-05-31,688032,True,False,0.012424242424242424,0.011140719896518204,0.012853043698979846,0.012851777733838585,0.00042753530959616093,0.2441112409284677,power_equipment_and_energy_services
2024-05-31,688063,True,False,0.012424242424242424,0.008200698348940086,0.010058300013842333,0.010057309317981019,-0.002366933106261406,-0.4828045751847617,battery_cells_and_systems
2024-05-31,688116,True,False,0.01090909090909091,0.010565740870218025,0.01183494744653455,0.011833781759148213,0.0009246908500573029,0.32816855311621607,battery_materials
2024-05-31,688248,True,False,0.0025252525252525255,0.0026074734709462975,0.0027427321967417027,0.0027424620503519286,0.0002172095250994031,0.38320398223728924,power_equipment_and_energy_services
2024-05-31,688348,True,False,0.006363636363636364,0.005394783912784298,0.005665583980304454,0.005665025946581709,-0.0006986104170546552,-0.18480602698809478,power_equipment_and_energy_services
2024-05-31,688390,True,False,0.01767676767676768,0.008677773047286633,0.01025536798509244,0.010254357878950736,-0.007422409797816944,-1.4084058768843817,power_equipment_and_energy_services
2024-05-31,688567,True,False,0.014545454545454545,0.008118489737202599,0.013193742842300248,0.013192443319874876,-0.001353011225579669,-0.15790291814045732,battery_cells_and_systems
2024-05-31,688707,True,False,0.005858585858585858,0.003063581929579281,0.0033877415688635722,0.0033874078920447404,-0.0024711779665411177,-1.4695602769787706,battery_materials
2024-05-31,688772,True,False,0.016060606060606063,0.01823392705768161,0.016738143510770315,0.016736494881332,0.0006758888207259381,0.2388301244422278,battery_cells_and_systems
2024-05-31,688778,True,False,0.0068686868686868695,0.00730991692386934,0.00773178162876652,0.007731020084166572,0.0008623332154797025,0.43361437556790466,battery_materials
2024-05-31,688779,True,False,0.007676767676767677,0.007558400156787264,0.008333718154016165,0.008332897321462635,0.0006561296446949581,0.3300279761288575,battery_materials
2024-05-31,688819,True,False,0.004343434343434344,0.005004004286106866,0.005597508826867667,0.005596957498231535,0.001253523154797191,0.845503197994482,battery_cells_and_systems
2024-06-28,000009,True,False,0.026902146010884077,0.034209708501161964,0.03324171647024914,0.033238164916911395,0.006336018906027318,0.6988378546241826,battery_materials
2024-06-28,001301,True,False,0.002977718451586405,0.003603427808536737,0.0033795809484379654,0.0033792198731605093,0.0004015014215741045,0.45596582171420796,battery_materials
2024-06-28,002050,True,False,0.07208132251771229,0.06646123929992816,0.06829071828920476,0.06828342209170864,-0.003797900426003656,-0.40713229889395613,industrial_equipment_and_components
2024-06-28,002074,True,False,0.02536194681178766,0.02359513012653072,0.023900565506169983,0.023898011963747665,-0.001463934848039996,-0.0846575506454774,battery_cells_and_systems
2024-06-28,002335,True,False,0.009857274874217064,0.009150850899309036,0.009812926198488147,0.00981187778298817,-4.539709122889507e-05,0.10461385659054395,power_equipment_and_energy_services
2024-06-28,002340,True,False,0.03111202382174761,0.03680785899319071,0.03625000060487204,0.03624612764570169,0.0051341038239540795,0.5309678228776081,battery_materials
2024-06-28,002407,True,False,0.01735291097648629,0.017677738470106074,0.017344094573079057,0.017342241525658164,-1.0669450828126176e-05,0.09281573895039644,battery_materials
2024-06-28,002518,True,False,0.007290276209056371,0.007443285719274992,0.008158890711457182,0.008158019013524118,0.0008677428044677471,0.4391167581106882,power_equipment_and_energy_services
2024-06-28,002709,True,False,0.03213882328781189,0.02597051308380189,0.02596790422096942,0.025965129803559514,-0.006173693484252375,-0.5148849216953273,battery_materials
2024-06-28,002812,True,False,0.037067460724920426,0.026951151289567665,0.029407458992474534,0.029404317092168848,-0.0076631436327515776,-0.5671356097420758,battery_materials
2024-06-28,002850,True,False,0.012424273539377759,0.011748571592711893,0.014599215846957015,0.014597656063068716,0.0021733825236909567,0.20811574525269594,industrial_equipment_and_components
2024-06-28,300001,True,False,0.016428791457028444,0.019690236670953303,0.018724570229684975,0.01872256969189817,0.002293778234869724,0.49121510596786777,power_equipment_and_energy_services
2024-06-28,300014,True,False,0.05801416983263169,0.06173305044464539,0.053941329347815925,0.053935566242638754,-0.0040786035899929365,-0.12306484258466818,battery_cells_and_systems
2024-06-28,300037,True,False,0.027312865797309786,0.029656848639054025,0.02784561507562079,0.027842640043111506,0.0005297742458017195,0.14946097946290757,battery_materials
2024-06-28,300068,True,False,0.012218913646164902,0.00942604110650785,0.010775272951423966,0.01077412171855517,-0.001444791927609733,-0.2743241475010579,battery_cells_and_systems
2024-06-28,300073,True,False,0.017250231029879864,0.015864560744788307,0.016387206017135253,0.01638545520392804,-0.0008647758259518225,-0.05237406972123221,battery_materials
2024-06-28,300207,True,False,0.024437827292329805,0.03533875422050068,0.03181506697290461,0.03181166784315752,0.007373840550827713,0.8386439485222286,battery_cells_and_systems
2024-06-28,300274,True,False,0.10072902762090565,0.10830970891566868,0.1103703611955624,0.11035856919844808,0.009629541577542436,0.3786619876305936,power_equipment_and_energy_services
2024-06-28,300376,True,False,0.008214395728514222,0.008894971572231397,0.00906244087440337,0.009061472640943934,0.0008470769124297121,0.39821253185791394,power_equipment_and_energy_services
2024-06-28,300390,True,False,0.01653147140363487,0.01901427713212888,0.019430253603851408,0.01942817767067564,0.0028967062670407703,0.5558831315117754,battery_materials
2024-06-28,300438,True,False,0.010884074340281344,0.00642904686873643,0.007755944965067177,0.007755116317958876,-0.003128958022322468,-0.883209653275646,battery_cells_and_systems
2024-06-28,300450,True,False,0.03111202382174761,0.025666302954748605,0.03134205551511494,0.03133870692203082,0.00022668310028321065,-0.23173927104296055,industrial_equipment_and_components
2024-06-28,300568,True,False,0.021870828627169114,0.019478108611582057,0.020374297923958395,0.020372121128850333,-0.0014987074983187805,-0.10824519818938902,battery_materials
2024-06-28,300750,True,False,0.0987781086353835,0.10359024547673078,0.10514521112483856,0.1051339773840703,0.006355868748686808,0.26338280306090794,battery_cells_and_systems
2024-06-28,300763,True,False,0.017763630762912003,0.009427533250939705,0.012734882566711526,0.012733521968659194,-0.0050301087942528095,-0.8333833786944258,power_equipment_and_energy_services
2024-06-28,300769,True,False,0.015299312044357737,0.008772502286447647,0.01046180501873822,0.010460687276862094,-0.004838624767495643,-0.9916661506670958,battery_materials
2024-06-28,300919,True,False,0.01683951124345415,0.019924139183336586,0.020665520880230506,0.020663312970788644,0.003823801727334493,0.6792353464754644,battery_materials
2024-06-28,301238,True,False,0.004312557757469966,0.0036548106408855153,0.003870333962522376,0.003869920455069622,-0.000442637302400344,-0.21484764059927897,battery_materials
2024-06-28,301358,True,False,0.0055447171167471,0.005209132926242332,0.0052693284037050045,0.005268765427334738,-0.00027595168941236224,-0.05128281208364177,battery_materials
2024-06-28,600549,True,False,0.01612075161720916,0.020520600204427634,0.020837840203990335,0.020835613883908633,0.004714862266699472,0.827591184717945,battery_materials
2024-06-28,600699,True,False,0.019509189855221275,0.022211628369055013,0.020894820082782185,0.02089258767495592,0.0013833978197346462,-0.056741567317493885,industrial_equipment_and_components
2024-06-28,600884,True,False,0.017147551083273437,0.015249395200327797,0.016348927848172996,0.016347181124614973,-0.0008003699586584638,-0.041998133511982005,battery_materials
2024-06-28,603026,True,False,0.008214395728514222,0.008197424693331104,0.008652374816181896,0.008651450394283125,0.00043705466576890277,0.24268382669236707,battery_materials
2024-06-28,603659,True,False,0.022281548413594827,0.0206715306458292,0.02021638224043143,0.020214222317074662,-0.0020673260965201647,-0.18363408653269628,battery_materials
2024-06-28,605117,True,False,0.01601807167060273,0.018573694223604355,0.01522581647772551,0.015224189747668421,-0.0007938819229343103,-0.02743155081785953,power_equipment_and_energy_services
2024-06-28,688005,True,False,0.01334839305883561,0.008766893887983126,0.009830595578902982,0.009829545275601962,-0.0035188477832336484,-0.7797222420509012,battery_materials
2024-06-28,688006,False,True,0.0,0.006835244246559026,0.0,0.0,0.0,0.3208003152215764,industrial_equipment_and_components
2024-06-28,688032,True,False,0.012629633432590616,0.010693465274854447,0.012873118797385072,0.01287174343013913,0.00024210999754851505,0.17205569298803414,power_equipment_and_energy_services
2024-06-28,688063,True,False,0.012629633432590616,0.01011595879528315,0.010522188827553347,0.010521064634255919,-0.002108568798334697,-0.4366915210026078,battery_cells_and_systems
2024-06-28,688116,True,False,0.0110894342334942,0.01110530213409447,0.012806622511234945,0.01280525424846892,0.0017158200149747192,0.5056095406414605,battery_materials
2024-06-28,688248,True,False,0.0025669986651606943,0.00305561594941596,0.002946181627822603,0.002945866857037428,0.00037886819187673377,0.511133338542987,power_equipment_and_energy_services
2024-06-28,688348,True,False,0.006468836636204949,0.00524241990123235,0.006067194230675781,0.006066546010120143,-0.000402290626084806,-0.06564553939707811,power_equipment_and_energy_services
2024-06-28,688390,True,False,0.01796899065612486,0.008863002316264596,0.00995954480340111,0.009958480723132554,-0.008010509932992306,-1.5685488027792664,power_equipment_and_energy_services
2024-06-28,688567,True,False,0.014785912311325597,0.011972343513005673,0.013386416311005837,0.013384986102924604,-0.001400926208400993,-0.19919068858318698,battery_cells_and_systems
2024-06-28,688707,False,True,0.0,0.0030980049519213713,0.0,0.0,0.0,-1.4695602769787706,battery_materials
2024-06-28,688772,True,False,0.016326111510422014,0.019515780850459758,0.016194701806137687,0.016192971560128736,-0.00013313995029327896,0.06181717548733445,battery_cells_and_systems
2024-06-28,688778,True,False,0.006982236369237089,0.0077912186396361105,0.008116108393212048,0.008115241266152613,0.0011330048969155236,0.5242149077851536,battery_materials
2024-06-28,688779,True,False,0.00780367594208851,0.008345529855352252,0.008796596451735526,0.008795656621160984,0.0009919806790724744,0.43646767161637046,battery_materials
2024-06-28,688819,False,True,0.0,0.005475198917114723,0.0,0.0,0.0,0.845503197994482,battery_cells_and_systems
2024-07-31,000009,True,False,0.027721934186858536,0.03204106320738328,0.03320563964249635,0.033199678800449016,0.00547774461359048,0.6000026623429418,battery_materials
2024-07-31,001301,True,False,0.003068458364194265,0.003056745369953565,0.003763256995684851,0.003762581442351853,0.0006941230781575881,0.6674705144118627,battery_materials
2024-07-31,002050,True,False,0.07427785419532325,0.0644631155068769,0.07124113924407396,0.0712283505376109,-0.003049503657712352,-0.3379880073204482,industrial_equipment_and_components
2024-07-31,002074,True,False,0.02613480055020633,0.023833070456012986,0.024648807996468233,0.02464438321643978,-0.00149041733376655,0.019662840840210506,battery_cells_and_systems
2024-07-31,002335,True,False,0.010157655274574118,0.008968184524285609,0.011138892247125517,0.011136892671812943,0.0009792373972388243,0.4249645696186171,power_equipment_and_energy_services
2024-07-31,002340,True,False,0.03206009946037456,0.034887875159882425,0.03769918331023904,0.037692415818950054,0.005632316358575494,0.5472323748191701,battery_materials
2024-07-31,002407,True,False,0.017881705639614855,0.015197568688680137,0.018488643638188244,0.018485324687384005,0.0006036190477691494,0.1796676474655854,battery_materials
2024-07-31,002518,True,False,0.0075124325468204425,0.008090226665147325,0.009125342228610576,0.009123704111584726,0.0016112715647642831,0.7171957906491538,power_equipment_and_energy_services
2024-07-31,002709,True,False,0.03311818855147604,0.02268682408602299,0.0279356120320482,0.027930597228159115,-0.005187591323316924,-0.4019291239653541,battery_materials
2024-07-31,002812,True,False,0.038197016188763096,0.02799979223944487,0.03130959749290418,0.03130397701496036,-0.006893039173802733,-0.483793066536304,battery_materials
2024-07-31,002850,True,False,0.012802878002327796,0.014728875186190246,0.014790757780277384,0.01478810264784091,0.001985224645513114,0.19365462096909047,industrial_equipment_and_components
2024-07-31,300001,True,False,0.016929425457623534,0.018226497406470123,0.020829945191867795,0.020826205947134666,0.003896780489511132,0.7538880266296863,power_equipment_and_energy_services
2024-07-31,300014,True,False,0.059782033647233106,0.050720979877095444,0.058486627539280626,0.05847612843273137,-0.0013059052145017389,0.12432627608888654,battery_cells_and_systems
2024-07-31,300037,True,False,0.028145169823299124,0.03134503915759544,0.028784325263175765,0.028779158104278054,0.0006339882809789296,0.14845821095530543,battery_materials
2024-07-31,300068,True,False,0.012591260184107502,0.01109119627077611,0.010808066954124222,0.010806126766233123,-0.0017851334178743787,-0.2493968824628448,battery_cells_and_systems
2024-07-31,300073,True,False,0.017775896730504708,0.014379118887206013,0.018017425819233126,0.018014191458125665,0.00023829472762095655,0.12286033311127928,battery_materials
2024-07-31,300207,True,False,0.025182520368215004,0.03522969169377159,0.027008564076691007,0.02700371568990732,0.0018211953216923163,0.3869289108699492,battery_cells_and_systems
2024-07-31,300274,True,False,0.1037985398370543,0.11974761035989988,0.11543216973619405,0.11541144816785848,0.01161290833080418,0.4650103524857882,power_equipment_and_energy_services
2024-07-31,300376,True,False,0.008464712728811767,0.006131117569538258,0.0072132020868764905,0.007211907223752085,-0.0012528055050596825,-0.29563046859486064,power_equipment_and_energy_services
2024-07-31,300390,True,False,0.01703523436673368,0.019153210023957357,0.01996936521879934,0.01996578045930859,0.0029305460925749087,0.538344858659892,battery_materials
2024-07-31,300438,True,False,0.01121574436567559,0.007827523565057412,0.0077654566725276425,0.007764062672558097,-0.003451681693117493,-0.8634629681100652,battery_cells_and_systems
2024-07-31,300450,True,False,0.03206009946037456,0.031742410144402176,0.032506010206062266,0.03250017495655304,0.00044007549617847835,-0.17925900662799574,industrial_equipment_and_components
2024-07-31,300568,True,False,0.022537297640461328,0.01921691614060903,0.02229154531212062,0.022287543691250578,-0.00024975394921075006,0.05297432062028509,battery_materials
2024-07-31,300750,True,False,0.10178817056396149,0.10639449389107457,0.1108279156123662,0.1108080205672319,0.009019850003270408,0.43001721890543854,battery_cells_and_systems
2024-07-31,300763,True,False,0.018304941276055444,0.019063508046961032,0.011141773313109749,0.011139773220608544,-0.0071651680554469,-1.2569919653378538,power_equipment_and_energy_services
2024-07-31,300769,True,False,0.015765527457411915,0.009997124350934734,0.010619669240450628,0.010617762872387287,-0.0051477645850246286,-1.0446078007328745,battery_materials
2024-07-31,300919,True,False,0.01735266109406412,0.01946289827517506,0.020088030738616702,0.020084424677129432,0.002731763583065313,0.5025240844585814,battery_materials
2024-07-31,301238,True,False,0.004443974182626177,0.003561853569447234,0.004346212292256492,0.004345432090903431,-9.854209172274579e-05,0.02074518690987537,battery_materials
2024-07-31,301358,True,False,0.005713681091947942,0.0047313218319271575,0.0053422281469868264,0.005341269147897881,-0.00037241194405006166,-0.10775862654227576,battery_materials
2024-07-31,600549,True,False,0.016611998730293093,0.020079407862100523,0.020725579420239483,0.020721858910513015,0.004109860180219922,0.7164244519120458,battery_materials
2024-07-31,600699,True,False,0.020103692730927946,0.021188620741042156,0.02070661715853993,0.02070290005278484,0.0005992073218568927,-0.1342960055518973,industrial_equipment_and_components
2024-07-31,600884,True,False,0.01767008782139456,0.015139027745095403,0.015582345626335026,0.015579548393635834,-0.0020905394277587266,-0.27494149797262496,battery_materials
2024-07-31,603026,True,False,0.008464712728811767,0.007893674829594487,0.008938587171559471,0.008936982579483256,0.00047226985067148897,0.23993317959745106,battery_materials
2024-07-31,603659,True,False,0.022960533276901916,0.018186242806154662,0.021344423291017312,0.021340591690807258,-0.0016199415860946587,-0.12423184805436352,battery_materials
2024-07-31,605117,True,False,0.016506189821182946,0.01942531818970054,0.016110560082227204,0.01610766802819728,-0.0003985217929856656,0.09217701701519851,power_equipment_and_energy_services
2024-07-31,688005,True,False,0.013755158184319122,0.00956161621488984,0.010200918308881856,0.010199087112030006,-0.0035560710722891166,-0.7698028531537697,battery_materials
2024-07-31,688032,True,False,0.01301449582054809,0.014531302782467307,0.012373518648598945,0.012371297441869362,-0.0006431983786787283,0.017192117868792267,power_equipment_and_energy_services
2024-07-31,688063,True,False,0.01301449582054809,0.010840174979574903,0.0099947317082666,0.009992937524577928,-0.003021558295970162,-0.5673841189486495,battery_cells_and_systems
2024-07-31,688116,True,False,0.011427362183895885,0.011952305654607724,0.013054108742713153,0.013051765361253805,0.00162440317735792,0.46456402460455826,battery_materials
2024-07-31,688248,True,False,0.0026452227277536772,0.0026670653102138803,0.003494589427822773,0.0034939621037951736,0.0008487393760414964,0.9570944864493619,power_equipment_and_energy_services
2024-07-31,688348,True,False,0.006665961273939266,0.00724224906084394,0.0058065925828309104,0.005805550224316148,-0.0008604110496231183,-0.23285086179330744,power_equipment_and_energy_services
2024-07-31,688390,True,False,0.018516559094275742,0.01046524889726657,0.009849550313375338,0.009847782191625918,-0.008668776902649824,-1.6420490649905768,power_equipment_and_energy_services
2024-07-31,688567,False,True,0.0,0.013129789306209253,0.0,0.0,0.0,-0.19919068858318698,battery_cells_and_systems
2024-07-31,688772,True,False,0.016823616548513387,0.017026354038983716,0.016992471488735967,0.0169894211201953,0.00016580457168191218,0.21545136824326633,battery_cells_and_systems
2024-07-31,688778,False,True,0.0,0.00800176426710002,0.0,0.0,0.0,0.5242149077851536,battery_materials
2024-07-31,688779,False,True,0.0,0.008693965221640768,0.0,0.0,0.0,0.43646767161637046,battery_materials
2024-08-30,000009,True,False,0.02531243380639695,0.03115680896094358,0.026658389861193812,0.026646283919028037,0.001333850112631086,0.3044537837746067,battery_materials
2024-08-30,001301,True,False,0.0074136835416225375,0.003752105148638106,0.009361428277875507,0.00935717712430205,0.0019434935826795133,0.8229173976955491,battery_materials
2024-08-30,002050,True,False,0.060792205041304816,0.06979841552603984,0.06049475528369455,0.060467283781754255,-0.00032492125955056045,-0.04840171735940224,industrial_equipment_and_components
2024-08-30,002074,True,False,0.02880745604744758,0.024510965601632323,0.02672259025415837,0.026710455157709524,-0.0020970008897380557,0.18318018604391578,battery_cells_and_systems
2024-08-30,002126,True,False,0.020546494386782462,0.0,0.021685527956509937,0.02167568025945686,0.0011291858726743993,0.1197688229691995,industrial_equipment_and_components
2024-08-30,002335,True,False,0.009531878839228979,0.011182141760857653,0.008140823901783466,0.008137127041476077,-0.0013947517977529016,-0.12171502899510878,power_equipment_and_energy_services
2024-08-30,002340,True,False,0.046388477017581024,0.03784170922547337,0.0569070269015865,0.05688118463654034,0.010492707618959318,0.7403382213158716,battery_materials
2024-08-30,002407,True,False,0.02097013344630375,0.01752185760904492,0.019746300198855385,0.019737333131847962,-0.001232800314455787,-0.015378370835306632,battery_materials
2024-08-30,002518,True,False,0.006142766363058674,0.008629662082044461,0.005805469099112635,0.0058028327556003305,-0.00033993360745834377,0.1676440846543374,power_equipment_and_energy_services
2024-08-30,002709,True,False,0.02880745604744758,0.026591465518208568,0.023846068641941675,0.023835239813592944,-0.004972216233854635,-0.38361211625331754,battery_materials
2024-08-30,002812,True,False,0.026583350984960813,0.02845205741680831,0.020290358320787138,0.02028114418948989,-0.006302206795470923,-0.6153961908014955,battery_materials
2024-08-30,002850,True,False,0.020546494386782462,0.014417150026994898,0.02371010657849487,0.023699339492392592,0.0031528451056101296,0.3747867416042988,industrial_equipment_and_components
2024-08-30,300001,True,False,0.021076043211184073,0.019449584996669076,0.02167621420500903,0.021666370737458845,0.0005903275262747719,0.4092249546428752,power_equipment_and_energy_services
2024-08-30,300014,True,False,0.0689472569370896,0.05311759329828036,0.06511100025685375,0.06508143245446323,-0.0038658244826263732,0.2677967693939656,battery_cells_and_systems
2024-08-30,300037,True,False,0.021181952976064396,0.029620765764461626,0.022922565640498917,0.022912156187588222,0.0017302032115238258,0.38206547656448825,battery_materials
2024-08-30,300068,True,False,0.009955517898750264,0.01006532987274029,0.00806013227371524,0.00805647205658802,-0.0018990458421622447,-0.3412631587504966,battery_cells_and_systems
2024-08-30,300073,True,False,0.02001694556238085,0.018551031340808974,0.019583258763808103,0.019574365736162905,-0.0004425798262179467,0.09384714324512489,battery_materials
2024-08-30,300207,True,False,0.03209065875873755,0.027471614651111895,0.03756352706572729,0.037546468950493475,0.005455810191755922,0.8642004528354325,battery_cells_and_systems
2024-08-30,300274,True,False,0.10400338911247618,0.13439865679903107,0.11142534251354477,0.11137474273016347,0.007371353617687287,0.5259471526398212,power_equipment_and_energy_services
2024-08-30,300376,True,False,0.006672315187460284,0.007010484613943361,0.004113523600043961,0.004111655592296345,-0.002560659595163939,-1.052962063280225,power_equipment_and_energy_services
2024-08-30,300390,True,False,0.01440372802372379,0.019955550685654286,0.017545487696676465,0.017537520048951594,0.003133792025227804,0.7201725102742473,battery_materials
2024-08-30,300438,True,False,0.00910823977970769,0.011600084468870753,0.005406655851504542,0.0054042006145832815,-0.003704039165124408,-1.3273277575143094,battery_cells_and_systems
2024-08-30,300450,True,False,0.02584198263079856,0.028797720662083148,0.02167507206841424,0.021665229119524024,-0.004176753511274535,-0.5367807261401526,industrial_equipment_and_components
2024-08-30,300457,True,False,0.009955517898750264,0.0,0.010291006019520675,0.010286332731885952,0.00033081483313568763,0.060307579646935894,industrial_equipment_and_components
2024-08-30,300568,True,False,0.015780554967167973,0.02185118944591079,0.014465405369869884,0.014458836429970515,-0.001321718537197458,-0.09219395762114661,battery_materials
2024-08-30,300750,True,False,0.10919296759161197,0.11412681932682905,0.12,0.11994550634650265,0.010752538754890684,0.8223581759195074,battery_cells_and_systems
2024-08-30,300763,True,False,0.014721457318364753,0.010841154118927164,0.011107121341356347,0.011102077444508607,-0.003619379873856146,-0.4759127121601543,power_equipment_and_energy_services
2024-08-30,300769,True,False,0.009214149544588011,0.009644994388237241,0.006675337344402626,0.006672305981734096,-0.0025418435628539156,-0.7644854814748467,battery_materials
2024-08-30,300919,True,False,0.02001694556238085,0.020241653304540398,0.02096573127378843,0.020956210446327162,0.0009392648839463107,0.2887448698902708,battery_materials
2024-08-30,301238,True,False,0.004765939419614489,0.004311526814413395,0.004380825158684481,0.0043788357656159,-0.0003871036539985894,-0.08430552013547526,battery_materials
2024-08-30,301358,True,False,0.020864223681423426,0.00507504800818782,0.018468137188836553,0.01845975055326397,-0.002404473128159456,-0.19210953418850815,battery_materials
2024-08-30,301487,True,False,0.0025418343571277273,0.0,0.0016433199021154597,0.0016425736479043667,-0.0008992607092233606,-1.0897624133213784,battery_materials
2024-08-30,600549,True,False,0.020546494386782462,0.021570579246043154,0.026055037568113934,0.026043205616538126,0.005496711229755664,0.835061228167158,battery_materials
2024-08-30,600699,True,False,0.02097013344630375,0.020106643517095627,0.020796359884088043,0.02078691597050863,-0.000183217475795118,-0.0581626896131993,industrial_equipment_and_components
2024-08-30,600884,False,True,0.0,0.01491011664656605,0.0,0.0,0.0,-0.27494149797262496,battery_materials
2024-08-30,603026,False,True,0.0,0.008505619190878253,0.0,0.0,0.0,0.23993317959745106,battery_materials
2024-08-30,603659,True,False,0.021287862740944713,0.019736866794154578,0.01965480876316901,0.019645883243683205,-0.001641979497261508,-0.07161262932019631,battery_materials
2024-08-30,605117,True,False,0.026371531455200173,0.015674927886079947,0.03336991947292858,0.03335476573268698,0.006983234277486809,1.0014857202632594,power_equipment_and_energy_services
2024-08-30,688005,True,False,0.011014615547553485,0.009714644608025153,0.007941294741860979,0.00793768849049445,-0.0030769270570590347,-0.7782746076443865,battery_materials
2024-08-30,688032,True,False,0.009743698368989622,0.012862450061128112,0.008851824024761704,0.008847804289501498,-0.0008958940794881239,0.05472281230150011,power_equipment_and_energy_services
2024-08-30,688063,True,False,0.007943232366024148,0.01029283270750675,0.006393875882748785,0.0063909723356082885,-0.0015522600304158597,-0.4101066152067077,battery_cells_and_systems
2024-08-30,688116,False,True,0.0,0.012371397023453436,0.0,0.0,0.0,0.46456402460455826,battery_materials
2024-08-30,688248,False,True,0.0,0.0035010264453870688,0.0,0.0,0.0,0.9570944864493619,power_equipment_and_energy_services
2024-08-30,688348,True,False,0.004448210124973523,0.005572626632459151,0.003495643547073878,0.003494056127172174,-0.000954153997801349,-0.35952601895452874,power_equipment_and_energy_services
2024-08-30,688390,True,False,0.010908705782673164,0.008150247735525314,0.005634114057994703,0.005631555529167696,-0.005277150253505468,-1.5587744447902872,power_equipment_and_energy_services
2024-08-30,688567,True,False,0.010485066723151875,0.0,0.008591377664812544,0.008587476201833118,-0.0018975905213187566,-0.2946905321349573,battery_cells_and_systems
2024-08-30,688772,True,False,0.014085998729082824,0.017044825390047622,0.012767235582083062,0.012761437804483654,-0.0013245609245991705,0.05372467596164723,battery_cells_and_systems
2024-09-30,000009,True,False,0.024560682355359166,0.025575268744766812,0.025741326812463564,0.02573782999309563,0.0011771476377364642,0.2974511732929999,battery_materials
2024-09-30,001301,True,False,0.007193505292364608,0.009787894383637506,0.009076213539562365,0.009074980585273573,0.001881475292908964,0.8275249776175428,battery_materials
2024-09-30,002050,True,False,0.058986743397389796,0.06307671730996631,0.060342113981969966,0.06033391683368731,0.0013471734362975121,0.10743354617787006,industrial_equipment_and_components
2024-09-30,002074,True,False,0.027951906278902483,0.025098944148388768,0.026462978931314166,0.026459384079427377,-0.0014925221994751062,0.274910917389815,battery_cells_and_systems
2024-09-30,002126,True,False,0.019936286095981918,0.01996481392308519,0.02088138624080254,0.02087854961795213,0.0009422635219702123,0.1748588709790236,industrial_equipment_and_components
2024-09-30,002335,True,False,0.009248792518754498,0.007758765455538116,0.006744857862291295,0.0067439416100025665,-0.0025048509087519316,-0.38519029712121033,power_equipment_and_energy_services
2024-09-30,002340,True,False,0.045010790257938554,0.05156530920328972,0.054138061066317286,0.05413070670491012,0.009119916446971563,0.6908311094444225,battery_materials
2024-09-30,002407,True,False,0.02034734354125989,0.01879472953803308,0.018256086504162914,0.01825360651401573,-0.00209373702724416,-0.1465513478232741,battery_materials
2024-09-30,002518,True,False,0.0059603329565306755,0.005395793621799846,0.004934700617173454,0.004934030264909998,-0.0010263026916206772,-0.022689210856883357,power_equipment_and_energy_services
2024-09-30,002709,True,False,0.027951906278902483,0.02334976019138927,0.023559722200146342,0.023556521739910054,-0.004395384538992429,-0.32510616918583385,battery_materials
2024-09-30,002812,True,False,0.025793854691193094,0.0195706656833503,0.02055122971227058,0.02054843793939049,-0.0052454167518026056,-0.4858715558422445,battery_materials
2024-09-30,002850,True,False,0.019936286095981918,0.023677597951227525,0.022241705588836033,0.022238684173994227,0.002302398078012309,0.35517414301689293,industrial_equipment_and_components
2024-09-30,300001,True,False,0.02045010790257939,0.02013420984454465,0.019526424204327462,0.019523771645706782,-0.0009263362568726063,0.38478464712892735,power_equipment_and_energy_services
2024-09-30,300014,True,False,0.06689959921899086,0.07193294749928644,0.06165192351526382,0.06164354843647363,-0.00525605078251723,0.2526128963907073,battery_cells_and_systems
2024-09-30,300037,True,False,0.02055287226389888,0.021746200799126664,0.02344490570351049,0.02344172084047135,0.0028888485765724697,0.539453438621257,battery_materials
2024-09-30,300068,True,False,0.009659849964032474,0.012783690892648933,0.006375899726462515,0.006375033595131604,-0.0032848163689008694,-1.0780447464814715,battery_cells_and_systems
2024-09-30,300073,True,False,0.019422464289384444,0.021130998844387534,0.02004528946598061,0.02004256642233367,0.0006201021329492254,0.25348872549937995,battery_materials
2024-09-30,300207,True,False,0.031137601479806806,0.03727558433174475,0.03305362890972833,0.033049138753855865,0.001911537274049059,0.6211466775704411,battery_cells_and_systems
2024-09-30,300274,True,False,0.10091460281574352,0.1093306413921151,0.11195411992275106,0.11193891156392334,0.01102430874817982,0.813459213277387,power_equipment_and_energy_services
2024-09-30,300376,True,False,0.0064741547631281485,0.004054812055987384,0.00348489294484811,0.0034844195410786193,-0.0029897352220495292,-1.2528053228277811,power_equipment_and_energy_services
2024-09-30,300390,True,False,0.013975953139451242,0.01975581271881079,0.016800774826736337,0.0167984925327723,0.0028225393933210587,0.6892641539055182,battery_materials
2024-09-30,300438,True,False,0.00883773507347652,0.004807160989889898,0.006538911364070722,0.006538023088494654,-0.0022997119849818655,-0.740599741829536,battery_cells_and_systems
2024-09-30,300450,True,False,0.025074504161956637,0.022159685869785326,0.020792606039595346,0.02078978147705283,-0.004284722684903805,-0.49247808677818433,industrial_equipment_and_components
2024-09-30,300457,True,False,0.009659849964032474,0.010828041826362112,0.009980646896079625,0.00997929107943408,0.00031944111540160684,0.13586824487099908,industrial_equipment_and_components
2024-09-30,300568,True,False,0.015311889836604668,0.015158849218488053,0.014278394954011073,0.014276455311646018,-0.0010354345249586495,-0.036353435702728004,battery_materials
2024-09-30,300750,True,False,0.10595005652039875,0.12440822802856862,0.12,0.11998369865208545,0.014033642131686702,1.0622055883128625,battery_cells_and_systems
2024-09-30,300763,True,False,0.014284246223409723,0.011764001703119547,0.010539197173950488,0.010537765481284883,-0.0037464807421248407,-0.35188310844359827,power_equipment_and_energy_services
2024-09-30,300769,True,False,0.008940499434796013,0.008391951679331816,0.006077378355126504,0.00607655277630171,-0.0028639466584943025,-0.939586146692309,battery_materials
2024-09-30,300919,True,False,0.019422464289384444,0.022104587548306243,0.02039686186044088,0.020394091057594616,0.0009716267682101723,0.30316496320229824,battery_materials
2024-09-30,301238,True,False,0.004624396259377249,0.004385509611776982,0.004465743243814413,0.004465136596861792,-0.0001592596625154567,0.06356515841411703,battery_materials
2024-09-30,301358,True,False,0.020244579179940398,0.019926027900847153,0.017136862336362538,0.017134534386736636,-0.0031100447932037624,-0.31284460306364054,battery_materials
2024-09-30,301487,True,False,0.002466344671667866,0.0018306567842000987,0.0015035754979165537,0.0015033712453556595,-0.0009629734263122065,-1.2506469310995207,battery_materials
2024-09-30,600549,True,False,0.019936286095981918,0.024326576075607835,0.025538879662213614,0.025535410344190934,0.005599124248209016,0.8709016551412215,battery_materials
2024-09-30,600699,True,False,0.02034734354125989,0.0189803323605626,0.019702554509319088,0.019699878024353572,-0.0006474655169063197,-0.04947782696521784,industrial_equipment_and_components
2024-09-30,600995,True,False,0.012742780803617307,0.0,0.014615747027285157,0.014613761557474134,0.0018709807538568272,0.9086470145045502,power_equipment_and_energy_services
2024-09-30,603659,True,False,0.020655636625218375,0.019302099621369143,0.01929316593675837,0.019290545065005806,-0.0013650915602125696,-0.03165411508587243,battery_materials
2024-09-30,605117,True,False,0.02558832596855411,0.028389368270716253,0.03149286277689755,0.031488584642622955,0.005900258674068844,1.1100473543380764,power_equipment_and_energy_services
2024-09-30,688005,True,False,0.010687493577227418,0.00836425730550409,0.008044062140069898,0.00804296939793997,-0.0026445241792874483,-0.6485107319844531,battery_materials
2024-09-30,688032,True,False,0.009454321241393487,0.0084346793921285,0.008319254719090133,0.008318124593543754,-0.001136196647849733,0.15141320502584982,power_equipment_and_energy_services
2024-09-30,688063,True,False,0.007707327098962081,0.0059185832017649475,0.006440187709726288,0.006439312845222194,-0.0012680142537398863,-0.3997463313215765,battery_cells_and_systems
2024-09-30,688248,True,False,0.005549275511252698,0.0,0.006005747924186185,0.006004932075966191,0.0004556565647134926,0.7426863009687819,power_equipment_and_energy_services
2024-09-30,688348,True,False,0.004316103175418765,0.00346806433201268,0.0032428178393490792,0.0032423773201672233,-0.001073725855251542,-0.30005079777627797,power_equipment_and_energy_services
2024-09-30,688390,True,False,0.010584729215907925,0.005428245740555483,0.004707150084140337,0.004706510643380274,-0.0058782185725276504,-1.7984189982178227,power_equipment_and_energy_services
2024-09-30,688567,True,False,0.010173671770629946,0.008898209491375984,0.008720033781813411,0.008718849212609212,-0.0014548225580207335,-0.21319692348043423,battery_cells_and_systems
2024-09-30,688772,True,False,0.013667660055492758,0.010963724514601963,0.012523749082024794,0.012522047798766624,-0.0011456122567261341,0.07179902268635667,battery_cells_and_systems
2024-09-30,688779,True,False,0.006165861679169665,0.0,0.004916289941255991,0.004915622089982814,-0.0012502395891868506,-0.4837522518273992,battery_materials
2024-09-30,688819,True,False,0.005240982427294216,0.0,0.005459076867582781,0.005458335281655191,0.0002173528543609757,0.14891264076283348,battery_cells_and_systems
2024-10-31,000009,True,False,0.024281215076704256,0.029440921001265326,0.02541823463900462,0.025415706497327113,0.0011344914206228573,0.29867061476009626,battery_materials
2024-10-31,001301,True,False,0.007111652951335974,0.011284760834169549,0.009628581359741262,0.009627623684348906,0.002515970733012932,1.0336345556605893,battery_materials
2024-10-31,002050,True,False,0.05831555420095499,0.056315536132640294,0.06219882660484569,0.06219264020173528,0.0038770860007802943,0.27411067583067283,industrial_equipment_and_components
2024-10-31,002074,True,False,0.027633851468048358,0.026399992988984964,0.027391615323042667,0.027388890905501638,-0.00024496056254671994,0.3556681747606034,battery_cells_and_systems
2024-10-31,002126,True,False,0.019709438179416845,0.020548354946446405,0.02181174542487118,0.021809575990862445,0.0021001378114456,0.3794926925059698,industrial_equipment_and_components
2024-10-31,002335,True,False,0.009143553794574825,0.007573709929738413,0.007128511741794644,0.007127802727660146,-0.002015751066914679,-0.3301868399761311,power_equipment_and_energy_services
2024-10-31,002340,True,False,0.04449862846693081,0.05356239188431991,0.05348764692373123,0.05348232694965198,0.008983698482721167,0.6936093172544155,battery_materials
2024-10-31,002407,True,False,0.020115818348064612,0.01793055171153688,0.019123270421772837,0.01912136838814815,-0.0009944499599164637,0.023343907779147688,battery_materials
2024-10-31,002518,True,False,0.005892512445392664,0.0049543081902688356,0.005187609263364018,0.005187093294754411,-0.0007054191506382524,0.017061752471977915,power_equipment_and_energy_services
2024-10-31,002709,True,False,0.027633851468048358,0.024359271206511244,0.02355610075283726,0.023553757822223916,-0.0040800936458244424,-0.2882450207932514,battery_materials
2024-10-31,002812,True,False,0.02550035558264756,0.021644560159306093,0.02105829206924437,0.02105619757501243,-0.004444158007635132,-0.3789344702856708,battery_materials
2024-10-31,002850,True,False,0.019709438179416845,0.022892660500318934,0.02211029375458698,0.022108094626443864,0.0023986564470270186,0.4183346191233808,industrial_equipment_and_components
2024-10-31,300001,True,False,0.020217413390226556,0.019941924277446628,0.020040769034175152,0.02003877574454807,-0.00017863764567848522,0.3560165444258756,power_equipment_and_energy_services
2024-10-31,300014,True,False,0.06613837244742456,0.06210235900431143,0.06023831050031842,0.06023231909353815,-0.005906053353886408,0.13630551488004444,battery_cells_and_systems
2024-10-31,300037,True,False,0.0203190084323885,0.022414713471065443,0.024216736805181893,0.02421432816656163,0.00389531973417313,0.6693087839495164,battery_materials
2024-10-31,300068,True,False,0.009549933963222592,0.00866635957830325,0.0067533672900873375,0.006752695588470286,-0.002797238374752306,-0.7383751901596994,battery_cells_and_systems
2024-10-31,300073,True,False,0.01920146296860713,0.019453799833240373,0.017889382555754375,0.01788760324675568,-0.0013138597218514507,-0.03430906212435228,battery_materials
2024-10-31,300207,True,False,0.030783297775068573,0.03445827185398165,0.030591120698970065,0.030588078053078276,-0.00019521972199029736,0.367251973179219,battery_cells_and_systems
2024-10-31,300274,True,False,0.09976633140302754,0.1031112476525743,0.1011796076356121,0.10116954413645055,0.0014032127334230038,0.4212799123459605,power_equipment_and_energy_services
2024-10-31,300376,True,False,0.006400487656202377,0.0041468782803459414,0.003931872810760745,0.003931481739875425,-0.0024690059163269516,-1.0110779711228612,power_equipment_and_energy_services
2024-10-31,300390,True,False,0.013816925734024179,0.016225163278948407,0.015116133190313234,0.015114629713503615,0.0012977039794794358,0.42468331283542154,battery_materials
2024-10-31,300438,True,False,0.008737173625927054,0.007019036391516906,0.005911792785235556,0.0059112047880775535,-0.0028259688378495006,-0.8895873471539328,battery_cells_and_systems
2024-10-31,300450,True,False,0.024789190287513967,0.020423851330158144,0.017657418120413552,0.017655661882999687,-0.00713352840451428,-0.8793720261549633,industrial_equipment_and_components
2024-10-31,300457,True,False,0.009549933963222592,0.011881674993641678,0.009495908777362701,0.009494964297815366,-5.4969665407226045e-05,0.07370934718526667,industrial_equipment_and_components
2024-10-31,300568,True,False,0.015137661282129431,0.015293467597154532,0.01328887689539647,0.013287555160665333,-0.0018501061214640981,-0.20424994256846435,battery_materials
2024-10-31,300750,True,False,0.10474448846896271,0.1185998558928452,0.12,0.11998806459199035,0.015243576123027638,0.8928664298865027,battery_cells_and_systems
2024-10-31,300763,True,False,0.014121710860510006,0.009226771836602827,0.011652737558426253,0.011651578556949678,-0.002470132303560328,-0.16797397990459034,power_equipment_and_energy_services
2024-10-31,300769,True,False,0.008838768668088996,0.006144608152205652,0.005559808964711771,0.005559255976474691,-0.003279512691614305,-1.1566082107396949,battery_materials
2024-10-31,300919,True,False,0.01920146296860713,0.019900436046961626,0.018999803519670556,0.018997913766277973,-0.00020354920232915769,0.13775165240879145,battery_materials
2024-10-31,301238,True,False,0.004571776897287412,0.0042722722970327575,0.004687283161135263,0.004686816955827055,0.00011504005853964303,0.2392059839494482,battery_materials
2024-10-31,301358,True,False,0.02001422330590267,0.021584991291424806,0.016975767018844748,0.016974078579631027,-0.0030401447262716416,-0.3025297254960939,battery_materials
2024-10-31,301487,True,False,0.0024382810118866198,0.001491676856190246,0.0014788893790052711,0.001478742286104108,-0.0009595387257825118,-1.2606598389952173,battery_materials
2024-10-31,600549,True,False,0.019709438179416845,0.024018752994748357,0.026510684578097785,0.026508047779455663,0.006798609600038818,1.0149174881981209,battery_materials
2024-10-31,600699,True,False,0.020115818348064612,0.01928161748346322,0.019596193686583586,0.01959424461519121,-0.0005215737328734017,0.015143775523794534,industrial_equipment_and_components
2024-10-31,600995,True,False,0.012597785228080869,0.014806024690904803,0.015804819207213553,0.015803247232498912,0.0032054620044180433,1.029072180287241,power_equipment_and_energy_services
2024-10-31,603659,True,False,0.020420603474550436,0.021955534225238268,0.01967384177846555,0.01967188498405936,-0.0007487184904910772,0.06147564033809988,battery_materials
2024-10-31,605117,True,False,0.02529716549832368,0.02965389491854154,0.03609566163067917,0.036092071493604674,0.010794905995280994,1.3967479277199049,power_equipment_and_energy_services
2024-10-31,688005,True,False,0.010565884384842019,0.008393877782780354,0.007922843042007981,0.007922055022305459,-0.00264382936253656,-0.6545980277959135,battery_materials
2024-10-31,688006,True,False,0.005587727318906837,0.0,0.00490671410883302,0.00490622607854239,-0.0006815012403644473,-0.2814190840141208,industrial_equipment_and_components
2024-10-31,688032,True,False,0.009346743878898708,0.0073033178211843065,0.007944774328669468,0.007943984127643158,-0.0014027597512555508,-0.0832353242671508,power_equipment_and_energy_services
2024-10-31,688063,True,False,0.0076196281621456865,0.006307632836174026,0.0059507475545474645,0.005950155682880582,-0.0016694724792651041,-0.47847302240838974,battery_cells_and_systems
2024-10-31,688248,True,False,0.005486132276744895,0.006278157449555321,0.006215548923007229,0.0062149307137372295,0.0007287984369923348,0.7377477749878099,power_equipment_and_energy_services
2024-10-31,688348,True,False,0.004266991770801584,0.0032971670465066377,0.003324273671078673,0.003323943033057006,-0.0009430487377445783,-0.33221986287798116,power_equipment_and_energy_services
2024-10-31,688390,True,False,0.010464289342680077,0.004152170662915141,0.0044949317406828134,0.004494484666980309,-0.005969804675699768,-2.0332321140900587,power_equipment_and_energy_services
2024-10-31,688567,True,False,0.010057909174032306,0.0083408261834558,0.00881317015758545,0.008812293584404707,-0.0012456155896275987,-0.08514605238067709,battery_cells_and_systems
2024-10-31,688772,True,False,0.013512140607538352,0.013317252790969453,0.013156687025759383,0.013155378438861819,-0.00035676216867653286,0.2595731740827368,battery_cells_and_systems
2024-10-31,688778,True,False,0.005790917403230721,0.0,0.005948632535471683,0.005948040874168265,0.00015712347093754363,0.24469014886006069,battery_materials
2024-10-31,688779,True,False,0.00609570252971655,0.004824381989489523,0.004722829544022035,0.00472235980320897,-0.0013733427265075803,-0.5611571071950473,battery_materials
2024-10-31,688819,True,False,0.0051813471502590676,0.004803011722614636,0.005151331507083002,0.0051508191467219185,-3.0528003537149025e-05,0.17991634531359268,battery_cells_and_systems
2024-11-29,000009,True,False,0.024281215076704256,0.02248187409467776,0.025443905971581384,0.02544130660623898,0.0011600915295347236,0.2871208322511741,battery_materials
2024-11-29,001301,True,False,0.007111652951335974,0.010979968357063507,0.010131727324061647,0.01013069226046354,0.003019039309127566,1.1647318779751414,battery_materials
2024-11-29,002050,True,False,0.05831555420095499,0.06424847974519801,0.0598233893300388,0.059817277735181335,0.0015017235342263471,0.1157211930461366,industrial_equipment_and_components
2024-11-29,002074,True,False,0.027633851468048358,0.027200053273425045,0.02554122810046673,0.025538618792634794,-0.0020952326754135643,0.10380614652190029,battery_cells_and_systems
2024-11-29,002126,True,False,0.019709438179416845,0.020038242456632133,0.022686264658622512,0.022683947015640808,0.0029745088362239623,0.4446760132832319,industrial_equipment_and_components
2024-11-29,002335,True,False,0.009143553794574825,0.006285330104746584,0.0075906138698864055,0.007589838408027562,-0.0015537153865472627,-0.24825926232994816,power_equipment_and_energy_services
2024-11-29,002340,True,False,0.04449862846693081,0.051882419565096,0.05340749493759218,0.05340203879451727,0.008903410327586458,0.6748907436907281,battery_materials
2024-11-29,002407,True,False,0.020115818348064612,0.02031616983067689,0.017528012628946384,0.01752622195621713,-0.002589596391847481,-0.2399632228173203,battery_materials
2024-11-29,002518,True,False,0.005892512445392664,0.004913436557862198,0.00519666287789087,0.005196131983562145,-0.0006963804618305191,-0.0754853817667146,power_equipment_and_energy_services
2024-11-29,002709,True,False,0.027633851468048358,0.02994631940284963,0.022479138574096544,0.022476842091245137,-0.005157009376803221,-0.43638509070884185,battery_materials
2024-11-29,002812,True,False,0.02550035558264756,0.0214654240844139,0.020499700177876418,0.020497605915689176,-0.005002749666958385,-0.4701802818556352,battery_materials
2024-11-29,002850,True,False,0.019709438179416845,0.023287892111716953,0.022617720233291807,0.022615409592851448,0.0029059714134346028,0.43603035594729544,industrial_equipment_and_components
2024-11-29,300001,True,False,0.020217413390226556,0.01983115294188913,0.020355445540031034,0.020353366014987787,0.00013595262476123054,0.3030003059337125,power_equipment_and_energy_services
2024-11-29,300014,True,False,0.06613837244742456,0.058840202219124095,0.06067577268717813,0.06066957401230397,-0.005468798435120589,0.08534334991739391,battery_cells_and_systems
2024-11-29,300037,True,False,0.0203190084323885,0.025182701822264047,0.024702186392332487,0.024699662801526044,0.004380654369137545,0.7115827742597822,battery_materials
2024-11-29,300068,True,False,0.009549933963222592,0.0057676068100285215,0.007095795331160935,0.007095070420273385,-0.002454863542949207,-0.5326608398701932,battery_cells_and_systems
2024-11-29,300073,True,False,0.01920146296860713,0.01924410060707831,0.018992390546435225,0.018990450271942346,-0.0002110126966647849,0.122202760698571,battery_materials
2024-11-29,300207,True,False,0.030783297775068573,0.030117504436294545,0.031948744783054116,0.0319454808793117,0.0011621831042431252,0.43595747964365644,battery_cells_and_systems
2024-11-29,300274,True,False,0.09976633140302754,0.0884082245288361,0.09925438709587571,0.09924424720563298,-0.000522084197394565,0.26886078376637257,power_equipment_and_energy_services
2024-11-29,300376,True,False,0.006400487656202377,0.0036724060578916316,0.004495656543634048,0.004495197264550721,-0.001905290391651656,-0.7257615618668479,power_equipment_and_energy_services
2024-11-29,300390,True,False,0.013816925734024179,0.01753972280868833,0.014680704899095417,0.014679205109104077,0.0008622793750798982,0.32673923960371354,battery_materials
2024-11-29,300438,True,False,0.008737173625927054,0.005573271364509001,0.0060655665987760675,0.006064946936699949,-0.002672226689227105,-0.7297560700020906,battery_cells_and_systems
2024-11-29,300450,True,False,0.024789190287513967,0.021634731092718233,0.01726709316417537,0.017265329147141774,-0.007523861140372193,-0.9903730311272299,industrial_equipment_and_components
2024-11-29,300457,True,False,0.009549933963222592,0.008742719141975778,0.010270035769634542,0.010268986576359159,0.0007190526131365671,0.2504880801925131,industrial_equipment_and_components
2024-11-29,300568,True,False,0.015137661282129431,0.013825477848090392,0.013473201759642684,0.01347182532892704,-0.0016658359532023912,-0.17932590931605646,battery_materials
2024-11-29,300750,True,False,0.10474448846896271,0.12415410042401728,0.12,0.11998774072497213,0.01524325225600942,0.7315647523771838,battery_cells_and_systems
2024-11-29,300763,True,False,0.014121710860510006,0.010703611784498952,0.011872846536768514,0.011871633599343035,-0.0022500772611669714,-0.21203852092004455,power_equipment_and_energy_services
2024-11-29,300769,True,False,0.008838768668088996,0.00660808785219403,0.005634376996721629,0.00563380138524485,-0.003204967282844146,-1.1329770198526627,battery_materials
2024-11-29,300919,True,False,0.01920146296860713,0.019255799474574932,0.018929384739031347,0.01892745090125115,-0.00027401206735598246,0.11270865042172998,battery_materials
2024-11-29,301238,True,False,0.004571776897287412,0.004789808197072179,0.004833460013704472,0.004832966224407438,0.0002611893271200257,0.3125133151165669,battery_materials
2024-11-29,301358,True,False,0.02001422330590267,0.01844742834635124,0.01857707466850177,0.018575176822938654,-0.0014390464829640154,-0.05941678004789311,battery_materials
2024-11-29,301487,True,False,0.0024382810118866198,0.0017527999770263535,0.0015290872792111025,0.001528931066698624,-0.0009093499451879958,-1.1797235502039654,battery_materials
2024-11-29,600549,True,False,0.019709438179416845,0.027566573342181388,0.025382207794135074,0.025379614731917053,0.005670176552500208,0.8761996253672137,battery_materials
2024-11-29,600699,True,False,0.020115818348064612,0.01802587216393729,0.020168344710808427,0.020166284300102873,5.0465952038260264e-05,0.05023529854689768,industrial_equipment_and_components
2024-11-29,600995,True,False,0.012597785228080869,0.014796336268949606,0.015527209622314837,0.015525623352871712,0.002927838124790843,0.8809109726033506,power_equipment_and_energy_services
2024-11-29,603659,True,False,0.020420603474550436,0.022723164226834538,0.020461791678814772,0.020459701289383493,3.909781483305702e-05,0.15923999536943298,battery_materials
2024-11-29,605117,True,False,0.02529716549832368,0.03206368227036893,0.03571244627744379,0.03570879787160351,0.010411632373279831,1.2687223668262548,power_equipment_and_energy_services
2024-11-29,688005,True,False,0.010565884384842019,0.00946071308237545,0.008184598076685161,0.008183761933028373,-0.002382122451813646,-0.5761634699264333,battery_materials
2024-11-29,688006,True,False,0.005587727318906837,0.005446891512931024,0.0049442526109252675,0.00494374750298723,-0.0006439798159196073,-0.3067779098888449,industrial_equipment_and_components
2024-11-29,688032,True,False,0.009346743878898708,0.00669825308602955,0.007834699199429843,0.007833898801661123,-0.001512845077237585,-0.22062752079304276,power_equipment_and_energy_services
2024-11-29,688063,True,False,0.0076196281621456865,0.005582445746276534,0.006063985825351489,0.006063366324768172,-0.0015562618373775143,-0.33947996499743227,battery_cells_and_systems
2024-11-29,688248,True,False,0.005486132276744895,0.005710938954573522,0.00658194786774963,0.0065812754518402156,0.0010951431750953209,0.8038661288673019,power_equipment_and_energy_services
2024-11-29,688348,True,False,0.004266991770801584,0.003033414325408087,0.003587975050277212,0.0035876085005027585,-0.0006793832702988258,-0.2116433318942751,power_equipment_and_energy_services
2024-11-29,688390,True,False,0.010464289342680077,0.003957247491798485,0.004991227064161886,0.004990717157284336,-0.005473572185395741,-1.8315449784261253,power_equipment_and_energy_services
2024-11-29,688567,True,False,0.010057909174032306,0.008400380064727996,0.008814615580117343,0.008813715073478499,-0.0012441941005538072,-0.05753186160515497,battery_cells_and_systems
2024-11-29,688772,True,False,0.013512140607538352,0.011694449620423856,0.012924507813297858,0.012923187437498833,-0.0005889531700395186,0.19696220812321286,battery_cells_and_systems
2024-11-29,688778,True,False,0.005790917403230721,0.007931924523979736,0.005577935419553934,0.005577365574183968,-0.00021355182904675332,0.046420067175972884,battery_materials
2024-11-29,688779,True,False,0.00609570252971655,0.004849375401673439,0.004815259256390613,0.004814767326494326,-0.0012809352032222242,-0.5202145572012146,battery_materials
2024-11-29,688819,True,False,0.0051813471502590676,0.004921270598048823,0.004827926123226629,0.004827432899275306,-0.00035391425098376186,0.10579479989152603,battery_cells_and_systems
2024-12-31,000009,True,False,0.024281215076704256,0.025167802238881015,0.024322717242956454,0.02432008503371353,3.8869957009274314e-05,0.11096135730437666,battery_materials
2024-12-31,001301,True,False,0.007111652951335974,0.009753635171445198,0.010218106688526293,0.01021700088301114,0.0031053479316751663,1.1415866212014603,battery_materials
2024-12-31,002050,True,False,0.05831555420095499,0.06461792437928425,0.05723683020244664,0.0572306360214269,-0.001084918179528084,-0.07068295069093182,industrial_equipment_and_components
2024-12-31,002074,True,False,0.027633851468048358,0.024890252969664645,0.026581219430415737,0.02657834280562197,-0.0010555086624263882,0.15011170238148427,battery_cells_and_systems
2024-12-31,002126,True,False,0.019709438179416845,0.02531737504998553,0.021271333139528534,0.021269031151673317,0.0015595929722564718,0.2005569509301218,industrial_equipment_and_components
2024-12-31,002335,True,False,0.009143553794574825,0.009737304501471344,0.007110007016127971,0.007109237569770554,-0.002034316224804271,-0.5140816356882154,power_equipment_and_energy_services
2024-12-31,002340,True,False,0.04449862846693081,0.05356403127308368,0.04993120070364593,0.04992579713928716,0.005427168672356347,0.4351897400867186,battery_materials
2024-12-31,002407,True,False,0.020115818348064612,0.016920584078148494,0.017289748297484236,0.017287877197523577,-0.002827941150541035,-0.3264686898020937,battery_materials
2024-12-31,002518,True,False,0.005892512445392664,0.006476216658265186,0.005331880568835588,0.005331303551671952,-0.0005612088937207117,-0.08103182944890447,power_equipment_and_energy_services
2024-12-31,002709,True,False,0.027633851468048358,0.019137392507694594,0.02493448994560887,0.024931791530203765,-0.0027020599378445934,-0.18760238708111926,battery_materials
2024-12-31,002812,True,False,0.02550035558264756,0.018765182457202996,0.021034281261690595,0.02103200492763621,-0.00446835065501135,-0.4440289827494194,battery_materials
2024-12-31,002850,True,False,0.019709438179416845,0.02204546237788862,0.024655054532189496,0.02465238635733978,0.004942948177922936,0.6223330289919022,industrial_equipment_and_components
2024-12-31,300001,True,False,0.020217413390226556,0.021119610605698825,0.020616918565796217,0.020614687398814856,0.00039727400858829975,0.26052877381341705,power_equipment_and_energy_services
2024-12-31,300014,True,False,0.06613837244742456,0.06209703092209504,0.0586453513945983,0.058639004783138174,-0.007499367664286383,-0.07917369703235784,battery_cells_and_systems
2024-12-31,300037,True,False,0.0203190084323885,0.024049752714511857,0.02338207597664126,0.023379545563781145,0.0030605371313926454,0.5072617881065413,battery_materials
2024-12-31,300068,True,False,0.009549933963222592,0.006408065674287656,0.007596850549210258,0.007596028416549955,-0.0019539055466726374,-0.4077649261851948,battery_cells_and_systems
2024-12-31,300073,True,False,0.01920146296860713,0.01777696640340316,0.019474570298098036,0.019472462756270837,0.000270999787663706,0.14643359883802187,battery_materials
2024-12-31,300207,True,False,0.030783297775068573,0.03323490962793026,0.0315180168796081,0.031514605993623594,0.0007313082185550213,0.3294102840596952,battery_cells_and_systems
2024-12-31,300274,True,False,0.09976633140302754,0.09609840707850795,0.09606779974553228,0.09605740326935276,-0.00370892813367478,0.09668785270537278,power_equipment_and_energy_services
2024-12-31,300376,True,False,0.006400487656202377,0.004611588406216223,0.004661808214156032,0.004661303712354384,-0.0017391839438479929,-0.7010098778339724,power_equipment_and_energy_services
2024-12-31,300390,True,False,0.013816925734024179,0.012858853964528403,0.014998120962632483,0.014996497863032632,0.0011795721290084535,0.34045510238355736,battery_materials
2024-12-31,300438,True,False,0.008737173625927054,0.005561187097537552,0.006806714650117418,0.00680597802611949,-0.001931195599807564,-0.4698781622220459,battery_cells_and_systems
2024-12-31,300450,True,False,0.024789190287513967,0.015599860370929208,0.019699455299291537,0.019697323420365287,-0.00509186686714868,-0.673955577109663,industrial_equipment_and_components
2024-12-31,300457,True,False,0.009549933963222592,0.009437961756687286,0.010088041736425456,0.010086950006564998,0.0005370160433424056,0.13928211820811381,industrial_equipment_and_components
2024-12-31,300568,True,False,0.015137661282129431,0.012002581943020058,0.013435935130631474,0.013434481091089554,-0.001703180191039877,-0.2346406134755342,battery_materials
2024-12-31,300750,True,False,0.10474448846896271,0.13023885496913307,0.12,0.11998701357640283,0.015242525107440119,0.6675639199117918,battery_cells_and_systems
2024-12-31,300763,True,False,0.014121710860510006,0.011389016156448993,0.012839155815898432,0.012837766359931306,-0.0012839445005787004,-0.06741861773421279,power_equipment_and_energy_services
2024-12-31,300769,True,False,0.008838768668088996,0.004560222666150674,0.006183694236176892,0.006183025035570673,-0.0026557436325183228,-0.9145800152827471,battery_materials
2024-12-31,300919,True,False,0.01920146296860713,0.018228827967948964,0.019020225245236916,0.019018166872720683,-0.00018329609588644755,0.0789860913431419,battery_materials
2024-12-31,301238,True,False,0.004571776897287412,0.004591932142169383,0.004903183095688813,0.004902652472250022,0.0003308755749626092,0.30603246717228094,battery_materials
2024-12-31,301358,True,False,0.02001422330590267,0.01723774214089938,0.018330209131465762,0.018328225432629047,-0.0016859978732736217,-0.1450400292221422,battery_materials
2024-12-31,301487,True,False,0.0024382810118866198,0.00119624114572876,0.0015747493006657025,0.0015745788809867212,-0.0008637021308998986,-1.1430528490132073,battery_materials
2024-12-31,600549,True,False,0.019709438179416845,0.025125248892688884,0.02468279801833592,0.024680126841080677,0.004970688661663832,0.7489647225036995,battery_materials
2024-12-31,600699,True,False,0.020115818348064612,0.02138828620033387,0.019388443460609188,0.019386345239445282,-0.0007294731086193301,-0.12256300653698843,industrial_equipment_and_components
2024-12-31,600995,True,False,0.012597785228080869,0.016243847958894005,0.016282866913415114,0.016281104778355836,0.003683319550274967,0.9377421344937192,power_equipment_and_energy_services
2024-12-31,603659,True,False,0.020420603474550436,0.017411006370837465,0.021799963029099114,0.021797603832813293,0.0013770003582628566,0.2928360379182088,battery_materials
2024-12-31,605117,True,False,0.02529716549832368,0.03794585528844118,0.03588659475115308,0.03588271109681226,0.010585545598488576,1.203682260833428,power_equipment_and_energy_services
2024-12-31,688005,True,False,0.010565884384842019,0.007510002451068889,0.00881454089821594,0.008813586986866616,-0.0017522973979754025,-0.41171119747494883,battery_materials
2024-12-31,688006,True,False,0.005587727318906837,0.004501377199972818,0.00543794210700586,0.0054373536118417064,-0.00015037370706513092,-0.09497056379255372,industrial_equipment_and_components
2024-12-31,688032,True,False,0.009346743878898708,0.0075385416273371616,0.008303151339298398,0.008302252770627702,-0.0010444911082710066,-0.13364453619530467,power_equipment_and_energy_services
2024-12-31,688063,True,False,0.0076196281621456865,0.005499634273821242,0.006359229556461964,0.006358541359388866,-0.00126108680275682,-0.2748136116144036,battery_cells_and_systems
2024-12-31,688248,True,False,0.005486132276744895,0.006783194896329037,0.006674015319140099,0.006673293055889864,0.0011871607791449695,0.7646157034584867,power_equipment_and_energy_services
2024-12-31,688348,True,False,0.004266991770801584,0.0032765484247076074,0.003957271356991537,0.003956843100307114,-0.0003101486704944704,-0.010677184542307427,power_equipment_and_energy_services
2024-12-31,688390,True,False,0.010464289342680077,0.0045370002996368754,0.005269647939119076,0.0052690776567828656,-0.005195211685897211,-1.755393043861505,power_equipment_and_energy_services
2024-12-31,688567,True,False,0.010057909174032306,0.009244105619688853,0.009075865732007365,0.009074883540033142,-0.0009830256339991642,-0.044136022010847036,battery_cells_and_systems
2024-12-31,688772,True,False,0.013512140607538352,0.013458219319457516,0.01239610900800735,0.012394767498652896,-0.0011173731088854558,0.007855717163684717,battery_cells_and_systems
2024-12-31,688778,True,False,0.005790917403230721,0.0054841175898324235,0.006092954199123929,0.006092294818422364,0.0003013774151916426,0.2513458108087252,battery_materials
2024-12-31,688779,True,False,0.00609570252971655,0.004513289925618825,0.0048400754724855916,0.004839551678566192,-0.0012561508511503578,-0.5529285735655202,battery_materials
2024-12-31,688819,True,False,0.0051813471502590676,0.004846946244485099,0.004978785642202872,0.004978246837041629,-0.00020310031321743843,0.12082479554819128,battery_cells_and_systems
2025-01-27,000009,True,False,0.024437627811860943,0.022458865499501365,0.024790436915913136,0.024787970547836283,0.0003503427359753397,0.16122141466274564,battery_materials
2025-01-27,001301,True,False,0.007157464212678936,0.008597486154769735,0.00983886789434231,0.009837889038270943,0.002680424825592007,1.0293717952987795,battery_materials
2025-01-27,002050,True,False,0.058691206543967284,0.0756683281705259,0.05671748402375401,0.056711841275606,-0.0019793652683612814,-0.14246198619811817,industrial_equipment_and_components
2025-01-27,002074,True,False,0.0278118609406953,0.026350316555720472,0.025505102429834527,0.025502564960622382,-0.002309295980072918,0.03769690784884902,battery_cells_and_systems
2025-01-27,002126,True,False,0.01983640081799591,0.023290303732248697,0.022197340634188274,0.022195132249861815,0.0023587314318659035,0.2765725881409251,industrial_equipment_and_components
2025-01-27,002335,True,False,0.009202453987730062,0.007161304919439014,0.007205463507582905,0.007204746645462471,-0.0019977073422675906,-0.4963745163527014,power_equipment_and_energy_services
2025-01-27,002340,True,False,0.04478527607361963,0.049366044491363066,0.051894968934684836,0.051889805972242346,0.007104529898622716,0.5412479823128507,battery_materials
2025-01-27,002407,True,False,0.020245398773006133,0.01652388931174986,0.017945377802011372,0.017943592439894195,-0.0023018063331119373,-0.22429223170442236,battery_materials
2025-01-27,002518,True,False,0.005930470347648261,0.005601417766968953,0.004975443990582585,0.004974948990181093,-0.0009555213574671678,-0.29911117441281987,power_equipment_and_energy_services
2025-01-27,002709,True,False,0.0278118609406953,0.023499877478164136,0.023786097851854083,0.023783731404154365,-0.004028129536540935,-0.326482483532811,battery_materials
2025-01-27,002812,True,False,0.025664621676891614,0.01931999661549891,0.020775891831391245,0.020773824865143137,-0.004890796811748477,-0.48350908549418825,battery_materials
2025-01-27,002850,True,False,0.01983640081799591,0.028074589989063124,0.023970587135245004,0.023968202332948284,0.004131801514952373,0.4961596516701566,industrial_equipment_and_components
2025-01-27,300001,True,False,0.020347648261758694,0.0227280383455919,0.020924816537515472,0.02092273475494354,0.0005750864931848461,0.28249175111070723,power_equipment_and_energy_services
2025-01-27,300014,True,False,0.0665644171779141,0.05422901083165784,0.05946969658437699,0.05946378002220855,-0.0071006371557055525,-0.004563796174993209,battery_cells_and_systems
2025-01-27,300037,True,False,0.02044989775051125,0.021156703678243186,0.021804169546375266,0.021802000278125018,0.0013521025276137695,0.30347779770126343,battery_materials
2025-01-27,300068,True,False,0.009611451942740285,0.006690105940992726,0.007603439577452034,0.007602683121214021,-0.002008768821526264,-0.5219468995312005,battery_cells_and_systems
2025-01-27,300073,True,False,0.01932515337423313,0.018138466892832463,0.02078648459766247,0.02078441657755393,0.0014592632033208,0.32854118332537224,battery_materials
2025-01-27,300207,True,False,0.030981595092024538,0.030780607629574838,0.03236197926981797,0.03235875961891607,0.001377164526891534,0.4216782000273228,battery_cells_and_systems
2025-01-27,300274,True,False,0.10040899795501024,0.09538410934827946,0.09982803361711676,0.09981810185689312,-0.0005908960981171191,0.18599617406904354,power_equipment_and_energy_services
2025-01-27,300376,False,True,0.0,0.00472645278879239,0.0,0.0,0.0,-0.7010098778339724,power_equipment_and_energy_services
2025-01-27,300390,True,False,0.01390593047034765,0.014388680726695245,0.015074254084397425,0.015072754366615837,0.0011668238962681873,0.35076243941326263,battery_materials
2025-01-27,300438,True,False,0.008793456032719837,0.006189246064894979,0.006807950096213694,0.006807272782181551,-0.001986183250538286,-0.6070898905080899,battery_cells_and_systems
2025-01-27,300450,True,False,0.02494887525562372,0.019448323616956652,0.019567319280632597,0.01956537255368353,-0.005383502701940188,-0.7389250932755325,industrial_equipment_and_components
2025-01-27,300457,True,False,0.009611451942740285,0.009817167578943622,0.010697502080136756,0.010696437799675626,0.0010849858569353405,0.2611472149215602,industrial_equipment_and_components
2025-01-27,300568,True,False,0.01523517382413088,0.013772838684042724,0.01381595165724278,0.013814577126320459,-0.0014205966978104202,-0.159114658916377,battery_materials
2025-01-27,300750,True,False,0.10541922290388549,0.1184426067380773,0.12,0.11998806135727957,0.014568838453394087,0.8165875176100581,battery_cells_and_systems
2025-01-27,300763,True,False,0.014212678936605317,0.01084349291970039,0.012019847909310037,0.012018652070395512,-0.0021940268662098052,-0.27621414298231,power_equipment_and_energy_services
2025-01-27,300769,True,False,0.008895705521472392,0.005473853437132777,0.005982422158044704,0.00598182697470514,-0.0029138785467672512,-1.013293419896311,battery_materials
2025-01-27,300919,True,False,0.01932515337423313,0.018069140758414454,0.02006287555856748,0.02006087952937383,0.0007357261551407014,0.22730664214415972,battery_materials
2025-01-27,301238,True,False,0.004601226993865031,0.004720883279230244,0.005069124374117624,0.0050686200535775576,0.00046739305971252657,0.39696908012343524,battery_materials
2025-01-27,301358,True,False,0.020143149284253578,0.018340370764122767,0.019125673466182477,0.019123770677996643,-0.0010193786062569349,-0.027827107406996385,battery_materials
2025-01-27,301487,True,False,0.0024539877300613494,0.0013729809040353182,0.0015309116653113286,0.0015307593569162563,-0.0009232283731450931,-1.227889305717376,battery_materials
2025-01-27,600549,True,False,0.01983640081799591,0.025316559897056577,0.024563931707220554,0.02456148787385004,0.00472508705585413,0.7310149310818559,battery_materials
2025-01-27,600699,True,False,0.020245398773006133,0.0214357823489866,0.020103356073674115,0.02010135601712707,-0.0001440427558790612,-0.06484259085746502,industrial_equipment_and_components
2025-01-27,600995,True,False,0.012678936605316974,0.016047788251522702,0.017026981244306627,0.01702528725225927,0.0043463506469422954,1.045029067074758,power_equipment_and_energy_services
2025-01-27,603659,True,False,0.0205521472392638,0.020520317547195813,0.020972418388663434,0.02097033187024572,0.0004181846309819215,0.1781039134412841,battery_materials
2025-01-27,605117,True,False,0.025460122699386505,0.03651196520420285,0.03133425858693263,0.03133114118261447,0.005871018483227967,0.7957178627353341,power_equipment_and_energy_services
2025-01-27,688005,True,False,0.01063394683026585,0.008961804513725953,0.008849426885974902,0.008848546468092633,-0.0017854003621732163,-0.40458998796994494,battery_materials
2025-01-27,688006,True,False,0.005623721881390594,0.005469976531704323,0.005539866805089085,0.005539315651001546,-8.440623038904853e-05,-0.08764978440152567,industrial_equipment_and_components
2025-01-27,688032,True,False,0.009406952965235174,0.007572502010087219,0.008340922114818192,0.008340092287409128,-0.0010668606778260464,-0.1410708472313574,power_equipment_and_energy_services
2025-01-27,688063,True,False,0.007668711656441718,0.006095786176864967,0.006484346688703384,0.006483701569550119,-0.0011850100868915992,-0.36649990425084006,battery_cells_and_systems
2025-01-27,688248,True,False,0.005521472392638037,0.006345695294869224,0.007462562433539945,0.007461819992984338,0.0019403476003463007,1.063306424812817,power_equipment_and_energy_services
2025-01-27,688348,True,False,0.0042944785276073615,0.003780167973175134,0.003774473951041874,0.0037740984335755488,-0.0005203800940318127,-0.1661967118447591,power_equipment_and_energy_services
2025-01-27,688390,True,False,0.010531697341513293,0.005023650265517284,0.005103106127702796,0.005102598426362604,-0.005429098915150689,-1.8675506777184867,power_equipment_and_energy_services
2025-01-27,688567,True,False,0.010122699386503066,0.009036581008657073,0.009735193153941689,0.009734224612334362,-0.0003884747741687046,0.07971134734761233,battery_cells_and_systems
2025-01-27,688772,True,False,0.013599182004089981,0.012070237499835292,0.012375742280720692,0.012374511034341612,-0.001224670969748369,-0.04537967267930029,battery_cells_and_systems
2025-01-27,688778,True,False,0.005828220858895705,0.005826918863152525,0.005760203336164081,0.005759630261083852,-6.859059781185242e-05,0.08672691060494458,battery_materials
2025-01-27,688779,True,False,0.006134969325153374,0.004430694080427304,0.0049938242273141215,0.004993327398286967,-0.001141641926866407,-0.4677458094715251,battery_materials
2025-01-27,688819,True,False,0.005214723926380368,0.004928070919794653,0.005443870982333739,0.0054433293787447875,0.00022860545236441914,0.18980619031057938,battery_cells_and_systems
2025-02-28,000009,True,False,0.024281215076704256,0.02334513180954088,0.0240467308556546,0.024044142626794995,-0.00023707244990926052,0.08585608339874573,battery_materials
2025-02-28,001301,True,False,0.007111652951335974,0.008784531947087173,0.009713271286847184,0.009712225815459963,0.002600572864123989,1.004294888422314,battery_materials
2025-02-28,002050,True,False,0.05831555420095499,0.05148702658221439,0.06121961267141865,0.06121302340282987,0.0028974692018748846,0.1754914874205787,industrial_equipment_and_components
2025-02-28,002074,True,False,0.027633851468048358,0.02627744573444725,0.025029975438773912,0.025027281380060704,-0.0026065700879876544,0.04421842860322364,battery_cells_and_systems
2025-02-28,002126,True,False,0.019709438179416845,0.03093826145500423,0.018842611859594512,0.018840583767206483,-0.0008688544122103618,-0.09185855611525262,industrial_equipment_and_components
2025-02-28,002335,True,False,0.009143553794574825,0.010554161210897466,0.007132756616664652,0.007131988894572423,-0.002011564900002402,-0.555187814237441,power_equipment_and_energy_services
2025-02-28,002340,True,False,0.04449862846693081,0.05093844873896936,0.05090333362960087,0.050897854736110484,0.0063992262691796725,0.49776952498489835,battery_materials
2025-02-28,002407,True,False,0.020115818348064612,0.017749835271794516,0.017995662469128884,0.017993725536693872,-0.0021220928113707405,-0.20462493296885784,battery_materials
2025-02-28,002518,True,False,0.005892512445392664,0.0051524249996498265,0.005349565982684837,0.005348990191274942,-0.0005435222541177219,-0.1218202413997233,power_equipment_and_energy_services
2025-02-28,002709,True,False,0.027633851468048358,0.024867067016524733,0.024387226262176584,0.024384601384674676,-0.0032492500833736816,-0.24349871556668826,battery_materials
2025-02-28,002812,True,False,0.02550035558264756,0.021502600053652572,0.021183318648505513,0.021181038618134758,-0.004319316964512803,-0.41633899911510186,battery_materials
2025-02-28,002850,True,False,0.019709438179416845,0.026247125163855176,0.023126036632832993,0.023123547501325652,0.003414109321908807,0.4933759503604013,industrial_equipment_and_components
2025-02-28,300001,True,False,0.020217413390226556,0.01938512489044707,0.021722443900047208,0.02172010584184958,0.0015026924516230236,0.3595031230084151,power_equipment_and_energy_services
2025-02-28,300014,True,False,0.06613837244742456,0.05994916590680758,0.06073354581326097,0.060727008861649404,-0.005411363585775153,0.10272832575474668,battery_cells_and_systems
2025-02-28,300037,True,False,0.0203190084323885,0.021621650375547672,0.020667374796588613,0.020665150298954323,0.00034614186656582377,0.16214935841532763,battery_materials
2025-02-28,300068,True,False,0.009549933963222592,0.010359101722861743,0.006692638516385482,0.006691918165654274,-0.002858015797568318,-0.7806198930586101,battery_cells_and_systems
2025-02-28,300073,True,False,0.01920146296860713,0.023196251269235867,0.019961154452582442,0.019959005967770293,0.0007575429991631619,0.22443914985564434,battery_materials
2025-02-28,300207,True,False,0.030783297775068573,0.03358662006971188,0.031473567025252724,0.03147017942154982,0.0006868816464812438,0.3970759100677803,battery_cells_and_systems
2025-02-28,300274,True,False,0.09976633140302754,0.08984845157701978,0.09821301479038533,0.09820244380005841,-0.0015638876029691329,0.10952855847860551,power_equipment_and_energy_services
2025-02-28,300376,True,False,0.006400487656202377,0.0,0.00592496035736042,0.005924322634358446,-0.0004761650218439309,-0.06620266253603363,power_equipment_and_energy_services
2025-02-28,300390,True,False,0.013816925734024179,0.014951447865601968,0.015696378857516947,0.015694689404551626,0.0018777636705274471,0.47795764501448207,battery_materials
2025-02-28,300438,True,False,0.008737173625927054,0.007797527067613661,0.00662756541388145,0.006626852067182638,-0.0021103215587444163,-0.5556618387787592,battery_cells_and_systems
2025-02-28,300450,True,False,0.024789190287513967,0.021069215247365734,0.019362465782148064,0.019360381736169788,-0.005428808551344179,-0.6692502637579123,industrial_equipment_and_components
2025-02-28,300457,True,False,0.009549933963222592,0.01100424748341611,0.010433509899760987,0.010432386906719163,0.0008824529434965714,0.28945879903411487,industrial_equipment_and_components
2025-02-28,300568,True,False,0.015137661282129431,0.014516247382637555,0.013912277030211301,0.013910779606003057,-0.0012268816761263745,-0.12759431159066284,battery_materials
2025-02-28,300750,True,False,0.10474448846896271,0.11295160961155394,0.12,0.11998708400468167,0.015242595535718953,0.8088125124012854,battery_cells_and_systems
2025-02-28,300763,True,False,0.014121710860510006,0.011172672151236593,0.011761668479617933,0.01176040253249278,-0.0023613083280172257,-0.3680988901012489,power_equipment_and_energy_services
2025-02-28,300769,True,False,0.008838768668088996,0.006452603194462848,0.00592089908576466,0.005920261799890726,-0.0029185068681982698,-1.0311153626438108,battery_materials
2025-02-28,300919,True,False,0.01920146296860713,0.020370527371774534,0.019708483314066293,0.019706362025081164,0.0005048990564740334,0.18804329671357728,battery_materials
2025-02-28,301238,True,False,0.004571776897287412,0.00670754615155879,0.0043234602777291525,0.004322994929456602,-0.0002487819678308103,-0.045973662811614024,battery_materials
2025-02-28,301358,True,False,0.02001422330590267,0.016810362682831682,0.019254474649375564,0.01925240222683866,-0.0007618210790640081,0.003013773180113838,battery_materials
2025-02-28,301487,True,False,0.0024382810118866198,0.0018275398040533948,0.00168120867834161,0.001681027724313122,-0.0007572532875734978,-0.9486078828000883,battery_materials
2025-02-28,600549,True,False,0.019709438179416845,0.0222165201186687,0.024748433593188377,0.024745769837751497,0.005036331658334652,0.7640325796312857,battery_materials
2025-02-28,600699,True,False,0.020115818348064612,0.020419147751553717,0.019567457286942463,0.019565351177053217,-0.0005504671710113949,-0.04232281552304884,industrial_equipment_and_components
2025-02-28,600995,True,False,0.012597785228080869,0.015488892436147862,0.01591866939366225,0.015916956014834227,0.0033191707867533584,0.8228329897893643,power_equipment_and_energy_services
2025-02-28,603659,True,False,0.020420603474550436,0.022335909394143434,0.0209625952434894,0.02096033897030586,0.0005397354957554223,0.18842216938216522,battery_materials
2025-02-28,605117,True,False,0.02529716549832368,0.031278067347976765,0.03196072224830026,0.03195728221047585,0.006660116712152168,0.8223865835467289,power_equipment_and_energy_services
2025-02-28,688005,True,False,0.010565884384842019,0.009639905915875715,0.009360004996566475,0.009358997548393849,-0.0012068868364481702,-0.23264907558054726,battery_materials
2025-02-28,688006,True,False,0.005587727318906837,0.005541049718691151,0.005225406344799046,0.005224843917099999,-0.0003628834018068383,-0.1548946014188816,industrial_equipment_and_components
2025-02-28,688032,True,False,0.009346743878898708,0.008057270962918542,0.008503302762476144,0.008502387523987224,-0.0008443563549114848,-0.11583883630215518,power_equipment_and_energy_services
2025-02-28,688063,True,False,0.0076196281621456865,0.006851225251215379,0.006388755458033474,0.006388067815236926,-0.0012315603469087609,-0.27431418475457914,battery_cells_and_systems
2025-02-28,688248,True,False,0.005486132276744895,0.007365082302217451,0.007282900998201468,0.00728211711557483,0.0017959848388299357,0.9637846405780499,power_equipment_and_energy_services
2025-02-28,688348,True,False,0.004266991770801584,0.003636231260508439,0.004036179568443309,0.004035745141139893,-0.00023124662966169177,-0.004519605996501946,power_equipment_and_energy_services
2025-02-28,688390,True,False,0.010464289342680077,0.004920369498029296,0.005194932447619991,0.005194373299926887,-0.00526991604275319,-1.8463678448280643,power_equipment_and_energy_services
2025-02-28,688567,True,False,0.010057909174032306,0.010933925285093361,0.009326794802474985,0.009325790928824955,-0.0007321182452073513,0.05527052752608114,battery_cells_and_systems
2025-02-28,688772,True,False,0.013512140607538352,0.012856981773748005,0.012689752158136348,0.012688386318307472,-0.00082375428923088,0.11530738706747698,battery_cells_and_systems
2025-02-28,688778,True,False,0.005790917403230721,0.006656152533370917,0.006107541320788536,0.006106883945995988,0.00031596654276526675,0.26567198603702974,battery_materials
2025-02-28,688779,True,False,0.00609570252971655,0.00500007032030913,0.004729809686287203,0.004729300601289164,-0.001366401928427386,-0.6112475119582081,battery_materials
2025-02-28,688819,True,False,0.0051813471502590676,0.005381194554006018,0.00499554821642993,0.0049950105291184654,-0.00018633662114060211,0.08718282517135506,battery_cells_and_systems
2025-03-31,000009,True,False,0.024437627811860943,0.02386219085379469,0.024187831282253016,0.02418623597744134,-0.00025139183441960297,0.0738097421115689,battery_materials
2025-03-31,001301,True,False,0.007157464212678936,0.010323256195850415,0.008321160776073958,0.008320611955153642,0.0011631477424747065,0.5335823258144895,battery_materials
2025-03-31,002050,True,False,0.058691206543967284,0.060898352129266205,0.06006554149036688,0.060061579876519104,0.0013703733325518205,0.07881616442128085,industrial_equipment_and_components
2025-03-31,002074,True,False,0.0278118609406953,0.024487720806730506,0.02623363228910473,0.026231902053792184,-0.0015799588869031163,0.1656736350500357,battery_cells_and_systems
2025-03-31,002126,True,False,0.01983640081799591,0.01774120383985091,0.0201569774786647,0.02015564802821562,0.0003192472102197079,0.05848878850796718,industrial_equipment_and_components
2025-03-31,002335,True,False,0.009202453987730062,0.007185355820216231,0.007834051996570163,0.007833535302836888,-0.0013689186848931736,-0.3721098117706376,power_equipment_and_energy_services
2025-03-31,002340,True,False,0.04478527607361963,0.050985445578951974,0.052162074036717375,0.05215863369488901,0.00737335762126938,0.5388116112910034,battery_materials
2025-03-31,002407,True,False,0.020245398773006133,0.018378521035679402,0.017874130974547767,0.017872952088900045,-0.002372446684106088,-0.25275790181296737,battery_materials
2025-03-31,002518,True,False,0.005930470347648261,0.005428666951378852,0.005420206187570503,0.005419848698678242,-0.0005106216489700194,-0.16919368672108412,power_equipment_and_energy_services
2025-03-31,002709,True,False,0.0278118609406953,0.022775994169383886,0.02507049738299734,0.02506884386207438,-0.002743017078620919,-0.19332291436583993,battery_materials
2025-03-31,002812,True,False,0.025664621676891614,0.020879551782617592,0.021502692106976484,0.02150127390011941,-0.004163347776772203,-0.4023642944632987,battery_materials
2025-03-31,002850,True,False,0.01983640081799591,0.022524384911716582,0.022795469455141146,0.022793965983346515,0.0029575651653506035,0.4099496534207129,industrial_equipment_and_components
2025-03-31,300001,True,False,0.020347648261758694,0.022857293204540188,0.022761372635858562,0.022759871412914568,0.002412223151155874,0.4081470154651261,power_equipment_and_energy_services
2025-03-31,300014,True,False,0.0665644171779141,0.06393076208590576,0.060052147616692364,0.06004818688623553,-0.006516230291678568,0.060113377439480725,battery_cells_and_systems
2025-03-31,300037,True,False,0.02044989775051125,0.019890536532092717,0.021888010384380617,0.021886566763913918,0.0014366690134026694,0.2973398396588518,battery_materials
2025-03-31,300068,True,False,0.009611451942740285,0.005723071100135003,0.006816404228821982,0.006815954653895745,-0.0027954972888445404,-0.7614867854643295,battery_cells_and_systems
2025-03-31,300073,True,False,0.01932515337423313,0.019271987019301075,0.020388841040373404,0.020387496297397622,0.0010623429231644936,0.2562514937601854,battery_materials
2025-03-31,300207,True,False,0.030981595092024538,0.030026793496523447,0.03247332767759368,0.03247118590410061,0.0014895908120760755,0.474366236859114,battery_cells_and_systems
2025-03-31,300274,True,False,0.10040899795501024,0.10058757797056118,0.09521566753747988,0.09520938760230103,-0.0051996103527092025,-0.06387269014492247,power_equipment_and_energy_services
2025-03-31,300376,False,True,0.0,0.005820730548847864,0.0,0.0,0.0,-0.06620266253603363,power_equipment_and_energy_services
2025-03-31,300390,True,False,0.01390593047034765,0.014832525371054313,0.015528281147781963,0.015527256982310366,0.0016213265119627163,0.41844388691846124,battery_materials
2025-03-31,300438,True,False,0.008793456032719837,0.005930734986719055,0.006850356701911937,0.0068499048876553914,-0.0019435511450644457,-0.4923882019523454,battery_cells_and_systems
2025-03-31,300450,True,False,0.02494887525562372,0.01862658643782048,0.020822172102648084,0.020820798779386595,-0.004128076476237124,-0.5039174575510427,industrial_equipment_and_components
2025-03-31,300457,True,False,0.009611451942740285,0.010432747533189983,0.010371711764022998,0.01037102769931751,0.0007595757565772247,0.2301886424324622,industrial_equipment_and_components
2025-03-31,300568,True,False,0.01523517382413088,0.013170219592920647,0.014489574903265119,0.01448861924550926,-0.0007465545786216193,-0.040198836493564524,battery_materials
2025-03-31,300750,True,False,0.10541922290388549,0.12014373806202043,0.12,0.11999208541786294,0.01457286251397745,0.8151932470361263,battery_cells_and_systems
2025-03-31,300763,True,False,0.014212678936605317,0.013159645767977929,0.011882675823550454,0.011881892103435338,-0.002330786833169979,-0.4237172667331087,power_equipment_and_energy_services
2025-03-31,300769,True,False,0.008895705521472392,0.005126934880708984,0.006221939239402575,0.006221528872326224,-0.0026741766491461677,-0.9182262608146925,battery_materials
2025-03-31,300919,True,False,0.01932515337423313,0.019373708374385568,0.019764210922412484,0.019762907376823152,0.00043775400259002395,0.1673515784729786,battery_materials
2025-03-31,301238,True,False,0.004601226993865031,0.0038416357316135635,0.004705376485578888,0.004705066143173213,0.0001038391493081818,0.16711597929305866,battery_materials
2025-03-31,301358,True,False,0.020143149284253578,0.016771210819093118,0.017472912266352947,0.0174717598430254,-0.0026713894412281787,-0.30315606571285425,battery_materials
2025-03-31,301487,True,False,0.0024539877300613494,0.0014897100035237809,0.001760888804290174,0.0017607726651312089,-0.0006932150649301405,-0.8451081487068435,battery_materials
2025-03-31,600549,True,False,0.01983640081799591,0.026039165763706486,0.02375326661543468,0.02375169997227092,0.00391529915427501,0.6180262805285142,battery_materials
2025-03-31,600699,True,False,0.020245398773006133,0.019431521926548553,0.019256267207834975,0.01925499716359773,-0.000990401609408404,-0.13043349736499216,industrial_equipment_and_components
2025-03-31,600995,True,False,0.012678936605316974,0.01631191597636395,0.01691250733837581,0.016911391876471865,0.0042324552711548915,0.9110377865703463,power_equipment_and_energy_services
2025-03-31,603659,True,False,0.0205521472392638,0.023491269041558484,0.021170648389028577,0.021169252082065493,0.0006171048428016933,0.18788028253520683,battery_materials
2025-03-31,605117,True,False,0.025460122699386505,0.033042346613011295,0.032170515558640506,0.03216839375707566,0.006708271057689157,0.756253812186263,power_equipment_and_energy_services
2025-03-31,688005,True,False,0.01063394683026585,0.008987265426846554,0.009921293668231973,0.009920639310784947,-0.0007133075194809026,-0.09502937646439528,battery_materials
2025-03-31,688006,True,False,0.005623721881390594,0.005136212492903973,0.005325316534041077,0.005324965303581789,-0.000298756577808805,-0.14309229386638894,industrial_equipment_and_components
2025-03-31,688032,True,False,0.009406952965235174,0.00926205484837968,0.008770512460219133,0.00876993400237538,-0.000637018962859795,-0.11229135862224243,power_equipment_and_energy_services
2025-03-31,688063,True,False,0.007668711656441718,0.006171557913034594,0.006557793141293479,0.006557360623023023,-0.001111351033418695,-0.2329420154217708,battery_cells_and_systems
2025-03-31,688248,True,False,0.005521472392638037,0.007327148580254919,0.007188162486206052,0.007187688392019288,0.001666215999381251,0.8415511167489678,power_equipment_and_energy_services
2025-03-31,688348,True,False,0.0042944785276073615,0.004233877916392257,0.004229222060386061,0.004228943122674621,-6.553540493274036e-05,0.0441137472831534,power_equipment_and_energy_services
2025-03-31,688390,True,False,0.010531697341513293,0.006060282001233685,0.0056110159355927,0.005610645861871911,-0.004921051479641382,-1.7111595081272704,power_equipment_and_energy_services
2025-03-31,688567,True,False,0.010122699386503066,0.010100329086926107,0.009431641533873571,0.009431019471360179,-0.0006916799151428874,0.060851666871468896,battery_cells_and_systems
2025-03-31,688772,True,False,0.013599182004089981,0.012523678424818696,0.012744772913264025,0.01274393233366369,-0.0008552496704262915,0.10598421647272493,battery_cells_and_systems
2025-03-31,688778,True,False,0.005828220858895705,0.005614967333793161,0.006431174637544287,0.0064307504703783975,0.0006025296114826927,0.3844377969656964,battery_materials
2025-03-31,688779,True,False,0.006134969325153374,0.004740406942609677,0.004808507819791996,0.004808190675374525,-0.0013267786497788495,-0.5928870185155597,battery_materials
2025-03-31,688819,True,False,0.005214723926380368,0.00504720611724561,0.004627244960838922,0.004626939771586331,-0.000587784154794037,-0.19536537689050307,battery_cells_and_systems
2025-04-30,000009,True,False,0.020903436320995204,0.025214068252716715,0.02178769088423322,0.021782906581832184,0.0008794702608369807,0.2338864136083345,battery_materials
2025-04-30,001301,True,False,0.01009483022330988,0.007981456806664448,0.011428349116008044,0.011425839594535296,0.001331009371225416,0.470006385305544,battery_materials
2025-04-30,002050,True,False,0.05832568573467931,0.06098758633791722,0.059508367736707896,0.059495300448937145,0.0011696147142578328,0.058685510719375576,industrial_equipment_and_components
2025-04-30,002074,True,False,0.02549199551340879,0.02718045665568967,0.027199156812408767,0.027193184220272445,0.0017011887068636537,0.4060397716025616,battery_cells_and_systems
2025-04-30,002126,True,False,0.01723258896706434,0.020255643315220607,0.01712776047324339,0.017123999432847148,-0.00010858953421719053,-0.01610332860015204,industrial_equipment_and_components
2025-04-30,002335,True,False,0.010400734169470786,0.008266101107026936,0.009134904800955026,0.00913289889095728,-0.0012678352785135058,-0.3792777361358578,power_equipment_and_energy_services
2025-04-30,002340,True,False,0.037116345467523196,0.05347916290486752,0.04097842299619674,0.0409694246508203,0.003853079183297102,0.3983338401898546,battery_materials
2025-04-30,002407,True,False,0.015805037218313448,0.01906382675836968,0.0173677776580276,0.017363963912881707,0.0015589266945682592,0.3849044733401381,battery_materials
2025-04-30,002518,True,False,0.005812174977057203,0.005225133722821046,0.006198786153755892,0.006197424978419024,0.00038525000136182055,0.1755001731667813,power_equipment_and_energy_services
2025-04-30,002709,True,False,0.029162842867339656,0.025679369457213524,0.030284359726772205,0.030277709662948345,0.0011148667956086891,0.2233275420169501,battery_materials
2025-04-30,002812,True,False,0.0205975323748343,0.021129481418378525,0.015807281657711798,0.01580381057782588,-0.004793721797008422,-0.6407769920250317,battery_materials
2025-04-30,002850,True,False,0.020495564392780663,0.02687860528040267,0.022831517359887227,0.02282650384634398,0.002330939453563316,0.3097114198052748,industrial_equipment_and_components
2025-04-30,300001,True,False,0.018048332823493423,0.02369162847387853,0.01767995130644199,0.01767606901189618,-0.00037226381159724195,-0.06741597804771499,power_equipment_and_energy_services
2025-04-30,300014,True,False,0.06383195676557561,0.057196803341629354,0.0624741964686362,0.0624604779222443,-0.00137147884333131,0.15940602439257207,battery_cells_and_systems
2025-04-30,300037,True,False,0.022025084123585194,0.022870758617082786,0.02426607386439597,0.02426074534031923,0.002235661216734037,0.39235966228214714,battery_materials
2025-04-30,300068,False,True,0.0,0.006175952450184242,0.0,0.0,0.0,-0.7614867854643295,battery_cells_and_systems
2025-04-30,300073,True,False,0.018048332823493423,0.020312173090718595,0.018637002884738747,0.018632910433724854,0.0005845776102314307,0.20721236063577353,battery_materials
2025-04-30,300207,True,False,0.03650453757520138,0.030443423117552534,0.0350599548083268,0.03505225608399382,-0.0014522814912075604,0.10547276787562315,battery_cells_and_systems
2025-04-30,300274,True,False,0.10196798205363516,0.09079980372941412,0.09392179690180115,0.09390117285858268,-0.008066809195052482,-0.24334272461060125,power_equipment_and_energy_services
2025-04-30,300390,True,False,0.014887325379830733,0.014228368539588223,0.013234065998088594,0.013231159963939929,-0.0016561654158908038,-0.2208208777373748,battery_materials
2025-04-30,300432,True,False,0.012338125828489853,0.0,0.013328651698927335,0.013325724894950512,0.0009875990664606586,0.33614425006437965,battery_materials
2025-04-30,300438,True,False,0.011012542061792597,0.006367381713546044,0.007542120422362588,0.0075404642677458665,-0.0034720777940467308,-0.860682848195729,battery_cells_and_systems
2025-04-30,300450,True,False,0.024370347710818804,0.021542791647990688,0.021960881656964342,0.021956059324051754,-0.0024142883867670495,-0.2961108701282257,industrial_equipment_and_components
2025-04-30,300457,True,False,0.00825940654634445,0.009463529204103616,0.007799248092478789,0.007797535475865427,-0.0004618710704790219,-0.16245668796240137,industrial_equipment_and_components
2025-04-30,300568,True,False,0.014479453451616192,0.0141162577352637,0.01271452912300457,0.012711737172607694,-0.0017677162790084976,-0.25587611625397355,battery_materials
2025-04-30,300750,True,False,0.10828999694096053,0.12236929955285414,0.11591823336994544,0.11589277918642583,0.007602782245465303,0.4153277733148857,battery_cells_and_systems
2025-04-30,300763,True,False,0.016110941164474358,0.01234297516442157,0.01696689581334104,0.01696317009679727,0.0008522289323229133,0.13940555622990072,power_equipment_and_energy_services
2025-04-30,300769,True,False,0.009075150402773529,0.006079922973740196,0.006754628543893578,0.006753145312571251,-0.0023220050902022773,-0.7282381077728648,battery_materials
2025-04-30,300827,True,False,0.01029876618741715,0.0,0.008295228925671335,0.008293407397916185,-0.002005358789500965,-0.6266204523883394,power_equipment_and_energy_services
2025-04-30,300919,True,False,0.01876210869786887,0.01936629618061382,0.018680029274288117,0.018675927375221196,-8.618132264767361e-05,0.10298369785374697,battery_materials
2025-04-30,301238,True,False,0.003772815335984501,0.004713319292007531,0.003495621372119995,0.003494853777710261,-0.0002779615582742404,-0.10251917706462527,battery_materials
2025-04-30,301358,True,False,0.022636892015907007,0.014851588357088668,0.017927006233975768,0.017923069689280677,-0.00471382232662633,-0.5509829312721826,battery_materials
2025-04-30,301487,True,False,0.004180687264199041,0.0016971279364266533,0.0025284474675370946,0.0025278922523307604,-0.0016527950118682805,-1.321261570308749,battery_materials
2025-04-30,600549,True,False,0.01825226878760069,0.024601841627014693,0.021222552583295872,0.021217892378145177,0.0029656235905444854,0.5462961811799153,battery_materials
2025-04-30,600699,True,False,0.017130620985010704,0.019263510609462953,0.016586439017416632,0.016582796844391626,-0.0005478241406190777,-0.09090446094541066,industrial_equipment_and_components
2025-04-30,600995,True,False,0.010706638115631693,0.018859719567033542,0.015052177761549126,0.015048872492964764,0.004342234377333071,0.9648147701290697,power_equipment_and_energy_services
2025-04-30,603659,True,False,0.018864076679922508,0.021171668658544966,0.02104317720197229,0.021038556385395268,0.00217447970547276,0.427844602859649,battery_materials
2025-04-30,605117,True,False,0.023962475782604263,0.03311768793449178,0.03580046821421391,0.03579260688246721,0.011830131099862945,1.1385665571369963,power_equipment_and_energy_services
2025-04-30,688005,True,False,0.011828285918221677,0.00935145360263086,0.010752825472130018,0.010750464287138108,-0.0010778216310835687,-0.15684738439598422,battery_materials
2025-04-30,688006,False,True,0.0,0.005482227725352307,0.0,0.0,0.0,-0.14309229386638894,industrial_equipment_and_components
2025-04-30,688032,True,False,0.005914142959110838,0.008371756849765532,0.00642122937313044,0.006419819352065303,0.000505676392954465,0.22654119193492372,power_equipment_and_energy_services
2025-04-30,688063,True,False,0.008055470582237179,0.007292722372532343,0.005983458610228314,0.005982144718106953,-0.0020733258641302257,-0.6287434975219196,battery_cells_and_systems
2025-04-30,688248,True,False,0.00632201488732538,0.007238269979364977,0.008548471630933401,0.008546594494270945,0.002224579606945565,0.8535456072004736,power_equipment_and_energy_services
2025-04-30,688348,False,True,0.0,0.003835665441876633,0.0,0.0,0.0,0.0441137472831534,power_equipment_and_energy_services
2025-04-30,688390,True,False,0.008055470582237179,0.005415827578221835,0.005235230182046959,0.005234080591461015,-0.002821389990776164,-1.239754863059967,power_equipment_and_energy_services
2025-04-30,688472,True,False,0.020291628428673398,0.0,0.014636161067290564,0.0146329471507306,-0.005658681277942798,-0.9419621015556644,power_equipment_and_energy_services
2025-04-30,688567,True,False,0.009483022330988071,0.008695492160056873,0.0103228336960328,0.010320566931817179,0.0008375446008291078,0.46327907658111495,battery_cells_and_systems
2025-04-30,688772,True,False,0.012134189864382583,0.010687376111674082,0.010380719297391422,0.010378439822227078,-0.0017557500421555051,-0.22509844758572842,battery_cells_and_systems
2025-04-30,688778,True,False,0.008973182420719894,0.006997966330691477,0.010222818710212325,0.010220573908027436,0.001247391487307542,0.48803025008496725,battery_materials
2025-04-30,688779,True,False,0.00571020699500357,0.004906879669139626,0.005052708130002498,0.005051598618959471,-0.0006586083760440984,-0.23400650259061395,battery_materials
2025-04-30,688819,True,False,0.0039767513000917715,0.004739640646751931,0.0038997894493062427,0.0038989331046791324,-7.781819541263909e-05,0.16499937953661997,battery_cells_and_systems
2025-05-30,000009,True,False,0.021120956109622908,0.022321828187637387,0.025132309257433583,0.02512958136017665,0.004008625250553743,0.6315545121367919,battery_materials
2025-05-30,001301,True,False,0.010199876365134966,0.010483467638472944,0.011032479134835299,0.011031281653566833,0.0008314052884318673,0.3589243983857903,battery_materials
2025-05-30,002050,True,False,0.05893261899855758,0.05728560796585823,0.06118354132213027,0.06117690037191625,0.002244281373358664,0.15604786992224717,industrial_equipment_and_components
2025-05-30,002074,True,False,0.025757263548320624,0.03187858255345,0.02404916334224543,0.024046553011215326,-0.0017107105371052984,0.06368113217550864,battery_cells_and_systems
2025-05-30,002126,True,False,0.01741191015866474,0.016588588863017253,0.01615780340812793,0.016156049616737587,-0.0012558605419271535,-0.1646230675823504,industrial_equipment_and_components
2025-05-30,002335,True,False,0.010508963527714814,0.008067810003333137,0.010056799918577554,0.010055708338944725,-0.00045325518877008947,-0.15838406985291997,power_equipment_and_energy_services
2025-05-30,002340,True,False,0.03750257572635483,0.040120054774376225,0.04081684902876707,0.040812418708840566,0.003309842982485739,0.3766883244176042,battery_materials
2025-05-30,002407,True,False,0.015969503399958788,0.01699499604034358,0.017558388103549587,0.017556482290667325,0.0015869788907085375,0.4057328342011509,battery_materials
2025-05-30,002518,True,False,0.005872656089017101,0.0059154995086511675,0.006485243698872558,0.006484539781126063,0.0006118836921089619,0.250764292820193,power_equipment_and_energy_services
2025-05-30,002709,True,False,0.02946630949927879,0.029024812860496,0.03009938036056751,0.03009611333021706,0.0006298038309382678,0.19546455240599314,battery_materials
2025-05-30,002812,True,False,0.020811868947043063,0.015680180831234566,0.018711126518159756,0.018709095585379955,-0.002102773361663108,-0.16928437399019952,battery_materials
2025-05-30,002850,True,False,0.020708839892849776,0.019276071653977066,0.02521668745941945,0.025213950403630232,0.004505110510780456,0.6116531233374699,industrial_equipment_and_components
2025-05-30,300001,True,False,0.018236142592211003,0.016776909917914272,0.019139495381220867,0.019137417952664076,0.0009012753604530736,0.1054104651862592,power_equipment_and_energy_services
2025-05-30,300014,True,False,0.06449618792499484,0.06851201511899041,0.06369757075307861,0.06369065692646798,-0.0008055309985268572,0.2536324144282934,battery_cells_and_systems
2025-05-30,300037,True,False,0.02225427570574902,0.023158430971367126,0.024856693009840745,0.024853995028370622,0.0025997193226216034,0.4507098959706751,battery_materials
2025-05-30,300073,True,False,0.018236142592211003,0.018555770505193765,0.018729560138134493,0.018727527204542876,0.0004913846123318737,0.21100890814355405,battery_materials
2025-05-30,300207,True,False,0.03688440140119513,0.03375413096109822,0.03595487980038102,0.035950977205638286,-0.0009334241955568437,0.20253577651545907,battery_cells_and_systems
2025-05-30,300274,True,False,0.1030290541932825,0.09254306087195562,0.09534883203735821,0.0953384827369934,-0.007690571456289097,-0.25406806236444296,power_equipment_and_energy_services
2025-05-30,300390,True,False,0.015042241912219244,0.013021218903131614,0.012701936252072242,0.012700557565509665,-0.0023416843467095796,-0.3484353154475442,battery_materials
2025-05-30,300432,True,False,0.01246651555738718,0.011406131107604295,0.013320737100191996,0.013319291248088883,0.0008527756907017025,0.32408935564231633,battery_materials
2025-05-30,300438,True,False,0.01112713785287451,0.008108535829392817,0.007898981080815527,0.007898123713965461,-0.003229014138909048,-0.8183939547503102,battery_cells_and_systems
2025-05-30,300450,True,False,0.024623943952194517,0.021724655190096614,0.022313788920291556,0.022311366949315313,-0.0023125770028792035,-0.2325177204880973,industrial_equipment_and_components
2025-05-30,300457,True,False,0.008345353389655884,0.008091426913853011,0.0075171541127433015,0.007516338189945518,-0.0008290151997103661,-0.2496685882055787,industrial_equipment_and_components
2025-05-30,300568,True,False,0.014630125695446113,0.013706757067083391,0.011952749478687415,0.011951452109942596,-0.0026786735855035167,-0.4427597291821237,battery_materials
2025-05-30,300750,True,False,0.109416855553266,0.1237729841985486,0.12,0.11998697502615144,0.010570119472885442,0.6357683814227254,battery_cells_and_systems
2025-05-30,300763,True,False,0.016278590562538636,0.016419498821480406,0.017839751232655864,0.017837814880211945,0.0015592243176733092,0.22892435487700108,power_equipment_and_energy_services
2025-05-30,300769,True,False,0.009169585823202141,0.006578509649295324,0.0064074171062647,0.006406721635929318,-0.0027628641872728234,-0.8893723109497572,battery_materials
2025-05-30,300827,True,False,0.010405934473521531,0.00789038070016307,0.008425238666073233,0.008424324178462454,-0.001981610295059078,-0.6359981094861393,power_equipment_and_energy_services
2025-05-30,300919,True,False,0.01895734597156398,0.01839387413532677,0.018651854488079496,0.01864982998877171,-0.00030751598279226897,0.08831325253428846,battery_materials
2025-05-30,301238,True,False,0.0038120750051514525,0.003503311599252347,0.0037707445253457768,0.003770335243272175,-4.173976187927739e-05,0.10358392884837225,battery_materials
2025-05-30,301358,True,False,0.022872450030908716,0.017679477363761322,0.015958917715671615,0.015957185511622465,-0.00691526451928625,-0.8935993882639532,battery_materials
2025-05-30,301487,True,False,0.0042241912219245815,0.002505618699200795,0.0025007275990171825,0.002500456166420686,-0.0017237350555038954,-1.3631157695471583,battery_materials
2025-05-30,600549,True,False,0.018442200700597565,0.02222076198030298,0.021589229724431374,0.02158688639815995,0.003144685697562384,0.5848816549358724,battery_materials
2025-05-30,600699,True,False,0.017308881104471457,0.017979076188083358,0.014942572273681481,0.014940950385239024,-0.002367930719232433,-0.37106318742608924,industrial_equipment_and_components
2025-05-30,600995,True,False,0.010818050690294663,0.015567381451685916,0.016253051068350934,0.016251286938641564,0.005433236248346901,1.1303133526581854,power_equipment_and_energy_services
2025-05-30,603659,True,False,0.019060375025757265,0.01938297769149189,0.021790468294288545,0.021788103125291204,0.002727728099533939,0.5171903813628259,battery_materials
2025-05-30,605117,True,False,0.024211827735421385,0.033828935648379216,0.03484374413270442,0.0348399621422368,0.010628134406815416,1.0073642085497108,power_equipment_and_energy_services
2025-05-30,688005,True,False,0.011951370286420768,0.0097529388088883,0.010557468383544492,0.010556322460631137,-0.001395047825789631,-0.21959102651544157,battery_materials
2025-05-30,688032,True,False,0.005975685143210384,0.006519750241875802,0.0049649338502741145,0.004964394949161117,-0.0010112901940492669,-0.5621533209506006,power_equipment_and_energy_services
2025-05-30,688063,True,False,0.008139295281269318,0.006184646618633458,0.006537235111605837,0.006536525550636083,-0.0016027697306332349,-0.49709552588719175,battery_cells_and_systems
2025-05-30,688248,False,True,0.0,0.008578955237851942,0.0,0.0,0.0,0.8535456072004736,power_equipment_and_energy_services
2025-05-30,688390,True,False,0.008139295281269318,0.005224426452005788,0.005535904913287989,0.005535304038148625,-0.002603991243120693,-1.1340098168049153,power_equipment_and_energy_services
2025-05-30,688472,True,False,0.020502781784463218,0.014718693671326522,0.015085987173568958,0.015084349718665497,-0.0054184320657977205,-0.9092832545495435,power_equipment_and_energy_services
2025-05-30,688567,True,False,0.009581702039975272,0.010776498770041035,0.009329520628706093,0.009328507989021023,-0.0002531940509542495,0.10734586462351467,battery_cells_and_systems
2025-05-30,688772,True,False,0.012260457449000615,0.010961135491306239,0.010195950334063794,0.010194843650843275,-0.0020656137981573397,-0.3325756285468523,battery_cells_and_systems
2025-05-30,688778,True,False,0.00906655676900886,0.009415465603676048,0.009990385351657598,0.009989300980758078,0.0009227442117492185,0.4119604850636034,battery_materials
2025-05-30,688779,True,False,0.00576962703482382,0.005144978521930852,0.004896747809224567,0.004896216309123249,-0.0008734107257005715,-0.3339445701526622,battery_materials
2025-05-30,688819,False,True,0.0,0.004003178216963422,0.0,0.0,0.0,0.16499937953661997,battery_cells_and_systems
2025-06-30,000009,True,False,0.020801623541349564,0.025762532329774292,0.024355000837798048,0.024352231969636838,0.003550608428287274,0.5906766926187113,battery_materials
2025-06-30,001301,True,False,0.010045662100456619,0.011042764033153733,0.010651757003752567,0.010650546028190504,0.000604883927733885,0.30747035737998274,battery_materials
2025-06-30,002050,True,False,0.0580416032470827,0.05780512327660248,0.059665291281613644,0.05965850806175423,0.001616904814671534,0.1592453480264102,industrial_equipment_and_components
2025-06-30,002074,True,False,0.025367833587011668,0.029510544415838377,0.02343319782914552,0.023430533758804623,-0.0019372998282070446,0.045996607905715955,battery_cells_and_systems
2025-06-30,002126,True,False,0.017148655504819886,0.014655349507165783,0.017103027636868717,0.017101083230091668,-4.757227472821854e-05,0.07280338594903094,industrial_equipment_and_components
2025-06-30,002335,True,False,0.010350076103500762,0.01045726641548699,0.010498413680726374,0.010497220138440034,0.00014714403493927206,0.06325684093699385,power_equipment_and_energy_services
2025-06-30,002340,True,False,0.036935565702688994,0.039596623779924234,0.04044498731702803,0.040440389212580884,0.00350482350989189,0.39942418612756947,battery_materials
2025-06-30,002407,True,False,0.015728056823947234,0.017230902833128045,0.017060068116578512,0.01705812859377781,0.0013300717698305764,0.3723572510401722,battery_materials
2025-06-30,002518,True,False,0.0057838660578386596,0.006296719281476335,0.006616622569003849,0.0066158703392795275,0.0008320042814408679,0.4069209311399311,power_equipment_and_energy_services
2025-06-30,002709,True,False,0.02902080162354135,0.029966317812956042,0.031082625312697443,0.031079091595241703,0.0020582899717003535,0.33619085861349285,battery_materials
2025-06-30,002812,True,False,0.020497209538305427,0.018257793596916774,0.018825408948763146,0.01882326872812398,-0.0016739408101814485,-0.10300165795672811,battery_materials
2025-06-30,002850,True,False,0.02039573820395738,0.023942226776087632,0.023398164734676923,0.023395504647173906,0.002999766443216527,0.47279165282419705,industrial_equipment_and_components
2025-06-30,300001,True,False,0.01796042617960426,0.019166653968424437,0.017059251116986106,0.017057311687068345,-0.0009031144925359148,-0.12448156756840267,power_equipment_and_energy_services
2025-06-30,300014,True,False,0.06352105530187722,0.05995280409187632,0.06316248531524268,0.06315530450684374,-0.0003657507950334815,0.2762488941007129,battery_cells_and_systems
2025-06-30,300037,True,False,0.021917808219178082,0.026760308244992075,0.024863907381700974,0.024861080657038924,0.0029432724378608416,0.5004241753938985,battery_materials
2025-06-30,300073,True,False,0.01796042617960426,0.020050047530413735,0.019475984013583646,0.0194737698304513,0.0015133436508470398,0.37154858532865676,battery_materials
2025-06-30,300207,True,False,0.036326737696600706,0.03635100048179891,0.03335487169280742,0.03335107964850134,-0.002975658048099364,0.03815936202077411,battery_cells_and_systems
2025-06-30,300274,True,False,0.10147133434804667,0.10075657657582207,0.09644784137597133,0.09643687642635043,-0.005034457921696239,-0.12246965949806783,power_equipment_and_energy_services
2025-06-30,300390,True,False,0.014814814814814814,0.013053139557020562,0.012451368632937457,0.012449953063363026,-0.0023648617514517873,-0.35647558436059656,battery_materials
2025-06-30,300432,True,False,0.012278031456113647,0.00936573070557861,0.012177507007904657,0.012176122573074962,-0.00010190888303868509,0.11659896144387116,battery_materials
2025-06-30,300438,True,False,0.010958904109589041,0.008108782998868195,0.007970572812795123,0.007969666655351938,-0.0029892374542371033,-0.6989176557338305,battery_cells_and_systems
2025-06-30,300450,True,False,0.024251648909183156,0.025757867486758283,0.02212183584281844,0.022119320858428146,-0.0021323280507550106,-0.18221139025238867,industrial_equipment_and_components
2025-06-30,300457,True,False,0.008219178082191782,0.009279182149669952,0.006326168734822453,0.0063254495261757795,-0.0018937285560160022,-0.6675141699920346,industrial_equipment_and_components
2025-06-30,300568,True,False,0.014408929477422627,0.014173249787358488,0.0121921256162002,0.012190739519412071,-0.002218189958010555,-0.3372203874617633,battery_materials
2025-06-30,300750,True,False,0.10776255707762555,0.11208262104272648,0.12,0.11998635745563886,0.012223800378013308,0.6596735886805483,battery_cells_and_systems
2025-06-30,300763,True,False,0.016032470826991375,0.018552679304976328,0.018126203403769945,0.01812414267431965,0.002091671847328277,0.37329171427415064,power_equipment_and_energy_services
2025-06-30,300769,True,False,0.009030948756976154,0.007096897239337769,0.006203347303396865,0.0062026420580570795,-0.0028283066989190746,-0.9329649023860653,battery_materials
2025-06-30,300827,True,False,0.010248604769152713,0.008874964790553795,0.0079134908647794,0.00791259119686128,-0.0023360135722914326,-0.7161799133680277,power_equipment_and_energy_services
2025-06-30,300919,True,False,0.018670725520040586,0.0182738533529503,0.018400378251408847,0.01839828635160421,-0.0002724391684363753,0.09841452527985378,battery_materials
2025-06-30,301238,True,False,0.003754439370877727,0.0039867032908540686,0.004024361010779589,0.0040239034897494655,0.0002694641188717385,0.33845100098637587,battery_materials
2025-06-30,301358,True,False,0.022526636225266364,0.016739024352766987,0.014929737061214591,0.014928039731213276,-0.0075985964940530875,-1.0351793201247443,battery_materials
2025-06-30,301487,True,False,0.004160324708269913,0.0028361549325183963,0.0025188488962488214,0.002518562533683771,-0.0016417621745861422,-1.293601247707431,battery_materials
2025-06-30,600549,True,False,0.018163368848300353,0.021988134310268356,0.021359865267435475,0.02135743690985665,0.003194068061556296,0.603250058370022,battery_materials
2025-06-30,600699,True,False,0.01704718417047184,0.01357694170663618,0.01629216806980004,0.01629031584791978,-0.0007568683225520623,-0.04901450323126656,industrial_equipment_and_components
2025-06-30,600995,True,False,0.0106544901065449,0.01452719593076586,0.015149022386238992,0.015147300126156225,0.004492810019611325,1.0281834017758618,power_equipment_and_energy_services
2025-06-30,603659,True,False,0.018772196854388638,0.024442919009138468,0.02091838117216851,0.020916003005975972,0.0021438061515873345,0.44937728344100997,battery_materials
2025-06-30,605117,True,False,0.023845763571790968,0.029781971723249544,0.03198725976031949,0.03198362319690056,0.008137859625109593,0.8618306191532705,power_equipment_and_energy_services
2025-06-30,688005,True,False,0.011770674784373414,0.01215732360054802,0.009637191958579485,0.009636096326756055,-0.0021345784576173588,-0.43128798729038037,battery_materials
2025-06-30,688006,True,False,0.00487062404870624,0.0,0.005067975865812794,0.005067399698433039,0.000196775649726799,0.1938996766760524,industrial_equipment_and_components
2025-06-30,688032,True,False,0.005885337392186707,0.004755666719146921,0.005001711992826885,0.005001143358845687,-0.0008841940333410197,-0.4422120528798217,power_equipment_and_energy_services
2025-06-30,688063,True,False,0.008016235413495687,0.006435202379713095,0.006720981137182229,0.006720217043154609,-0.0012960183703410785,-0.3104184667779177,battery_cells_and_systems
2025-06-30,688248,True,False,0.006291222729578894,0.0,0.007880053429177377,0.00787915756269008,0.001587934833111186,0.6659681113486616,power_equipment_and_energy_services
2025-06-30,688390,True,False,0.008016235413495687,0.005542248674771313,0.005417242176137071,0.005416626301414546,-0.0025996091120811414,-1.0970641441556959,power_equipment_and_energy_services
2025-06-30,688472,True,False,0.02019279553526129,0.014310700040755955,0.014635510278056199,0.014633846398071065,-0.005558949137190225,-0.8970442811588533,power_equipment_and_energy_services
2025-06-30,688567,True,False,0.009436834094368341,0.009738765490664282,0.009145057142204689,0.009144017460140126,-0.00029281663422821465,0.13319660953681312,battery_cells_and_systems
2025-06-30,688772,True,False,0.012075088787417552,0.010192971380359862,0.009333637320169405,0.009332576198826145,-0.0027425125885914073,-0.5111784015526044,battery_cells_and_systems
2025-06-30,688778,True,False,0.008929477422628108,0.011701584927463645,0.009387442833885163,0.009386375595507672,0.0004568981728795638,0.2829878082842297,battery_materials
2025-06-30,688779,True,False,0.005682394723490614,0.005105955648506435,0.004909822747972523,0.004909264560683818,-0.0007731301628067962,-0.2774406570201379,battery_materials
2025-06-30,688819,True,False,0.0039573820395738205,0.0,0.004301824858012431,0.0043013357927086035,0.000343953753134783,0.36723946181978795,battery_cells_and_systems
2025-07-31,000009,True,False,0.020801623541349564,0.024638308196450857,0.024771667588172324,0.02476979624071167,0.003968172699362105,0.5954704436735894,battery_materials
2025-07-31,001301,True,False,0.010045662100456619,0.010894698106441383,0.010369362803224931,0.010368579461502728,0.00032291736104610863,0.18702798355679695,battery_materials
2025-07-31,002050,True,False,0.0580416032470827,0.0590564049963021,0.060612104324054464,0.060607525451553936,0.002565922204471237,0.19975991353091027,industrial_equipment_and_components
2025-07-31,002074,True,False,0.025367833587011668,0.020897749413893107,0.024738561313897428,0.02473669246741262,-0.0006311411195990477,0.1393037868134216,battery_cells_and_systems
2025-07-31,002126,True,False,0.017148655504819886,0.02014499309444355,0.015113638713748897,0.01511249697109764,-0.0020361585337222467,-0.28497373131122183,industrial_equipment_and_components
2025-07-31,002335,True,False,0.010350076103500762,0.010259361455409857,0.010680817522560306,0.010680010652345478,0.0003299345488447167,0.14407955286913376,power_equipment_and_energy_services
2025-07-31,002340,True,False,0.036935565702688994,0.04097498342903303,0.03774728160652116,0.037744430031053766,0.0008088643283647723,0.1585247580132153,battery_materials
2025-07-31,002407,True,False,0.015728056823947234,0.01744265940388029,0.01667976019099007,0.016678500137472616,0.0009504433135253815,0.2642713520291513,battery_materials
2025-07-31,002518,True,False,0.0057838660578386596,0.006699470855481025,0.006449422051936858,0.0064489348376814346,0.000665068779842775,0.36540152487285676,power_equipment_and_energy_services
2025-07-31,002709,True,False,0.02902080162354135,0.03198790329206238,0.02994490965942579,0.02994264750527524,0.0009218458817338918,0.18597602368991506,battery_materials
2025-07-31,002812,True,False,0.020497209538305427,0.018767980321020627,0.018319134502359884,0.018317750604174173,-0.0021794589341312537,-0.22456432110030466,battery_materials
2025-07-31,002850,True,False,0.02039573820395738,0.02232863277491013,0.022329713700277625,0.022328026827446744,0.001932288623489365,0.33478195163910507,industrial_equipment_and_components
2025-07-31,300001,True,False,0.01796042617960426,0.015957497502492576,0.01760670453105561,0.01760537445258199,-0.00035505172702227084,-0.0026248133743355107,power_equipment_and_energy_services
2025-07-31,300014,True,False,0.06352105530187722,0.06026995462652636,0.06192645754776036,0.06192177938394007,-0.001599275917937154,0.13942388842005718,battery_cells_and_systems
2025-07-31,300037,True,False,0.021917808219178082,0.023540923223961605,0.025959340464396206,0.025957379395538598,0.004039571176360515,0.5799347094939175,battery_materials
2025-07-31,300073,True,False,0.01796042617960426,0.018077987494030424,0.020585636141701256,0.020584081023226387,0.0026236548436221266,0.48619398760474103,battery_materials
2025-07-31,300207,True,False,0.036326737696600706,0.035422088271552424,0.03255875620005907,0.032556296585843754,-0.0037704411107569516,-0.1014106776899969,battery_cells_and_systems
2025-07-31,300274,True,False,0.10147133434804667,0.10115373126432646,0.09972468999210707,0.09971715640379628,-0.0017541779442503957,0.00459796947794279,power_equipment_and_energy_services
2025-07-31,300390,True,False,0.014814814814814814,0.012852449535972685,0.012477825825794644,0.012476883202630884,-0.00233793161218393,-0.39408404669428243,battery_materials
2025-07-31,300432,True,False,0.012278031456113647,0.011524661986681912,0.010032688463336917,0.010031930555294895,-0.002246100900818752,-0.4806224771312864,battery_materials
2025-07-31,300438,True,False,0.010958904109589041,0.0073439868247986645,0.008455482977803795,0.008454844217956774,-0.0025040598916322675,-0.5330750736215818,battery_cells_and_systems
2025-07-31,300450,True,False,0.024251648909183156,0.022424734696794894,0.024786927626912758,0.02478505512664983,0.0005334062174666733,0.13832342032377104,industrial_equipment_and_components
2025-07-31,300457,True,False,0.008219178082191782,0.0055988123794895525,0.006959557386738312,0.006959031634889085,-0.0012601464473026968,-0.39935122677047463,industrial_equipment_and_components
2025-07-31,300568,True,False,0.014408929477422627,0.011096663535477332,0.013273907631568807,0.013272904869310237,-0.0011360246081123897,-0.13800774617474298,battery_materials
2025-07-31,300750,True,False,0.10776255707762555,0.12428499335839342,0.12,0.11999093473644924,0.012228377658823689,0.5227637817854438,battery_cells_and_systems
2025-07-31,300763,True,False,0.016032470826991375,0.017731611364521546,0.019058916576037272,0.019057476791855994,0.0030250059648646195,0.5482608570134222,power_equipment_and_energy_services
2025-07-31,300769,True,False,0.009030948756976154,0.006125646290668839,0.0068515865712572505,0.0068510689759405064,-0.0021798797810356476,-0.6926630227332276,battery_materials
2025-07-31,300827,True,False,0.010248604769152713,0.005855032586140855,0.00596240020391951,0.0059619497811758135,-0.0042866549879769,-1.4934174825737845,power_equipment_and_energy_services
2025-07-31,300919,True,False,0.018670725520040586,0.018645027670769344,0.018231331450686526,0.018229954185482514,-0.00044077133455807174,0.028371242748727543,battery_materials
2025-07-31,301238,True,False,0.003754439370877727,0.0037784539053058322,0.004320839346356131,0.0043205129334608385,0.0005660735625831114,0.4978738122648452,battery_materials
2025-07-31,301358,True,False,0.022526636225266364,0.014742995241762572,0.01584041647065029,0.01583921982439979,-0.006687416400866574,-0.9096818089846352,battery_materials
2025-07-31,301487,True,False,0.004160324708269913,0.002396560841326094,0.0028355328439043288,0.0028353186367998558,-0.0013250060714700574,-0.9989089284952679,battery_materials
2025-07-31,600549,True,False,0.018163368848300353,0.02340417929232815,0.019772148363746876,0.019770654699281194,0.0016072858509808413,0.33889303887710776,battery_materials
2025-07-31,600699,True,False,0.01704718417047184,0.016903987416439763,0.014849365888033553,0.014848244109572415,-0.002198940060899426,-0.318418484483862,industrial_equipment_and_components
2025-07-31,600995,True,False,0.0106544901065449,0.01538289679698881,0.014791591894237859,0.014790474480247388,0.004135984373702488,0.9915709515163692,power_equipment_and_energy_services
2025-07-31,603659,True,False,0.018772196854388638,0.019297626170091405,0.022360103877238434,0.02235841470861619,0.0035862178542275525,0.5961329691016182,battery_materials
2025-07-31,605117,True,False,0.023845763571790968,0.030641601477210817,0.028446821614218635,0.028444672631426016,0.004598909059635049,0.5582920029217311,power_equipment_and_energy_services
2025-07-31,688005,True,False,0.011770674784373414,0.00950933663695212,0.010663702442860074,0.010662896865584479,-0.0011077779187889346,-0.18577268923737028,battery_materials
2025-07-31,688006,True,False,0.00487062404870624,0.005128697761224953,0.005323324526647378,0.005322922382149042,0.0004522983334428023,0.3298781570717737,industrial_equipment_and_components
2025-07-31,688032,True,False,0.005885337392186707,0.0050577182873143,0.005450116723682139,0.005449705000811452,-0.00043563239137525515,-0.1652991590249162,power_equipment_and_energy_services
2025-07-31,688063,True,False,0.008016235413495687,0.006310995428659885,0.006931314172919766,0.0069307905546720115,-0.0010854448588236759,-0.20866023400802705,battery_cells_and_systems
2025-07-31,688248,True,False,0.006291222729578894,0.00821748927020409,0.007501878931407926,0.007501312210494267,0.0012100894809153736,0.5570583067813907,power_equipment_and_energy_services
2025-07-31,688390,True,False,0.008016235413495687,0.0051434577899556145,0.006177796358907942,0.006177329664306638,-0.0018389057491890494,-0.6900998335059362,power_equipment_and_energy_services
2025-07-31,688472,True,False,0.02019279553526129,0.014245549811118946,0.014881466633921914,0.014880342430446428,-0.005312453104814862,-0.8178198769738735,power_equipment_and_energy_services
2025-07-31,688567,True,False,0.009436834094368341,0.00999903951353856,0.009273089909359022,0.009272389384326039,-0.00016444471004230243,0.15830378183846172,battery_cells_and_systems
2025-07-31,688772,True,False,0.012075088787417552,0.008704559208454974,0.009240344588727271,0.009239646537402299,-0.002835442250015254,-0.5561731936689703,battery_cells_and_systems
2025-07-31,688778,True,False,0.008929477422628108,0.009868068350434488,0.009822366841939333,0.009821624822405046,0.0008921473997769384,0.36871249036606,battery_materials
2025-07-31,688779,True,False,0.005682394723490614,0.005051778672726305,0.005010573605903294,0.005010195087817644,-0.00067219963567297,-0.2630777708685695,battery_materials
2025-07-31,688819,True,False,0.0039573820395738205,0.004216060176035029,0.004298621397032775,0.004298296662567199,0.00034091462299337856,0.43952394013119134,battery_cells_and_systems
